# Passwords staff may not use. Built from SecLists (MIT licence, see docs/THIRD_PARTY_LICENSES.md):
# 10k-most-common.txt in full, plus every entry of 8+ characters from
# 100k-most-used-passwords-NCSC.txt, lowercased, plus a few words a guess at SheOut starts with.
# StaffPasswords also refuses one of these with digits or symbols added at the end.
# Entries that look like an email address or a phone number were removed: a
# breach list can contain real people's details, and this repository must not.
!qaz1qaz
!qaz2wsx
!qazxsw2
!qazzaq1
#1babygirl
#1baller
#1hottie
#1player
#1princess
#1stunna
#1stunner
$hex[687474703a2f2f616473]
$hex[687474703a2f2f777777]
&#2354189:
&#2354189;
&amp
&amp;
&hearts:
****
*****
******
********
*********
**********
-deleted-
........
..........
.adgjmpt
.adgjmptw
/.,mnbvcxz
0.0.0.000
0.0.000
0.00000000
0.123456
0000
00000
000000
00000000
000000000
0000000000
00000000000
000000000000
000000000000000
00000000000000000000
00000000001
0000000000o
0000000001
00000000a
00000001
00000007
00000008
0000000a
0000007
000000aa
000001
0000011111
000007
00001111
00001234
00009999
0000aaaa
0000oooo
0001
000111222
0007
00070007
000999888
000webhost
000webhost.com
001002003
00110011
00112233
0011223344
00114477
00123456
00123456789
001579238
0069
007007
007007007
007008009
007bond
007james
008hotboy
00990099
00998877
0099887766
009d9cc2
0101
010101
01010101
0101010101
01011900
01011910
01011959
01011960
01011961
01011962
01011963
01011964
01011965
01011966
01011967
01011968
01011969
01011970
01011971
01011972
01011973
01011974
01011975
01011976
01011977
01011978
01011979
01011980
01011981
01011982
01011983
01011984
01011985
01011986
01011987
01011988
01011989
01011990
01011991
01011992
01011993
01011994
01011995
01011996
01011997
01011998
01011999
01012000
01012001
01012005
01012006
01012007
01012008
01012009
01012010
01012011
01020102
010203
010203010203
01020304
0102030405
010203040506
010203040506070809
01021973
01021974
01021975
01021976
01021977
01021978
01021979
01021980
01021981
01021982
01021983
01021984
01021985
01021986
01021987
01021988
01021989
01021990
01021991
01021992
01021993
01021994
01021995
01021996
01021997
01031972
01031975
01031976
01031977
01031978
01031979
01031980
01031981
01031982
01031983
01031984
01031985
01031986
01031987
01031988
01031989
01031990
01031991
01031992
01031993
01031994
01031995
01031996
01041975
01041976
01041977
01041978
01041979
01041980
01041981
01041982
01041983
01041984
01041985
01041986
01041987
01041988
01041989
01041990
01041991
01041992
01041993
01041994
01041995
01041996
01051976
01051977
01051978
01051979
01051980
01051981
01051982
01051983
01051984
01051985
01051986
01051987
01051988
01051989
01051990
01051991
01051992
01051993
01051994
01051995
01051996
01061975
01061976
01061977
01061978
01061979
01061980
01061981
01061982
01061983
01061984
01061985
01061986
01061987
01061988
01061989
01061990
01061991
01061992
01061993
01061994
01061995
01061996
01071975
01071976
01071977
01071978
01071979
01071980
01071981
01071982
01071983
01071984
01071985
01071986
01071987
01071988
01071989
01071990
01071991
01071992
01071993
01071994
01071995
01081977
01081978
01081979
01081980
01081981
01081982
01081983
01081984
01081985
01081986
01081987
01081988
01081989
01081990
01081991
01081992
01081993
01081994
01081995
01081996
01091976
01091977
01091978
01091979
01091980
01091981
01091982
01091983
01091984
01091985
01091986
01091987
01091988
01091989
01091990
01091991
01091992
01091993
01091994
01091995
01091996
01092000
01092006
01092007
01092008
01092009
01100110
01101977
01101978
01101979
01101980
01101981
01101982
01101983
01101984
01101985
01101986
01101987
01101988
01101989
01101990
01101991
01101992
01101993
01101994
01101995
01111980
01111981
01111982
01111983
01111984
01111985
01111986
01111987
01111988
01111989
01111990
01111991
01111992
011151zangetsu
01121978
01121979
01121980
01121981
01121982
01121983
01121984
01121985
01121986
01121987
01121988
01121989
01121990
01121991
01121992
01121993
01121994
01121995
011235813
01200120
012012012
0123
01230123
01233210
012345
0123456
01234560
01234561
01234567
012345678
0123456789
01234567890
01234567891
012345678910
0123456789a
0123456a
0123654789
0123698745
01470147
01470258
014702580369
0147258369
01477410
01478520
0147852369
01478963
0147896325
0192837465
02011975
02011977
02011978
02011979
02011980
02011981
02011982
02011983
02011984
02011985
02011986
02011987
02011988
02011989
02011990
02011991
02011992
02011993
02011995
020202
02020202
02021970
02021972
02021973
02021974
02021975
02021976
02021977
02021978
02021979
02021980
02021981
02021982
02021983
02021984
02021985
02021986
02021987
02021988
02021989
02021990
02021991
02021992
02021993
02021994
02021995
02021996
02022002
02030203
02031974
02031975
02031976
02031977
02031978
02031979
02031980
02031981
02031982
02031983
02031984
02031985
02031986
02031987
02031988
02031989
02031990
02031991
02031992
02031993
02031994
02031995
02031996
02040204
02041971
02041973
02041974
02041975
02041976
02041977
02041978
02041979
02041980
02041981
02041982
02041983
02041984
02041985
02041986
02041987
02041988
02041989
02041990
02041991
02041992
02041993
02041994
02041995
02041996
02051972
02051974
02051975
02051976
02051977
02051978
02051979
02051980
02051981
02051982
02051983
02051984
02051985
02051986
02051987
02051988
02051989
02051990
02051991
02051992
02051993
02051994
02051995
02051996
02061972
02061974
02061975
02061976
02061977
02061978
02061979
02061980
02061981
02061982
02061983
02061984
02061985
02061986
02061987
02061988
02061989
02061990
02061991
02061992
02061993
02061994
02061995
02061996
02071975
02071976
02071977
02071978
02071979
02071980
02071981
02071982
02071983
02071984
02071985
02071986
02071987
02071988
02071989
02071990
02071991
02071992
02071993
02071994
02071995
02071996
02081973
02081974
02081975
02081976
02081977
02081978
02081979
02081980
02081981
02081982
02081983
02081984
02081985
02081986
02081987
02081988
02081989
02081990
02081991
02081992
02081993
02081994
02081995
02081996
02091974
02091975
02091976
02091977
02091978
02091979
02091980
02091981
02091982
02091983
02091984
02091985
02091986
02091987
02091988
02091989
02091990
02091991
02091992
02091993
02091994
02091995
0210-605
02101976
02101977
02101978
02101979
02101980
02101981
02101982
02101983
02101984
02101985
02101986
02101987
02101988
02101989
02101990
02101991
02101992
02101993
02101994
02101995
02101996
02111980
02111981
02111982
02111983
02111984
02111985
02111986
02111987
02111988
02111989
02111990
02111991
02111992
02111993
02120212
02121977
02121978
02121979
02121980
02121981
02121982
02121983
02121984
02121985
02121986
02121987
02121988
02121989
02121990
02121991
02121992
02121993
02121994
0246813579
02580258
02588520
0277127298
03011980
03011981
03011982
03011983
03011984
03011985
03011986
03011987
03011988
03011989
03011990
03011991
03011992
03011993
03011994
03011995
03021977
03021980
03021981
03021982
03021983
03021984
03021985
03021986
03021987
03021988
03021989
03021990
03021991
03021992
03021993
03021994
03021995
030303
03030303
03031976
03031977
03031978
03031979
03031980
03031981
03031982
03031983
03031984
03031985
03031986
03031987
03031988
03031989
03031990
03031991
03031992
03031993
03031994
03031995
03031996
03031997
03031998
03041975
03041976
03041977
03041978
03041979
03041980
03041981
03041982
03041983
03041984
03041985
03041986
03041987
03041988
03041989
03041990
03041991
03041992
03041993
03041994
03041995
03041996
03051979
03051980
03051981
03051982
03051983
03051984
03051985
03051986
03051987
03051988
03051989
03051990
03051991
03051992
03051993
03051994
03051995
03051996
03061978
03061979
03061980
03061981
03061982
03061983
03061984
03061985
03061986
03061987
03061988
03061989
03061990
03061991
03061992
03061993
03061994
03061995
03061996
03071977
03071978
03071979
03071980
03071981
03071982
03071983
03071984
03071985
03071986
03071987
03071988
03071989
03071990
03071991
03071992
03071993
03071994
03071995
03071996
03081977
03081978
03081979
03081980
03081981
03081982
03081983
03081984
03081985
03081986
03081987
03081988
03081989
03081990
03081991
03081992
03081993
03081994
03081995
03082006
03091977
03091979
03091980
03091981
03091982
03091983
03091984
03091985
03091986
03091987
03091988
03091989
03091990
03091991
03091992
03091993
03091994
03101978
03101979
03101980
03101981
03101982
03101983
03101984
03101985
03101986
03101987
03101988
03101989
03101990
03101991
03101992
03101993
03101994
03101995
03101996
0311
03110311
03111976
03111980
03111981
03111982
03111983
03111984
03111985
03111986
03111987
03111988
03111989
03111990
03111991
03111992
03111993
03120312
03121976
03121979
03121980
03121981
03121982
03121983
03121984
03121985
03121986
03121987
03121988
03121989
03121990
03121991
03121992
03121993
03121994
03121995
03121996
03210321
0321654987
04011980
04011981
04011982
04011983
04011984
04011985
04011986
04011987
04011988
04011989
04011990
04011991
04011992
04011993
04011994
04021980
04021981
04021982
04021983
04021984
04021985
04021986
04021987
04021988
04021989
04021990
04021991
04021992
04021993
04021994
04022000
04031980
04031981
04031982
04031983
04031984
04031985
04031986
04031987
04031988
04031989
04031990
04031991
04031992
04031993
04031994
04040404
04041974
04041975
04041977
04041978
04041979
04041980
04041981
04041982
04041983
04041984
04041985
04041986
04041987
04041988
04041989
04041990
04041991
04041992
04041993
04041994
04041995
04041996
04041997
04051977
04051978
04051979
04051980
04051981
04051982
04051983
04051984
04051985
04051986
04051987
04051988
04051989
04051990
04051991
04051992
04051993
04051994
04051995
04051996
04061977
04061978
04061980
04061981
04061982
04061983
04061984
04061985
04061986
04061987
04061988
04061989
04061990
04061991
04061992
04061993
04061994
04061995
04061996
04071979
04071980
04071981
04071982
04071983
04071984
04071985
04071986
04071987
04071988
04071989
04071990
04071991
04071992
04071993
04071994
04071995
04071996
04081978
04081979
04081980
04081981
04081982
04081983
04081984
04081985
04081986
04081987
04081988
04081989
04081990
04081991
04081992
04081993
04081994
04081995
04091979
04091980
04091981
04091982
04091983
04091984
04091985
04091986
04091987
04091988
04091989
04091990
04091991
04091992
04091993
04091994
04101980
04101981
04101982
04101983
04101984
04101985
04101986
04101987
04101988
04101989
04101990
04101991
04101992
04101993
04101994
04111980
04111982
04111983
04111984
04111985
04111986
04111987
04111988
04111989
04111990
04111991
04111992
04111993
04120412
04121977
04121980
04121981
04121982
04121983
04121984
04121985
04121986
04121987
04121988
04121989
04121990
04121991
04121992
04121993
04121994
0420
04200420
05011980
05011981
05011982
05011983
05011984
05011985
05011986
05011987
05011988
05011989
05011990
05011991
05011992
05011993
05011994
05021978
05021979
05021980
05021981
05021982
05021983
05021984
05021985
05021986
05021987
05021988
05021989
05021990
05021991
05021992
05021993
05021994
05021995
05021996
05031980
05031981
05031982
05031983
05031984
05031985
05031986
05031987
05031988
05031989
05031990
05031991
05031992
05031993
05031994
05031996
05041977
05041979
05041980
05041981
05041982
05041983
05041984
05041985
05041986
05041987
05041988
05041989
05041990
05041991
05041992
05041993
05041994
05041995
050505
05050505
05051971
05051975
05051976
05051977
05051978
05051979
05051980
05051981
05051982
05051983
05051984
05051985
05051986
05051987
05051988
05051989
05051990
05051991
05051992
05051993
05051994
05051995
05051996
05051997
05052005
05061978
05061979
05061980
05061981
05061982
05061983
05061984
05061985
05061986
05061987
05061988
05061989
05061990
05061991
05061992
05061993
05061994
05061995
05061996
05071977
05071978
05071979
05071980
05071981
05071982
05071983
05071984
05071985
05071986
05071987
05071988
05071989
05071990
05071991
05071992
05071993
05071994
05071995
05071996
05081979
05081980
05081980bija
05081981
05081982
05081983
05081984
05081985
05081986
05081987
05081988
05081989
05081990
05081991
05081992
05081993
05081994
05081995
05091978
05091979
05091980
05091981
05091982
05091983
05091984
05091985
05091986
05091987
05091988
05091989
05091990
05091991
05091992
05091993
05091994
05091995
05101978
05101979
05101980
05101981
05101982
05101983
05101984
05101985
05101986
05101987
05101988
05101989
05101990
05101991
05101992
05101993
05101994
05101995
05111980
05111981
05111982
05111983
05111984
05111985
05111986
05111987
05111988
05111989
05111990
05111991
05111992
05111993
05121978
05121980
05121981
05121982
05121983
05121984
05121985
05121986
05121987
05121988
05121989
05121990
05121991
05121992
05121993
05121994
05121995
05200520
0523213511
055001984
05mustang
06011980
06011981
06011982
06011983
06011984
06011985
06011986
06011987
06011988
06011989
06011990
06011991
06011992
06011993
06011994
06011995
06021979
06021980
06021981
06021982
06021983
06021984
06021985
06021986
06021987
06021988
06021989
06021990
06021991
06021992
06021993
06021994
06021996
06031978
06031981
06031982
06031983
06031984
06031985
06031986
06031987
06031988
06031989
06031990
06031991
06031992
06031993
06031994
06031996
06041979
06041980
06041981
06041982
06041983
06041984
06041985
06041986
06041987
06041988
06041989
06041990
06041991
06041992
06041993
06041994
06041995
06051980
06051981
06051982
06051983
06051984
06051985
06051986
06051987
06051988
06051989
06051990
06051991
06051992
06051993
06051994
06051995
06060606
06061975
06061976
06061977
06061978
06061979
06061980
06061981
06061982
06061983
06061984
06061985
06061986
06061987
06061988
06061989
06061990
06061991
06061992
06061993
06061994
06061995
06061996
06062006
06071978
06071979
06071980
06071981
06071982
06071983
06071984
06071985
06071986
06071987
06071988
06071989
06071990
06071991
06071992
06071993
06071994
06071995
06071996
06081977
06081979
06081980
06081981
06081982
06081983
06081984
06081985
06081986
06081987
06081988
06081989
06081990
06081991
06081992
06081993
06081994
06091979
06091980
06091981
06091982
06091983
06091984
06091985
06091986
06091987
06091988
06091989
06091990
06091991
06091992
06091993
06091994
06091995
06101978
06101979
06101980
06101981
06101982
06101983
06101984
06101985
06101986
06101987
06101988
06101989
06101990
06101991
06101992
06101993
06101994
06111980
06111981
06111982
06111983
06111984
06111985
06111986
06111987
06111988
06111989
06111990
06111991
06111992
06121978
06121979
06121980
06121981
06121982
06121983
06121984
06121985
06121986
06121987
06121988
06121989
06121990
06121991
06121992
06121993
06121994
06121995
063dyjuy
0660
0676135313
07011980
07011981
07011982
07011983
07011984
07011985
07011986
07011987
07011988
07011989
07011990
07011991
07011992
07011993
07011994
07021980
07021981
07021982
07021983
07021984
07021985
07021986
07021987
07021988
07021989
07021990
07021991
07021992
07021993
07021994
07021995
07031980
07031981
07031982
07031983
07031984
07031985
07031986
07031987
07031988
07031989
07031990
07031991
07031992
07031993
07031995
07041978
07041979
07041980
07041981
07041982
07041983
07041984
07041985
07041986
07041987
07041988
07041989
07041990
07041991
07041992
07041993
07041994
07041995
070462
07051979
07051980
07051981
07051982
07051983
07051984
07051985
07051986
07051987
07051988
07051989
07051990
07051991
07051992
07051993
07051994
07051995
07061978
07061980
07061981
07061982
07061983
07061984
07061985
07061985nina
07061986
07061987
07061988
07061989
07061990
07061991
07061992
07061993
07061994
07061995
07070707
07071976
07071977
07071978
07071979
07071980
07071981
07071982
07071983
07071984
07071985
07071986
07071987
07071988
07071989
07071990
07071991
07071992
07071993
07071994
07071995
07071997
07071998
07072007
07081978
07081979
07081980
07081981
07081982
07081983
07081984
07081985
07081986
07081987
07081988
07081989
07081990
07081991
07081992
07081993
07081994
07091980
07091981
07091982
07091983
07091984
07091985
07091986
07091987
07091988
07091989
07091990
07091991
07091992
07091993
07091994
07091995
07101962
07101980
07101981
07101982
07101983
07101984
07101985
07101986
07101987
07101988
07101989
07101990
07101991
07101992
07101993
07101994
07101995
07111980
07111981
07111982
07111983
07111984
07111985
07111986
07111987
07111988
07111989
07111990
07111991
07111992
07111993
07121979
07121980
07121981
07121982
07121983
07121984
07121985
07121986
07121987
07121988
07121989
07121990
07121991
07121992
07121993
07121994
07831505
07860786
08011981
08011982
08011983
08011984
08011985
08011986
08011987
08011988
08011989
08011990
08011991
08011992
08011993
08011994
08021980
08021981
08021982
08021983
08021984
08021985
08021986
08021987
08021988
08021989
08021990
08021991
08021992
08021993
08021994
08021995
08031977
08031978
08031979
08031980
08031981
08031982
08031983
08031984
08031985
08031986
08031987
08031988
08031989
08031990
08031991
08031992
08031993
08031994
08031996
08041978
08041980
08041981
08041982
08041983
08041984
08041985
08041986
08041987
08041988
08041989
08041990
08041991
08041992
08041993
08041994
08051980
08051981
08051982
08051983
08051984
08051985
08051986
08051987
08051988
08051989
08051990
08051991
08051992
08051993
08051994
08061977
08061979
08061980
08061981
08061982
08061983
08061984
08061985
08061986
08061987
08061988
08061989
08061990
08061991
08061992
08061993
08061994
08061995
08071980
08071981
08071982
08071983
08071984
08071985
08071986
08071987
08071988
08071989
08071990
08071991
08071992
08071993
08071994
08080808
08081973
08081974
08081976
08081977
08081978
08081979
08081980
08081981
08081982
08081983
08081984
08081985
08081986
08081987
08081988
08081989
08081990
08081991
08081992
08081993
08081994
08081995
08081996
08081998
08082008
08090809
08091977
08091979
08091980
08091981
08091982
08091983
08091984
08091985
08091986
08091987
08091988
08091989
08091990
08091991
08091992
08091993
08091994
08091995
08101980
08101981
08101982
08101983
08101984
08101985
08101986
08101987
08101988
08101989
08101990
08101991
08101992
08101993
08111982
08111983
08111984
08111985
08111986
08111987
08111988
08111989
08111990
08111991
08111992
08111993
08121979
08121980
08121981
08121982
08121983
08121984
08121985
08121986
08121987
08121988
08121989
08121990
08121991
08121992
08121993
08121994
08121995
0815
08150815
08154711
08520852
08522580
085tzzqi
090078601
09011982
09011983
09011984
09011985
09011986
09011987
09011988
09011989
09011990
09011991
09011992
09011993
09021977
09021978
09021980
09021981
09021982
09021983
09021984
09021985
09021986
09021987
09021988
09021989
09021990
09021991
09021992
09021993
09021994
09021995
09031980
09031981
09031982
09031983
09031984
09031985
09031986
09031987
09031988
09031989
09031990
09031991
09031992
09031993
09031994
09031995
09041977
09041979
09041980
09041981
09041982
09041983
09041984
09041985
09041986
09041987
09041988
09041989
09041990
09041991
09041992
09041993
09041994
09051945
09051978
09051979
09051980
09051981
09051982
09051983
09051984
09051985
09051986
09051987
09051988
09051989
09051990
09051991
09051992
09051993
09051994
09051995
09061976
09061980
09061981
09061982
09061983
09061984
09061985
09061986
09061987
09061988
09061989
09061990
09061991
09061992
09061993
09061994
09061995
09071980
09071981
09071982
09071983
09071984
09071985
09071986
09071987
09071988
09071989
09071990
09071991
09071992
09071993
09071994
09080706
0908070605
09081980
09081981
09081982
09081983
09081984
09081985
09081986
09081987
09081988
09081989
09081990
09081991
09081992
09081993
09081994
090909
09090909
0909090909
09091088
09091977
09091978
09091979
09091980
09091981
09091982
09091983
09091984
09091985
09091986
09091987
09091988
09091989
09091990
09091991
09091992
09091993
09091994
09091995
09091999
09092009
09101980
09101981
09101982
09101983
09101984
09101985
09101986
09101987
09101988
09101989
09101990
09101991
09101992
09101993
0911
09110911
09111980
09111981
09111982
09111983
09111984
09111985
09111986
09111987
09111988
09111989
09111990
09111991
09111992
09111993
09120912
09121980
09121981
09121982
09121983
09121984
09121985
09121986
09121987
09121988
09121989
09121990
09121991
09121992
09121993
09121994
09123456
0912345678
09123456789
0931541082
098098098
0987
09870987
0987612345
098765
09876543
098765432
0987654321
09876543210
09876543211
0987654321a
0987654321q
0987654321z
09877890
0987poiu
0blivion
0cdh0v99ue
0icotpd785
0lhhnw3v
0o0o0o0o
0o9i8u7y
0o9i8u7y6t
0okm9ijn
0okmnji9
0p9o8i7u
0p9o8i7u6y
0password
0r968ji9ufj6
1,00001e+14
1,00002e+14
1.23457e
1.23457e+11
1000
100000
10000000
1000000000
10001000
10002000
1001
100100
100100100
10011001
10011975
10011976
10011977
10011978
10011979
10011980
10011981
10011982
10011983
10011984
10011985
10011986
10011987
10011988
10011989
10011990
10011991
10011992
10011993
10011994
10011995
10011996
10011997
1001wdst
1002
100200300
10021002
10021976
10021977
10021978
10021979
10021980
10021981
10021982
10021983
10021984
10021985
10021986
10021987
10021988
10021989
10021990
10021991
10021992
10021993
10021994
10021995
10021996
10021997
1003
10031003
10031977
10031978
10031979
10031980
10031981
10031982
10031983
10031984
10031985
10031986
10031987
10031988
10031989
10031990
10031991
10031992
10031993
10031994
10031995
1004
10041004
10041974
10041977
10041978
10041979
10041980
10041981
10041982
10041983
10041984
10041985
10041986
10041987
10041988
10041989
10041990
10041991
10041992
10041993
10041994
10041995
10041996
10041997
1005
10051005
10051976
10051977
10051978
10051979
10051980
10051981
10051982
10051983
10051984
10051985
10051986
10051987
10051988
10051989
10051990
10051991
10051992
10051993
10051994
10051995
10051996
10061006
10061976
10061977
10061978
10061979
10061980
10061981
10061982
10061983
10061984
10061985
10061986
10061987
10061988
10061989
10061990
10061991
10061992
10061993
10061994
10061995
10061996
1007
10071007
10071977
10071978
10071979
10071980
10071981
10071982
10071983
10071984
10071985
10071986
10071987
10071988
10071989
10071990
10071991
10071992
10071993
10071994
10071995
10071996
1008
10081008
10081975
10081976
10081977
10081978
10081979
10081980
10081981
10081982
10081983
10081984
10081985
10081986
10081987
10081988
10081989
10081990
10081991
10081992
10081993
10081994
10081995
100827092
1009
10091009
10091977
10091978
10091979
10091980
10091981
10091982
10091983
10091984
10091985
10091986
10091987
10091988
10091989
10091990
10091991
10091992
10091993
10091994
10091995
100dollars
100grand
100million
100percent
100proof
100years
1010
101010
10101010
1010101010
10101968
10101970
10101972
10101973
10101974
10101975
10101976
10101977
10101978
10101979
10101980
10101981
10101982
10101983
10101984
10101985
10101986
10101987
10101988
10101989
10101990
10101991
10101992
10101993
10101994
10101995
10101996
10101997
10101998
10102000
10102008
10102010
10102020
1011
10111011
10111213
10111975
10111976
10111977
10111978
10111979
10111980
10111981
10111982
10111983
10111984
10111985
10111986
10111987
10111988
10111989
10111990
10111991
10111992
10111993
10111994
10111995
1012
10121012
10121972
10121974
10121975
10121976
10121977
10121978
10121979
10121980
10121981
10121982
10121983
10121984
10121985
10121986
10121987
10121988
10121989
10121990
10121991
10121992
10121993
10121994
10121995
10121996
10121997
1013
10131013
1014
10141014
1015
10151015
1016
10161016
1017
10171017
1018
10181018
1019
10191019
1020
10200718
10201020
102030
102030102030
10203040
1020304050
102030405060
102030405060708090
1021
102102102
10211021
1022
10221022
1023
10231023
1024
10241024
1025
10251025
1026
10261026
1027
10271027
1028
10281028
1029
10291029
102938
10293847
1029384756
1029384756a
1029384756q
1030
10301030
1031
10311031
10401040
1066
10661066
10711071
10971199
1098765432
10987654321
10fingers
10inches
10million
10qpalzm
11-05-1992
11001001
11001100
1101
110110110
110110jp
11011101
110119120
11011977
11011978
11011979
11011980
11011981
11011982
11011983
11011984
11011985
11011986
11011987
11011988
11011989
11011990
11011991
11011992
11011993
11011994
11011995
11011996
110120119
110120130
1102
11021102
11021977
11021978
11021979
11021980
11021981
11021982
11021983
11021984
11021985
11021986
11021987
11021988
11021989
11021990
11021991
11021992
11021993
11021994
11021995
11021996
11021997
11021998
1103
11031103
11031975
11031977
11031978
11031979
11031980
11031981
11031982
11031983
11031984
11031985
11031986
11031987
11031988
11031989
11031990
11031991
11031992
11031993
11031994
11031995
11031996
11031997
110331rahili
1104
11041104
11041976
11041978
11041979
11041980
11041981
11041982
11041983
11041984
11041985
11041986
11041987
11041988
11041989
11041990
11041991
11041992
11041993
11041994
11041995
11041996
11041997
11051105
11051976
11051977
11051978
11051979
11051980
11051981
11051982
11051983
11051984
11051985
11051986
11051987
11051988
11051989
11051990
11051991
11051992
11051993
11051994
11051995
11051996
11061106
11061976
11061978
11061979
11061980
11061981
11061982
11061983
11061984
11061985
11061986
11061987
11061988
11061989
11061990
11061991
11061992
11061993
11061994
11061995
11061996
1107
11071107
11071977
11071978
11071979
11071980
11071981
11071982
11071983
11071984
11071985
11071986
11071987
11071988
11071989
11071990
11071991
11071992
11071993
11071994
11071995
11071996
11081108
11081976
11081977
11081978
11081979
11081980
11081981
11081982
11081983
11081984
11081985
11081986
11081987
11081988
11081989
11081990
11081991
11081992
11081993
11081994
11081995
11091109
11091978
11091979
11091980
11091981
11091982
11091983
11091984
11091985
11091986
11091987
11091988
11091989
11091990
11091991
11091992
11091993
11091994
11091995
11091996
11092001
11101976
11101978
11101979
11101980
11101981
11101982
11101983
11101984
11101985
11101986
11101987
11101988
11101989
11101990
11101991
11101992
11101993
11101994
11101995
1111
11110000
11111
111111
1111111
11111111
111111111
1111111111
11111111111
111111111111
1111111111111
11111111111111
111111111111111
11111111111111111111
1111111111a
1111111111q
111111111a
111111111q
11111111a
11111111q
11111112
11111118
1111111a
1111111q
111111aa
111111aaa
111111prof_root2.sql.txt:,
111111prof_root3.sql.txt:,
111111qq
1111122222
11111974
11111975
11111976
11111977
11111978
11111979
11111980
11111981
11111982
11111983
11111984
11111985
11111986
11111987
11111988
11111989
11111990
11111991
11111992
11111993
11111994
11111995
11111aaaaa
11111qqqqq
11112011
11112222
111122223333
11113333
11114444
11119999
1111aaaa
1111qqqq
1112
11121112
11121314
1112131415
11121974
11121975
11121976
11121977
11121978
11121979
11121980
11121981
11121982
11121983
11121984
11121985
11121986
11121987
11121988
11121989
11121990
11121991
11121992
11121993
11121994
11121995
11121996
11121997
111222
11122233
111222333
111222333444
111222333444555
111222333a
111222333q
111222tianya
1113
11131113
1114
1115
111555999
1117
111qqq111
111zabavina
1120
11201120
1121
11211121
112112112
1122
112211
11221122
112233
11223300
11223311
112233112233
112233123
11223343
11223344
112233445
1122334455
112233445566
11223344556677
1122334455667788
112233445566778899
11223344556677889900
11223344a
11223344q
11223345
11223355
11223366
112233aa
112233qq
11223456
1122qqww
1123
11231123
1123456789
112358
11235813
1123581321
112358132134
1124
11241124
1125
11251125
1126
11261126
1127
11271127
1128
11281128
1129
11291129
1130
11301130
11331133
11335577
1133557799
1134
11341134
1138
11441144
11551155
11794591
11921192
11922960
119872653
11991199
11aa22bb
11eleven
11november
11qq11qq
11qq22ww
11qqaazz
1200
12001200
1200nerds
1201
12011201
12011976
12011977
12011978
12011979
12011980
12011981
12011982
12011983
12011984
12011985
12011986
12011987
12011988
12011989
12011990
12011991
12011992
12011993
12011994
12011995
12011996
120120120
1202
12021202
12021974
12021975
12021976
12021977
12021978
12021979
12021980
12021981
12021982
12021983
12021984
12021985
12021986
12021987
12021988
12021989
12021990
12021991
12021992
12021993
12021994
12021995
12021996
12021997
12031203
12031976
12031977
12031978
12031979
12031980
12031981
12031982
12031983
12031984
12031985
12031986
12031987
12031988
12031989
12031990
12031991
12031992
12031993
12031994
12031995
12031996
12031997
1204
12041204
12041961
12041976
12041977
12041978
12041979
12041980
12041981
12041982
12041983
12041984
12041985
12041986
12041987
12041988
12041989
12041990
12041991
12041992
12041993
12041994
12041995
12041996
1205
12051205
12051976
12051977
12051978
12051979
12051980
12051981
12051982
12051983
12051984
12051985
12051986
12051987
12051988
12051989
12051990
12051991
12051992
12051993
12051994
12051995
12051996
12051997
12061206
12061976
12061977
12061978
12061979
12061980
12061981
12061982
12061983
12061984
12061985
12061986
12061987
12061988
12061989
12061990
12061991
12061992
12061993
12061994
12061995
12061996
12061997
120676
1207
12071207
12071976
12071977
12071978
12071979
12071980
12071981
12071982
12071983
12071984
12071985
12071986
12071987
12071988
12071989
12071990
12071991
12071992
12071993
12071994
12071995
12071996
1208
12081208
12081975
12081976
12081977
12081978
12081979
12081980
12081981
12081982
12081983
12081984
12081985
12081986
12081987
12081988
12081989
12081990
12081991
12081992
12081993
12081994
12081995
12081996
1209
12091209
12091976
12091977
12091978
12091979
12091980
12091981
12091982
12091983
12091984
12091985
12091986
12091987
12091988
12091989
12091990
12091991
12091992
12091993
12091994
12091995
12091996
1210
12101210
12101961
12101974
12101975
12101976
12101977
12101978
12101979
12101980
12101981
12101982
12101983
12101984
12101985
12101986
12101987
12101988
12101989
12101990
12101991
12101992
12101993
12101994
12101995
12101996
1211
1211109032
12111211
1211123a
12111977
12111978
12111979
12111980
12111981
12111982
12111983
12111984
12111985
12111986
12111987
12111988
12111989
12111990
12111991
12111992
12111993
12111994
12111995
1212
121212
12121212
1212121212
121212121212
12121212a
121212qw
12121313
12121970
12121972
12121973
12121974
12121975
12121976
12121977
12121978
12121979
12121980
12121981
12121982
12121983
12121984
12121985
12121986
12121987
12121988
12121989
12121990
12121991
12121992
12121993
12121994
12121995
12121996
12121997
12122000
12122008
12122012
1212312121
12123434
12123456
1212qwqw
1213
12131213
121314
12131415
1213141516
1213141516171819
1214
12141214
1215
12151215
12152325
1216
12161216
1217
12171217
1218
12181218
1219
12191219
1220
12201220
1221
12211221
12213443
1222
1223
12231223
1223334444
122333444455555
12233445
1224
12241224
1225
12251225
1226
12261226
1227
12271227
1228
12280202
12281228
1229
12291229
1230
12300123
12301230
123012301230
12304560
123098
1231
12311231
123123
12312300
12312312
123123123
1231231230
1231231231
123123123123
123123123123123
1231231234
123123123a
123123123q
123123123z
123123321
12312345
123123456
123123456456
123123aa
123123aaa
123123abc
123123as
123123asd
123123qq
123123qw
123123qwe
123123qweqwe
123123zz
12321232
123212321
1232323q
123234345
123258789
1233
12331233
123321
12332100
12332112
123321123
123321123321
1233211234567
12332145
123321456
123321456654
123321aa
123321abc
123321as
123321asd
123321fvfv
123321qaz
123321qq
123321qw
123321qwe
123321qweewq
123321zxc
1234
12340000
12340987
12341234
123412341234
123412345
12341234a
12341234q
12342234
1234321
1234321a
1234321q
12343412
12344321
123443211
12344321a
12344321q
12345
1234509876
12345123
123451234
1234512345
123451234512345
123454321
123454321a
123454321q
1234554321
1234554321a
1234554321q
123456
123456**
123456..
12345600
123456000
12345610
12345611
12345612
123456123
1234561234
123456123456
123456286
123456321
123456456
12345654
12345654321
12345656
12345665
123456654
1234566543
123456654321
12345666
1234567
12345670
12345671
1234567123
12345671234567
12345676
1234567654321
12345677
12345677654321
123456777
12345678
123456780
1234567809
123456781
1234567812345678
123456787
123456788
1234567887654321
1234567889
123456789
123456789!
123456789*
123456789+
123456789-
123456789.
1234567890
1234567890-
1234567890-=
1234567890.
12345678900
123456789000
12345678900987654321
12345678901
123456789012
1234567890123
123456789012345
1234567890123456
12345678901234567890
12345678909
1234567890987654321
1234567890a
1234567890abc
1234567890d
1234567890f
1234567890k
1234567890l
1234567890m
1234567890o
1234567890p
1234567890q
1234567890qaz
1234567890qw
1234567890qwe
1234567890qwer
1234567890qwert
1234567890qwerty
1234567890qwertyuiop
1234567890r
1234567890s
1234567890v
1234567890w
1234567890z
1234567891
12345678910
123456789101
1234567891011
123456789101112
12345678910a
12345678911
12345678912
123456789123
1234567891234
12345678912345
123456789123456
1234567891234567
123456789123456789
1234567892
1234567895
1234567896
12345678963
1234567897
123456789789
1234567898
12345678987654321
1234567899
123456789987
123456789987654
1234567899876543
123456789987654321
12345678999
123456789_
123456789a
123456789aa
123456789aaa
123456789ab
123456789abc
123456789abcd
123456789abcde
123456789as
123456789asd
123456789asdf
123456789az
123456789b
123456789c
123456789d
123456789e
123456789f
123456789g
123456789h
123456789i
123456789j
123456789k
123456789l
123456789lol
123456789love
123456789m
123456789ma
123456789n
123456789o
123456789ok
123456789p
123456789q
123456789qaz
123456789qq
123456789qqq
123456789qw
123456789qwe
123456789qwer
123456789qwert
123456789qwerty
123456789qwertyuio
123456789qwertyuiop
123456789r
123456789s
123456789t
123456789u
123456789v
123456789w
123456789x
123456789y
123456789z
123456789zx
123456789zxc
123456789zxcvbnm
123456789zz
123456789zzz
12345678a
12345678aa
12345678ab
12345678abc
12345678as
12345678b
12345678bj
12345678c
12345678d
12345678e
12345678f
12345678g
12345678h
12345678i
12345678j
12345678k
12345678l
12345678m
12345678n
12345678o
12345678p
12345678q
12345678qw
12345678qwe
12345678qwertyui
12345678r
12345678s
12345678t
12345678u
12345678v
12345678w
12345678x
12345678y
12345678z
12345679
123456798
1234567a
1234567aa
1234567ab
1234567abc
1234567as
1234567asd
1234567b
1234567c
1234567d
1234567e
1234567f
1234567g
1234567h
1234567i
1234567j
1234567k
1234567l
1234567m
1234567n
1234567o
1234567p
1234567q
1234567qq
1234567qw
1234567qwe
1234567qwerty
1234567qwertyu
1234567r
1234567s
1234567t
1234567u
1234567v
1234567w
1234567x
1234567y
1234567z
123456852
12345687
12345688
12345689
12345698
123456987
12345699
123456a
123456aa
123456aaa
123456ab
123456abc
123456abcd
123456abcdef
123456ad
123456al
123456am
123456as
123456asd
123456asdf
123456asdfgh
123456ass
123456az
123456bb
123456cc
123456da
123456dd
123456dj
123456dm
123456er
123456ff
123456gg
123456gh
123456go
123456hh
123456hi
123456jb
123456jc
123456jj
123456jk
123456jr
123456kk
123456kl
123456ll
123456lol
123456love
123456ma
123456mama
123456me
123456mm
123456mn
123456ms
123456ok
123456pa
123456po
123456pp
123456prof_root2.sql.txt:,
123456prof_root3.sql.txt:,
123456qa
123456qaz
123456qq
123456qqq
123456qw
123456qwe
123456qwer
123456qwert
123456qwerty
123456rr
123456ru
123456sa
123456sd
123456ss
123456tt
123456ty
123456ww
123456www
123456xx
123456xxx
123456yu
123456yy
123456zx
123456zxc
123456zxcv
123456zxcvbn
123456zz
123456zzz
123457
12345789
123459876
12345a
12345aaa
12345abc
12345abcd
12345abcde
12345asd
12345asdf
12345asdfg
12345lol
12345love
12345qaz
12345qqq
12345qwe
12345qwer
12345qwert
12345qwertasdfg
12345qwerty
12345rewq
12345sex
12345six
12345tgb
12345trewq
12345zxc
12345zxcvb
12345zzz
12346789
12347890
12348765
12348878
12349876
123498765
1234aaaa
1234abcd
1234anna
1234asdf
1234five
1234kids
1234love
1234pass
1234qwer
1234qwerasdf
1234qwerasdfzxcv
1234qwert
1234qwerty
1234rewq
1234wert
1234zxcv
1235
12351235
12356789
12356790
123578951
123581321
1236
12361236
123654
123654123
12365478
123654789
1236547890
123654789a
123654789q
123654987
123698547
12369874
123698741
123698745
1236987450
1236987456
123698745a
123789
123789456
123789654
123789852
123789abc
12381238
123987
123987456
123a123a
123a456b
123aaa
123aaa123
123abc
123abc123
123abc123abc
123abc456
123abcde
123admin
123admin32
123admin321
123admin321a
123angel
123apple
123as123
123asd
123asd123
123asd123asd
123asd456
123asd88
123asdfg
123asdqwe
123asdzxc
123bitch
123chris
123david
123e123e
123ewqasd
123ewqasdcxz
123fuckyou
123green
123happy
123hello
123hfjdk147
123iloveme
123iloveu
123india
123itsme
123jesus
123killer
123lol123
123masha
123money
123monkey
123mudar
123music
123myspace
123odidol
123passwor
123password
123pormi
123q123q
123qaz123
123qazwsx
123qq123
123qw123
123qwaszx
123qwe
123qwe,./
123qwe123
123qwe123qwe
123qwe321
123qwe456
123qwe456asd
123qwe456rty
123qwe4r
123qweas
123qweasd
123qweasdz
123qweasdzxc
123qweqwe
123qwert
123qwerty
123qwerty123
123qwezxc
123smile
123soleil
123spill
123stella
123zxc123
123zxcvbnm
12401240
124038
12421242
12431243
12435687
1245
12451245
12456789
124578
124578369
12457896
124578963
12481248
12481632
12501250
125125125
12521252
12541254
125478963
12561256
12581258
1269
12781278
12891289
12901290
12991299
12ab34cd
12d8a377
12e3e456
12fuckyou
12inches
12locked
12monkey
12monkeys
12password
12q12q12q
12qazwsx
12qw12qw
12qw23we
12qw34as
12qw34er
12qw34er56ty
12qwasyx
12qwaszx
12qwerty
12s3t4p55
12stones
12string
12wq12wq
12wqasxz
13011301
13011977
13011979
13011980
13011981
13011982
13011983
13011984
13011985
13011986
13011987
13011988
13011989
13011990
13011991
13011992
13011993
13011994
13011995
13021302
13021977
13021978
13021979
13021980
13021981
13021982
13021983
13021984
13021985
13021986
13021987
13021988
13021989
13021990
13021991
13021992
13021993
13021994
13021995
13021996
13021997
13031303
13031977
13031978
13031979
13031980
13031981
13031982
13031983
13031984
13031985
13031986
13031987
13031988
13031989
13031990
13031991
13031992
13031993
13031994
13031995
13031996
13041304
13041978
13041979
13041980
13041981
13041982
13041983
13041984
13041985
13041986
13041987
13041988
13041989
13041990
13041991
13041992
13041993
13041994
13041995
13041996
13051305
13051976
13051977
13051978
13051979
13051980
13051981
13051982
13051983
13051984
13051985
13051986
13051987
13051988
13051989
13051990
13051991
13051992
13051993
13051994
13051995
13051996
13061306
13061978
13061979
13061980
13061981
13061982
13061983
13061984
13061985
13061986
13061987
13061988
13061989
13061990
13061991
13061992
13061993
13061994
13061995
13061996
13071307
13071977
13071978
13071979
13071980
13071981
13071982
13071983
13071984
13071985
13071986
13071987
13071988
13071989
13071990
13071991
13071992
13071993
13071994
13071995
13081308
13081977
13081979
13081980
13081981
13081982
13081983
13081984
13081985
13081986
13081987
13081988
13081989
13081990
13081991
13081992
13081993
13081994
13081996
13091309
13091979
13091980
13091981
13091982
13091983
13091984
13091985
13091986
13091987
13091988
13091989
13091990
13091991
13091992
13091993
13091994
13091995
13091996
13101310
13101976
13101977
13101978
13101979
13101980
13101981
13101982
13101983
13101984
13101985
13101986
13101987
13101988
13101989
13101990
13101991
13101992
13101993
13101994
13101995
13111311
13111978
13111979
13111980
13111981
13111982
13111983
13111984
13111985
13111986
13111987
13111988
13111989
13111990
13111991
13111992
13111993
13111994
13111995
13121312
13121975
13121976
13121977
13121978
13121979
13121980
13121981
13121982
13121983
13121984
13121985
13121986
13121987
13121988
13121989
13121990
13121991
13121992
13121993
13121994
13121995
13121996
1313
131313
13131313
1313131313
13141314
13141516
13145200
13151315
13171317
13201320
13211321
132132132
13221322
13231323
1323456789
13241324
13243546
1324354657
1324354657687980
132456789
13245768
132465798
13251325
13261326
13271327
13281328
13301827475
1331
13311331
13324124
13371337
1337ness
13421342
13451345
13456789
13461346
134679
134679258
13467982
134679852
1346798520
13489277
13501350
13511351
13521352
13531353
13541354
13551355
13561356
1357
13571357
13572468
13576479
13577531
13579
135790
13579000
1357902468
1357908642
135791113
1357911q
13579135
1357913579
13579246
135792468
1357924680
13579246810
135797531
135798642
1357997531
1357reti99
13581358
13587930210
13591359
13601360
13611361
13621362
13631363
13641364
13651365
13661366
13671367
13681368
1369
13691369
13701370
13751375
13771377
13791379
13801380
139381512
13971397
13marino
13pass13
13qeadzc
13thirteen
14001400
14011401
14011980
14011981
14011982
14011983
14011984
14011985
14011986
14011987
14011988
14011989
14011990
14011991
14011992
14011993
14011994
14011995
14021402
14021975
14021976
14021977
14021978
14021979
14021980
14021981
14021982
14021983
14021984
14021985
14021986
14021987
14021988
14021989
14021990
14021991
14021992
14021993
14021994
14021995
14021996
14021997
14022008
14022009
14031403
14031972
14031977
14031978
14031979
14031980
14031981
14031982
14031983
14031984
14031985
14031986
14031987
14031988
14031989
14031990
14031991
14031992
14031993
14031994
14031995
14031996
14041404
14041976
14041977
14041978
14041979
14041980
14041981
14041982
14041983
14041984
14041985
14041986
14041987
14041988
14041989
14041990
14041991
14041992
14041993
14041994
14041995
14041997
14051405
14051977
14051979
14051980
14051981
14051982
14051983
14051984
14051985
14051986
14051987
14051988
14051989
14051990
14051991
14051992
14051993
14051994
14051995
14051996
14051997
14061406
14061976
14061977
14061979
14061980
14061981
14061982
14061983
14061984
14061985
14061986
14061987
14061988
14061989
14061990
14061991
14061992
14061993
14061994
14061995
14061996
14071407
14071977
14071979
14071980
14071981
14071982
14071983
14071984
14071985
14071986
14071987
14071988
14071989
14071990
14071991
14071992
14071993
14071994
14071995
14071997
14081408
14081979
14081980
14081981
14081982
14081983
14081984
14081985
14081986
14081987
14081988
14081989
14081990
14081991
14081992
14081993
14081994
14081995
14081996
14091980
14091981
14091982
14091983
14091984
14091985
14091986
14091987
14091988
14091989
14091990
14091991
14091992
14091993
14091994
14091995
14101410
14101976
14101978
14101979
14101980
14101981
14101982
14101983
14101984
14101985
14101986
14101987
14101988
14101989
14101990
14101991
14101992
14101993
14101994
14101995
14101996
1411
14111411
14111978
14111979
14111980
14111981
14111982
14111983
14111984
14111985
14111986
14111987
14111988
14111989
14111990
14111991
14111992
14111993
14111994
14111995
14121412
14121976
14121977
14121978
14121979
14121980
14121981
14121982
14121983
14121984
14121985
14121986
14121987
14121988
14121989
14121990
14121991
14121992
14121993
14121994
14121995
14121996
14131413
1414
141414
14141414
14151415
14151617
14181418
14201420
1420839army
14211421
14221422
14231423
14241424
14251425
142536
142536789
142753869
142857
14301430
143143
143143143
1432
14321432
143445254
14371437
143iloveyo
143jesus
14411441
14521452
145236987
14531453
14561456
14629227
1469
14701470
147147
147147147
147258
1472580369
14725836
147258369
1472583690
1472583691
147258369a
147258369q
147258963
147369258
1478
14781478
147852
14785236
147852369
1478523690
147852369a
147852369q
147852963
147852zes
1478963
14789632
147896321
147896325
1478963250
1478963258
147896325a
1478963a
147963258
14881488
1492
14921492
14themoney
14theroad
15001500
15011977
15011978
15011979
15011980
15011981
15011982
15011983
15011984
15011985
15011986
15011987
15011988
15011989
15011990
15011991
15011992
15011993
15011994
15011995
15011996
150150as
15021502
15021976
15021977
15021978
15021979
15021980
15021981
15021982
15021983
15021984
15021985
15021986
15021987
15021988
15021989
15021990
15021991
15021992
15021993
15021994
15021995
15021996
15031503
15031975
15031977
15031978
15031979
15031980
15031981
15031982
15031983
15031984
15031985
15031986
15031987
15031988
15031989
15031990
15031991
15031992
15031993
15031994
15031995
15031996
15041977
15041978
15041979
15041980
15041981
15041982
15041983
15041984
15041985
15041986
15041987
15041988
15041989
15041990
15041991
15041992
15041993
15041994
15041995
15041996
15051505
15051975
15051976
15051977
15051978
15051979
15051980
15051981
15051982
15051983
15051984
15051985
15051986
15051987
15051988
15051989
15051990
15051991
15051992
15051993
15051994
15051995
15051996
15061977
15061978
15061979
15061980
15061981
15061982
15061983
15061984
15061985
15061986
15061987
15061988
15061989
15061990
15061991
15061992
15061993
15061994
15061995
15061996
15071977
15071979
15071980
15071981
15071982
15071983
15071984
15071985
15071986
15071987
15071988
15071989
15071990
15071991
15071992
15071993
15071994
15071996
15081508
15081976
15081977
15081978
15081979
15081980
15081981
15081982
15081983
15081984
15081985
15081986
15081987
15081988
15081989
15081990
15081991
15081992
15081993
15081994
15081995
15081996
15091977
15091978
15091979
15091980
15091981
15091982
15091983
15091984
15091985
15091986
15091987
15091988
15091989
15091990
15091991
15091992
15091993
15091994
15091995
15092007
15101510
15101975
15101976
15101977
15101978
15101979
15101980
15101981
15101982
15101983
15101984
15101985
15101986
15101987
15101988
15101989
15101990
15101991
15101992
15101993
15101994
15101995
15101996
15111978
15111979
15111980
15111981
15111982
15111983
15111984
15111985
15111986
15111987
15111988
15111989
15111990
15111991
15111992
15111993
15111994
15111995
15121512
15121975
15121977
15121978
15121979
15121980
15121981
15121982
15121983
15121984
15121985
15121986
15121987
15121988
15121989
15121990
15121991
15121992
15121993
15121994
15121995
1515
151515
15151515
1515151515
15161516
15161718
151nxjmt
15201520
15231523
15241524
15251525
15253545
15261526
15301530
15321532
15421542
15426378
154322358
154ugeiu
15511551
15516210
15727666
15731573
1580welcamino
15901590
1590736tany
159159
159159159
159258357
159263487
159357
15935700
159357000
159357123
159357159357
1593572468
1593572486
159357258
159357258456
15935728
159357456
15935746
159357852
15935789
159487263
159632478
159635741
159753
15975300
159753123
159753159
159753159753
15975321
1597532468
1597532486
159753258
159753258456
1597532684
159753456
159753456852
15975346
1597534682
159753654
159753852
159753852456
159874123
15987532
159875321
1598753a
159951
159951159
15995123
16011978
16011980
16011981
16011982
16011983
16011984
16011985
16011986
16011987
16011988
16011989
16011990
16011991
16011992
16011993
16011994
16011995
16011996
16021977
16021978
16021979
16021980
16021981
16021982
16021983
16021984
16021985
16021986
16021987
16021988
16021989
16021990
16021991
16021992
16021993
16021994
16021995
16021996
16031977
16031978
16031980
16031981
16031982
16031983
16031984
16031985
16031986
16031987
16031988
16031989
16031990
16031991
16031992
16031993
16031994
16031995
16041976
16041977
16041978
16041979
16041980
16041981
16041982
16041983
16041984
16041985
16041986
16041987
16041988
16041989
16041990
16041991
16041992
16041993
16041994
16041995
16041997
16051977
16051978
16051979
16051980
16051981
16051982
16051983
16051984
16051985
16051986
16051987
16051988
16051989
16051990
16051991
16051992
16051993
16051994
16051995
16051996
16051997
16061977
16061978
16061980
16061981
16061982
16061983
16061984
16061985
16061986
16061987
16061988
16061989
16061990
16061991
16061992
16061993
16061994
16061995
16071978
16071979
16071980
16071981
16071982
16071983
16071984
16071985
16071986
16071987
16071988
16071989
16071990
16071991
16071992
16071993
16071994
16081977
16081978
16081979
16081980
16081981
16081982
16081983
16081984
16081985
16081986
16081987
16081988
16081989
16081990
16081991
16081992
16081993
16081994
16081995
16081996
16091980
16091981
16091982
16091983
16091984
16091985
16091986
16091987
16091988
16091989
16091990
16091991
16091992
16091993
16091994
16091995
16101610
16101976
16101977
16101978
16101979
16101980
16101981
16101982
16101983
16101984
16101985
16101986
16101987
16101988
16101989
16101990
16101991
16101992
16101993
16101994
16101995
16111978
16111979
16111980
16111981
16111982
16111983
16111984
16111985
16111986
16111987
16111988
16111989
16111990
16111991
16111992
16111993
16111994
16111995
16121612
16121976
16121977
16121978
16121979
16121980
16121981
16121982
16121983
16121984
16121985
16121986
16121987
16121988
16121989
16121990
16121991
16121992
16121993
16121994
16121995
16121996
1616
161616
16161616
16181618
1624
16246149
1664
16641664
168168168
16881688
16897168
16899168
168asd168
16candles
1701
17011701
17011977
17011980
17011981
17011982
17011983
17011984
17011985
17011986
17011987
17011988
17011989
17011990
17011991
17011992
17011993
17011994
17011995
17011996
17012003
17021977
17021978
17021979
17021980
17021981
17021982
17021983
17021984
17021985
17021986
17021987
17021988
17021989
17021990
17021991
17021992
17021993
17021994
17021995
17021996
17021997
17031978
17031980
17031981
17031982
17031983
17031984
17031985
17031986
17031987
17031988
17031989
17031990
17031991
17031992
17031993
17031994
17031995
17041977
17041978
17041979
17041980
17041981
17041982
17041983
17041984
17041985
17041986
17041987
17041988
17041989
17041990
17041991
17041992
17041993
17041994
17041995
17051978
17051979
17051980
17051981
17051982
17051983
17051984
17051985
17051986
17051987
17051988
17051989
17051990
17051991
17051992
17051993
17051994
17051995
17051996
17061978
17061980
17061981
17061982
17061983
17061984
17061985
17061986
17061987
17061988
17061989
17061990
17061991
17061992
17061993
17061994
17061995
17071977
17071978
17071979
17071980
17071981
17071982
17071983
17071984
17071985
17071986
17071987
17071988
17071989
17071990
17071991
17071992
17071993
17071994
17071995
17071996
17071997
17081945
17081977
17081978
17081980
17081981
17081982
17081983
17081984
17081985
17081986
17081987
17081988
17081989
17081990
17081991
17081992
17081993
17081994
17081995
17091976
17091979
17091980
17091981
17091982
17091983
17091984
17091985
17091986
17091987
17091988
17091989
17091990
17091991
17091992
17091993
17091994
17091995
17101710
17101975
17101978
17101979
17101980
17101981
17101982
17101983
17101984
17101985
17101986
17101987
17101988
17101989
17101990
17101991
17101992
17101993
17101994
17101995
17101996
17111979
17111980
17111981
17111982
17111983
17111984
17111985
17111986
17111987
17111988
17111989
17111990
17111991
17111992
17111993
17111994
17111995
171204jg
17121977
17121978
17121979
17121980
17121981
17121982
17121983
17121984
17121985
17121986
17121987
17121988
17121989
17121990
17121991
17121992
17121993
17121994
17121995
17121996
17151715
1717
171717
17171717
1721k1721
172839456
17711771
17746052
1776
17891789
17931793
179324865
17ciao72
18001800
18011979
18011980
18011981
18011982
18011983
18011984
18011985
18011986
18011987
18011988
18011989
18011990
18011991
18011992
18011993
18011994
18011995
18021977
18021978
18021979
18021980
18021981
18021982
18021983
18021984
18021985
18021986
18021987
18021988
18021989
18021990
18021991
18021992
18021993
18021994
18021995
18021996
18031977
18031978
18031979
18031980
18031981
18031982
18031983
18031984
18031985
18031986
18031987
18031988
18031989
18031990
18031991
18031992
18031993
18031994
18031995
18031996
18031997
18041977
18041978
18041979
18041980
18041981
18041982
18041983
18041984
18041985
18041986
18041987
18041988
18041989
18041990
18041991
18041992
18041993
18041994
18041995
18041996
18051959
18051978
18051979
18051980
18051981
18051982
18051983
18051984
18051985
18051986
18051987
18051988
18051989
18051990
18051991
18051992
18051993
18051994
18051995
18061978
18061979
18061980
18061981
18061982
18061983
18061984
18061985
18061986
18061987
18061988
18061989
18061990
18061991
18061992
18061993
18061994
18061996
18071979
18071980
18071981
18071982
18071983
18071984
18071985
18071986
18071987
18071988
18071989
18071990
18071991
18071992
18071993
18071994
18071995
18081977
18081978
18081979
18081980
18081981
18081982
18081983
18081984
18081985
18081986
18081987
18081988
18081989
18081990
18081991
18081992
18081993
18081994
18081995
18091978
18091979
18091980
18091981
18091982
18091983
18091984
18091985
18091986
18091987
18091988
18091989
18091990
18091991
18091992
18091993
18091994
18101810
18101977
18101978
18101979
18101980
18101981
18101982
18101983
18101984
18101985
18101986
18101987
18101988
18101989
18101990
18101991
18101992
18101993
18101994
18101995
18101996
18111976
18111978
18111980
18111981
18111982
18111983
18111984
18111985
18111986
18111987
18111988
18111989
18111990
18111991
18111992
18111993
18111994
18111995
1812
18121812
18121977
18121978
18121979
18121980
18121981
18121982
18121983
18121984
18121985
18121986
18121987
18121988
18121989
18121990
18121991
18121992
18121993
18121994
18121995
18121996
1818
181818
18181818
18191819
18211821
18273645
18297649
182blink
18436572
187187
18811881
18811938
18atcskd2w
18n28n24a5
18street
18wheeler
1900
19001560
19001570
19001900
19011977
19011980
19011981
19011982
19011983
19011984
19011985
19011986
19011987
19011988
19011989
19011990
19011991
19011992
19011993
19011994
19011995
19011996
19021902
19021975
19021977
19021978
19021979
19021980
19021981
19021982
19021983
19021984
19021985
19021986
19021987
19021988
19021989
19021990
19021991
19021992
19021993
19021994
19021995
19021996
19031903
19031979
19031980
19031981
19031982
19031983
19031984
19031985
19031986
19031987
19031988
19031989
19031990
19031991
19031992
19031993
19031994
19031995
19031996
19031997
19032003
19041977
19041978
19041979
19041980
19041981
19041982
19041983
19041984
19041985
19041986
19041987
19041988
19041989
19041990
19041991
19041992
19041993
19041994
19041995
19051905
19051977
19051978
19051979
19051980
19051981
19051982
19051983
19051984
19051985
19051986
19051987
19051988
19051989
19051990
19051991
19051992
19051993
19051994
19051995
19051996
19051997
19052005
19061978
19061979
19061980
19061981
19061982
19061983
19061984
19061985
19061986
19061987
19061988
19061989
19061990
19061991
19061992
19061993
19061994
19061995
19061996
19071907
19071978
19071979
19071980
19071981
19071982
19071983
19071984
19071985
19071986
19071987
19071988
19071989
19071990
19071991
19071992
19071993
19071994
19071995
19071996
19072007
1907fener
19081908
19081977
19081978
19081980
19081981
19081982
19081983
19081984
19081985
19081986
19081987
19081988
19081989
19081990
19081991
19081992
19081993
19081994
19081995
19091977
19091978
19091979
19091980
19091981
19091982
19091983
19091984
19091985
19091986
19091987
19091988
19091989
19091990
19091991
19091992
19091993
19091994
19091995
19101910
19101977
19101978
19101979
19101980
19101981
19101982
19101983
19101984
19101985
19101986
19101987
19101988
19101989
19101990
19101991
19101992
19101993
19101994
19101995
1911
19111911
19111979
19111980
19111981
19111982
19111983
19111984
19111985
19111986
19111987
19111988
19111989
19111990
19111991
19111992
19111993
19111994
19111996
1911a1
19121912
19121977
19121978
19121979
19121980
19121981
19121982
19121983
19121984
19121985
19121986
19121987
19121988
19121989
19121990
19121991
19121992
19121993
19121994
19121995
19121996
1914
19141914
19171917
1919
191919
19191919
19201920
19216801
19221922
19231923
19251925
19271927
19281928
19283746
192837465
1928374655
192837465a
19371937
19372846
19381938
19391939
19391945
19401940
1941
1941-1945
19411941
19411945
1942
19421942
1943
19431943
1944
19441944
1945
19451945
1946
19461946
1947
19471947
1948
19481948
1949
19491001
19491949
1950
19501950
1951
19511951
1952
19521952
1953
19531953
1954
19541954
1955
19551955
1955chevy
1956
19561956
1957
19571957
1957chevy
1958
19581958
1959
19591959
1960
19601960
1961
19611961
1962
19621962
1963
19631963
1964
19641964
1965
19651965
1966
19661966
1967
19671967
1968
19681968
1969
19691969
196969
1969camaro
1970
19701970
1971
19711971
1972
19721972
1973
19731973
19733791
19734682
197346825
1974
19741974
1975
19751975
1976
19761968serg
19761976
1977
19771977
1978
19781978
1979
19791979
19791980
1979pool
1980
19801980
19801981
19801982
1981
19810301
19811981
19811982
1982
19821010
19821012
19821020
19821023
19821028
19821108
19821209
19821212
19821982
19821983
19821984
19822891
1982gonzo
1983
19831010
19831015
19831020
19831022
19831120
19831212
19831983
19831984
19831985
19833891
1984
19841001
19841002
19841007
19841010
19841011
19841012
19841013
19841014
19841015
19841016
19841017
19841018
19841019
19841020
19841021
19841022
19841023
19841024
19841025
19841026
19841027
19841028
19841029
19841120
19841121
19841123
19841124
19841125
19841212
19841224
19841225
19841984
19841985
19841986
19844891
1985
19850101
19851001
19851010
19851011
19851012
19851015
19851016
19851018
19851020
19851022
19851023
19851024
19851025
19851028
19851030
19851111
19851120
19851121
19851122
19851123
19851125
19851126
19851127
19851203
19851210
19851211
19851212
19851213
19851215
19851216
19851217
19851218
19851220
19851223
19851224
19851225
19851228
19851230
19851985
19851986
19851987
19855891
1986
19860101
19860214
19861001
19861002
19861010
19861011
19861012
19861013
19861015
19861016
19861017
19861018
19861020
19861021
19861022
19861023
19861024
19861025
19861026
19861028
19861030
19861103
19861106
19861110
19861111
19861115
19861119
19861120
19861121
19861122
19861123
19861124
19861125
19861126
19861210
19861211
19861212
19861213
19861214
19861215
19861216
19861218
19861220
19861223
19861224
19861225
19861226
19861986
19861987
19861988
19866891
1987
19870101
19870111
19870212
19871010
19871012
19871015
19871016
19871020
19871021
19871023
19871024
19871025
19871026
19871028
19871029
19871111
19871120
19871212
19871225
19871987
198719871987
19871988
19871989
19877891
1988
19881010
19881212
19881988
19881989
19888891
1988comeer
1989
19891229
19891989
19899891
1990
19900991
19901990
19901991
19902000ttt
1991
19911991
19911992
19912009
1992
19921992
19921993
19922991
1993
19931993
19931994
19932008
19932009
19933991
1993ga4mi
1994
19941028
19941994
19941995
19942009
19944991
1995
19951995
19951996
19952009
19955991
1996
19960122
19960309
19961996
19961997
19966991
1997
19971997
19971998
19977991
1998
19980621
19981998
1999
19991999
19992000
199999
1a1a1a1a
1a1a1a1a1a
1a2a3a4a
1a2a3a4a5a
1a2a3a4a5a6a
1a2b3c
1a2b3c4d
1a2b3c4d5e
1a2b3c4d5e6f
1a2s3d4f
1a2s3d4f5g
1a2s3d4f5g6h
1aaliyah
1abcdefg
1abcdefgh
1adgjmptw
1alabama
1alejandro
1alexander
1america
1american
1andonly
1anthony
1antonio
1arsenal
1asdfghj
1asdfghjkl
1asshole
1atlanta
1babyboy
1babydoll
1babygirl
1babygurl
1babylove
1badbitch
1badgirl
1barbara
1baseball
1basketbal
1bastard
1beautiful
1benjamin
1bigcock
1bigdaddy
1bigdick
1bigfish
1bighead
1bigpimp
1billion
1bitch
1bitches
1blessed
1blessing
1blondie
1boricua
1bradley
1brandon
1brianna
1brittany
1brooklyn
1brother
1bubbles
1budlight
1bulldog
1bullshit
1business
1buttercup
1butterfly
1butthead
1californi
1cameron
1carolina
1cecream
1champion
1charles
1charlie
1cheater
1chelsea
1chester
1cheyenne
1chicago
1chicken
1chocolate
1chopper
1chrisbrow
1christian
1christina
1christine
1christmas
1christoph
1ck75iflga
1cocacola
1computer
1cookies
1cooldude
1coolguy
1corazon
1corvette
1country
1courtney
1cowboys
1cowgirl
1cracker
1cricket
1crystal
1cupcake
1cutiepie
1dallas
1danielle
1daughter
1december
1derrick
1destiny
1diamond
1dickhead
1dolphin
1dontknow
1dragon
1dreamer
1drowssap
1drpepper
1drummer
1dumbass
1eastside
1element
1elephant
1elizabeth
1estrella
1f3q8aunke
1fineday
1fireman
1fish2fish
1fishing
1florida
1flowers
1football
1forever
1fptjtl919
1fr2rfq7xl
1frankie
1freedom
1freeman
1friends
1fuck
1fuckoff
1fuckyou
1g2w3e4r
1gabriel
1gangsta
1gangster
1gateway
1georgia
1getmoney
1goddess
1godisgood
1goodgirl
1grandma
1grandpa
1greenday
1hateyou
1heather
1hollywood
1hotbitch
1hotchick
1hotgirl
1hotmail
1hotmama
1hotmomma
1hotstuff
1houston
1hundred
1husband
1hustler
1hxboqg2s
1icecream
1iffqb66tw
1iloveme
1iloveyou
1internet
1inuyasha
1isabella
1jackass
1jackson
1jamaica
1jasmine
1jehovah
1jellybean
1jennifer
1jessica
1johncena
1johnson
1jonathan
1juggalo
1justice
1kenneth
1kimberly
1kingdom
1kittycat
1l0v3y0u
1ladybug
1lesbian
1letmein
1life1love
1life2live
1lilmama
1lilwayne
1linkedin
1liverpool
1lollipop
1love
1love1life
1love4ever
1love4life
1love4me
1lovebaby
1lovebug
1lovechris
1lovegod
1loveher
1lovehim
1lovejesus
1lovelife
1lovelove
1lovemom
1lovemusic
1loverboy
1loveyou
1luckydog
1madison
1malaysia
1manarmy
1maryjane
1master
1matthew
1maxwell
1melissa
1mercedes
1metallica
1mexican
1michael
1michelle
1midnight
1million
1mnbvcxz
1monique
1monkey
1monster
1montana
1moretime
1mountain
1mustang
1myspace
1myspace1
1natalie
1natasha
1newlife
1newport
1newyork
1nicholas
1nirvana
1nothing
1november
1nternet
1ofakind
1olmetec1
1onelove
1orlando
1panther
1passion
1passwor
1password
1password1
1password2
1patches
1patricia
1patrick
1peaches
1pebbles
1penguin
1phoenix
1pioneer
1pitbull
1playboy
1pokemon
1poohbear
1popcorn
1pothead
1precious
1princess
1promise
1pumpkin
1pussy
1q1q1q1q
1q1q1q1q1q
1q2q3q4q
1q2q3q4q5q
1q2w1q2w
1q2w3e
1q2w3e1q2w3e
1q2w3e4r
1q2w3e4r5
1q2w3e4r5t
1q2w3e4r5t6
1q2w3e4r5t6y
1q2w3e4r5t6y7
1q2w3e4r5t6y7u
1q2w3e4r5t6y7u8
1q2w3e4r5t6y7u8i
1q2w3e4r5t6y7u8i9o
1q2w3e4r5t6y7u8i9o0p
1q2w3e4r5t6z
1q2w3easd
1q3e2w4r
1q3e5t7u
1q3e5t7u9o
1qa2ws3ed
1qa2ws3ed4rf
1qa2ws3ed4rf5tg
1qasw23ed
1qay2wsx
1qayxsw2
1qaz
1qaz!qaz
1qaz0okm
1qaz1qaz
1qaz2wsx
1qaz2wsx3
1qaz2wsx3e
1qaz2wsx3edc
1qaz2wsx3edc4rfv
1qaz2wsx3edc4rfv5tgb
1qaz3edc
1qazwsxedc
1qazxcvb
1qazxcvbnm
1qazxdr5
1qazxsw2
1qazxsw23
1qazxsw23e
1qazxsw23edc
1qazxsw23edcvfr4
1qazzaq!
1qazzaq1
1qw21qw2
1qw23er4
1qw23er45t
1qweasdzxc
1qwerty
1qwerty1
1qwerty2
1qwerty7
1qwertyu
1qwertyui
1qwertyuio
1qwertyuiop
1raiders
1rainbow
1ranger
1raymond
1realnigga
1rebecca
1redhead
1redneck
1redrose
1remember
1richard
1rockstar
1rooster
1rosebud
1sabella
1sabrina
1samantha
1samsung
1savannah
1scarface
1scooter
1scorpio
1sebastian
1september
1sexybitch
1sexyboy
1sexygirl
1sexygurl
1sexylady
1sexymama
1sexyman
1shannon
1shithead
1shot1kill
1slipknot
1snickers
1snowball
1snowman
1softball
1soldier
1southside
1spencer
1spiderman
1spongebob
1starwars
1stclass
1steelers
1stephanie
1stephen
1stplace
1strawberr
1stunner
1success
1sunflower
1sunshine
1superman
1superstar
1sweetie
1sweetpea
1teacher
1teddybear
1test
1thuglife
1thunder
1thursday
1tiffany
1timothy
1tinkerbel
1toomany
1treehill
1trinity
1trouble
1truelove
1two3four
1twothree
1ty2an3ja
1unicorn
1urkilbth674
1v7upjw3nt
1vampire
1vanessa
1veronica
1victoria
1vincent
1w2e3r4t
1w2q3r4e
1w2w3w4w
1warrior
1welcome
1westside
1wetpussy
1whatever
1wildcat
1william
1williams
1winston
1wordpass
1x2zkg8w
1yankees
1z2x3c4v
1z2x3c4v5b
1z2x3c4v5b6n
1zachary
1zg1h9suza
1zn6fpn01n
1zn6fpn01x
1zxcvbnm
1zyybyt82a
1й2ц3у4к
1й2ц3у4к5е
2000
200000
20000000
20002000
2000comeer
2001
20011975
20011977
20011978
20011979
20011980
20011981
20011982
20011983
20011984
20011985
20011986
20011987
20011988
20011989
20011990
20011991
20011992
20011993
20011994
20011995
20011996
20012001
20012002
20012003
20012005
20012007
2002
20021967
20021975
20021976
20021977
20021978
20021979
20021980
20021981
20021982
20021983
20021984
20021985
20021986
20021987
20021988
20021989
20021990
20021991
20021992
20021993
20021994
20021995
20021996
20021997
20022002
20022003
20022004
20022006
20022007
2003
20031975
20031976
20031977
20031978
20031979
20031980
20031981
20031982
20031983
20031984
20031985
20031986
20031987
20031988
20031989
20031990
20031991
20031992
20031993
20031994
20031995
20031996
20031997
20032003
20032004
20032005
20032006
20032007
20032008
2004
20041889
20041976
20041977
20041978
20041979
20041980
20041981
20041982
20041983
20041984
20041985
20041986
20041987
20041988
20041989
20041990
20041991
20041992
20041993
20041994
20041995
20041996
20042004
20042005
20042006
20042007
20042008
2005
20051975
20051976
20051977
20051978
20051979
20051980
20051981
20051982
20051983
20051984
20051985
20051986
20051987
20051988
20051989
20051990
20051991
20051992
20051993
20051994
20051995
20051996
20051997
20052005
20052006
20052007
20052008
20052009
20061977
20061978
20061979
20061980
20061981
20061982
20061983
20061984
20061985
20061986
20061987
20061988
20061989
20061990
20061991
20061992
20061993
20061994
20061995
20061996
20061997
20062006
20062007
20062008
20062009
20070509031
20071977
20071979
20071980
20071981
20071982
20071983
20071984
20071985
20071986
20071987
20071988
20071989
20071990
20071991
20071992
20071993
20071994
20071995
20071996
20072007
20072008
20080808
20081975
20081977
20081978
20081979
20081980
20081981
20081982
20081983
20081984
20081985
20081986
20081987
20081988
20081989
20081990
20081991
20081992
20081993
20081994
20081995
20081996
20082008
200820082
20082009
20091975
20091977
20091978
20091979
20091980
20091981
20091982
20091983
20091984
20091985
20091986
20091987
20091988
20091989
20091990
20091991
20091992
20091993
20091994
20091995
20091996
20092008
20092009
20092010
2010
20100728
20101975
20101976
20101977
20101978
20101979
20101980
20101981
20101982
20101983
20101984
20101985
20101986
20101987
20101988
20101989
20101990
20101991
20101992
20101993
20101994
20101995
20101996
20101997
20102000
20102007
20102010
20102011
2010comer
20111976
20111977
20111978
20111979
20111980
20111981
20111982
20111983
20111984
20111985
20111986
20111987
20111988
20111989
20111990
20111991
20111992
20111993
20111994
20111995
20111996
20112011
20112012
20121204
20121207
20121975
20121976
20121977
20121978
20121979
20121980
20121981
20121982
20121983
20121984
20121985
20121986
20121987
20121988
20121989
20121990
20121991
20121992
20121993
20121994
20121995
20121996
20122012
2012comeer
20132013
20142014
20152015
201jedlz
2020
202020
20202020
2020202020
20212021
20252025
20302030
20304050
20462046
2055
20spanks
21002100
21011974
21011977
21011978
21011979
21011980
21011981
21011982
21011983
21011984
21011985
21011986
21011987
21011988
21011989
21011990
21011991
21011992
21011993
21011994
21011995
21011996
21011997
21012101
21021978
21021979
21021980
21021981
21021982
21021983
21021984
21021985
21021986
21021987
21021988
21021989
21021990
21021991
21021992
21021993
21021994
21021995
21021996
21031977
21031978
21031979
21031980
21031981
21031982
21031983
21031984
21031985
21031986
21031987
21031988
21031989
21031990
21031991
21031992
21031993
21031994
21031995
21031996
21031997
21032103
21041977
21041978
21041979
21041980
21041981
21041982
21041983
21041984
21041985
21041986
21041987
21041988
21041989
21041990
21041991
21041992
21041993
21041994
21041995
21041996
21042104
21051976
21051977
21051978
21051979
21051980
21051981
21051982
21051983
21051984
21051985
21051986
21051987
21051988
21051989
21051990
21051991
21051992
21051993
21051994
21051995
21051996
21051997
21052003
21052105
21061978
21061979
21061980
21061981
21061982
21061983
21061984
21061985
21061986
21061987
21061988
21061989
21061990
21061991
21061992
21061993
21061994
21061995
21061996
21062106
21071977
21071978
21071979
21071980
21071981
21071982
21071983
21071984
21071985
21071986
21071987
21071988
21071989
21071990
21071991
21071992
21071993
21071994
21071995
21072107
21081978
21081979
21081980
21081981
21081982
21081983
21081984
21081985
21081986
21081987
21081988
21081989
21081990
21081991
21081992
21081993
21081994
21081995
21081996
21082108
21091977
21091979
21091980
21091981
21091982
21091983
21091984
21091985
21091986
21091987
21091988
21091989
21091990
21091991
21091992
21091993
21091994
21091995
21092109
21101976
21101977
21101978
21101979
21101980
21101981
21101982
21101983
21101984
21101985
21101986
21101987
21101988
21101989
21101990
21101991
21101992
21101993
21101994
21101995
21102110
21111977
21111978
21111979
21111980
21111981
21111982
21111983
21111984
21111985
21111986
21111987
21111988
21111989
21111990
21111991
21111992
21111993
21111994
21111995
2112
21121976
21121977
21121978
21121979
21121980
21121981
21121982
21121983
21121984
21121985
21121986
21121987
21121988
21121989
21121990
21121991
21121992
21121993
21121994
21121995
21121996
21122012
21122112
2112rush
21152117
2121
212121
21212121
2121212121
2121321e
2121321q
21222122
21222324
212224236
21232123
21252125
21312131
21314151
21342134
213546879
21436587
2143658709
214dallas
21864812
2199127551
21ainiyan
22002200
22011979
22011980
22011981
22011982
22011983
22011984
22011985
22011986
22011987
22011988
22011989
22011990
22011991
22011992
22011993
22011994
22011995
22011996
22011997
22012201
22021977
22021978
22021979
22021980
22021981
22021982
22021983
22021984
22021985
22021986
22021987
22021988
22021989
22021990
22021991
22021992
22021993
22021994
22021995
22021996
22021997
22022002
22022202
22031975
22031976
22031977
22031978
22031979
22031980
22031981
22031982
22031983
22031984
22031985
22031986
22031987
22031988
22031989
22031990
22031991
22031992
22031993
22031994
22031995
22031996
22032203
22041976
22041977
22041978
22041979
22041980
22041981
22041982
22041983
22041984
22041985
22041986
22041987
22041988
22041989
22041990
22041991
22041992
22041993
22041994
22041995
22041996
22041997
22051977
22051978
22051979
22051980
22051981
22051982
22051983
22051984
22051985
22051986
22051987
22051988
22051989
22051990
22051991
22051992
22051993
22051994
22051995
22051996
22051997
22052205
22061941
22061976
22061977
22061978
22061979
22061980
22061981
22061982
22061983
22061984
22061985
22061986
22061987
22061988
22061989
22061990
22061991
22061992
22061993
22061994
22061995
22061996
22071972
22071977
22071979
22071980
22071981
22071982
22071983
22071984
22071985
22071986
22071987
22071988
22071989
22071990
22071991
22071992
22071993
22071994
22071995
22081977
22081978
22081979
22081980
22081981
22081982
22081983
22081984
22081985
22081986
22081987
22081988
22081989
22081990
22081991
22081992
22081993
22081994
22081995
22081996
22091978
22091979
22091980
22091981
22091982
22091983
22091984
22091985
22091986
22091987
22091988
22091989
22091990
22091991
22091992
22091993
22091994
22091995
22091996
220a220a
22101976
22101977
22101978
22101979
22101980
22101981
22101982
22101983
22101984
22101985
22101986
22101987
22101988
22101989
22101990
22101991
22101992
22101993
22101994
22101995
22101996
22101997
22102210
2211
22111976
22111978
22111979
22111980
22111981
22111982
22111983
22111984
22111985
22111986
22111987
22111988
22111989
22111990
22111991
22111992
22111993
22111994
22111995
22112211
22121977
22121978
22121979
22121980
22121981
22121982
22121983
22121984
22121985
22121986
22121987
22121988
22121989
22121990
22121991
22121992
22121993
22121994
22121995
22121996
22122212
22132213
22152182
2222
22221111
22222
222222
2222222
22222222
222222222
2222222222
222222222222
22223333
22224444
222333
222333444
222777
22312231
2233
22332233
223344
22334455
2233445566
223456789
22362236
2238qwer
2244
22442244
22446688
2244668800
2255
22552255
22558800
2277
22772277
228228228
22882288
22janv67
23011978
23011980
23011981
23011982
23011983
23011984
23011985
23011986
23011987
23011988
23011989
23011990
23011991
23011992
23011993
23011994
23011995
23011996
23011997
23012301
23021977
23021978
23021979
23021980
23021981
23021982
23021983
23021984
23021985
23021986
23021987
23021988
23021989
23021990
23021991
23021992
23021993
23021994
23021995
23021996
23022302
23031977
23031978
23031979
23031980
23031981
23031982
23031983
23031984
23031985
23031986
23031987
23031988
23031989
23031990
23031991
23031992
23031993
23031994
23031995
23031996
23032303
23041977
23041978
23041979
23041980
23041981
23041982
23041983
23041984
23041985
23041986
23041987
23041988
23041989
23041990
23041991
23041992
23041993
23041994
23041995
23041996
23041997
23042304
23051978
23051979
23051980
23051981
23051982
23051983
23051984
23051985
23051986
23051987
23051988
23051989
23051990
23051991
23051992
23051993
23051994
23051995
23051996
23051997
23052305
23061976
23061978
23061979
23061980
23061981
23061982
23061983
23061984
23061985
23061986
23061987
23061988
23061989
23061990
23061991
23061992
23061993
23061994
23061995
23061996
23071977
23071978
23071979
23071980
23071981
23071982
23071983
23071984
23071985
23071986
23071987
23071988
23071989
23071990
23071991
23071992
23071993
23071994
23071995
23071996
23081977
23081978
23081979
23081980
23081981
23081982
23081983
23081984
23081985
23081986
23081987
23081988
23081989
23081990
23081991
23081992
23081993
23081994
23081995
23081996
23082308
23091977
23091978
23091979
23091980
23091981
23091982
23091983
23091984
23091985
23091986
23091987
23091988
23091989
23091990
23091991
23091992
23091993
23091994
23091995
23101977
23101978
23101979
23101980
23101981
23101982
23101983
23101984
23101985
23101986
23101987
23101988
23101989
23101990
23101991
23101992
23101993
23101994
23101995
23101996
23102310
23111977
23111978
23111979
23111980
23111981
23111982
23111983
23111984
23111985
23111986
23111987
23111988
23111989
23111990
23111991
23111992
23111993
23111994
23111995
23112311
23121977
23121978
23121979
23121980
23121981
23121982
23121983
23121984
23121985
23121986
23121987
23121988
23121989
23121990
23121991
23121992
23121993
23121994
23121995
23121996
23121997
23122312
23132313
23142314
23212321
2323
232323
23232323
2323232323
23242324
23242526
23252325
23262326
23322332
234234234
2345
23452345
234567
23456789
234567890
2345678z
23562356
23628221
2369
23692369
23isback
23jordan
23skidoo
23wesdxc
24011980
24011981
24011982
24011983
24011984
24011985
24011986
24011987
24011988
24011989
24011990
24011991
24011992
24011993
24011994
24011995
24011996
24021976
24021978
24021980
24021981
24021982
24021983
24021984
24021985
24021986
24021987
24021988
24021989
24021990
24021991
24021992
24021993
24021994
24021995
24021996
24031977
24031979
24031980
24031981
24031982
24031983
24031984
24031985
24031986
24031987
24031988
24031989
24031990
24031991
24031992
24031993
24031994
24031995
24041978
24041979
24041980
24041981
24041982
24041983
24041984
24041985
24041986
24041987
24041988
24041989
24041990
24041991
24041992
24041993
24041994
24041995
24041996
24051978
24051980
24051981
24051982
24051983
24051984
24051985
24051986
24051987
24051988
24051989
24051990
24051991
24051992
24051993
24051994
24051995
24051996
24061978
24061979
24061980
24061981
24061982
24061983
24061984
24061985
24061986
24061987
24061988
24061989
24061990
24061991
24061992
24061993
24061994
24061995
24071980
24071981
24071982
24071983
24071984
24071985
24071986
24071987
24071988
24071989
24071990
24071991
24071992
24071993
24071994
24071995
24081977
24081978
24081979
24081980
24081981
24081982
24081983
24081984
24081985
24081986
24081987
24081988
24081989
24081990
24081991
24081992
24081993
24081994
24081995
24081996
24091979
24091980
24091981
24091982
24091983
24091984
24091985
24091986
24091987
24091988
24091989
24091990
24091991
24091992
24091993
24091994
24101977
24101978
24101979
24101980
24101981
24101982
24101983
24101984
24101985
24101986
24101987
24101988
24101989
24101990
24101991
24101992
24101993
24101994
24101995
24101996
24102410
24111978
24111979
24111980
24111981
24111982
24111983
24111984
24111985
24111986
24111987
24111988
24111989
24111990
24111991
24111992
24111993
24111994
24111995
24112411
24121976
24121977
24121978
24121979
24121980
24121981
24121982
24121983
24121984
24121985
24121986
24121987
24121988
24121989
24121990
24121991
24121992
24121993
24121994
24121995
24121996
24122412
2416101113
2424
242424
24242424
24252425
24262426
24422442
2468
24680
2468013579
246810
24681012
2468101214
24681357
246813579
24682468
24688642
2469
24692469
24862486
24gordon
2500
25002500
2501
25011978
25011979
25011980
25011981
25011982
25011983
25011984
25011985
25011986
25011987
25011988
25011989
25011990
25011991
25011992
25011993
25011994
25011995
25011996
25012501
25021977
25021978
25021979
25021980
25021981
25021982
25021983
25021984
25021985
25021986
25021987
25021988
25021989
25021990
25021991
25021992
25021993
25021994
25021995
25031978
25031980
25031981
25031982
25031983
25031984
25031985
25031986
25031987
25031988
25031989
25031990
25031991
25031992
25031993
25031994
25031995
25031996
25032503
25041977
25041978
25041979
25041980
25041981
25041982
25041983
25041984
25041985
25041986
25041987
25041988
25041989
25041990
25041991
25041992
25041993
25041994
25041995
25041996
25041997
25051975
25051976
25051977
25051978
25051979
25051980
25051981
25051982
25051983
25051984
25051985
25051986
25051987
25051988
25051989
25051990
25051991
25051992
25051993
25051994
25051995
25051996
25052005
25052505
25061977
25061978
25061979
25061980
25061981
25061982
25061983
25061984
25061985
25061986
25061987
25061988
25061989
25061990
25061991
25061992
25061993
25061994
25061996
25071977
25071978
25071979
25071980
25071981
25071982
25071983
25071984
25071985
25071986
25071987
25071988
25071989
25071990
25071991
25071992
25071993
25071994
25071995
25081978
25081979
25081980
25081981
25081982
25081983
25081984
25081985
25081986
25081987
25081988
25081989
25081990
25081991
25081992
25081993
25081994
25081995
25082508
25091978
25091979
25091980
25091981
25091982
25091983
25091984
25091985
25091986
25091987
25091988
25091989
25091990
25091991
25091992
25091993
25091994
25091995
25091996
25101977
25101978
25101979
25101980
25101981
25101982
25101983
25101984
25101985
25101986
25101987
25101988
25101989
25101990
25101991
25101992
25101993
25101994
25101995
25102510
25111978
25111979
25111980
25111981
25111982
25111983
25111984
25111985
25111986
25111987
25111988
25111989
25111990
25111991
25111992
25111993
25111994
25111995
25112511
25121975
25121976
25121977
25121978
25121979
25121980
25121981
25121982
25121983
25121984
25121985
25121986
25121987
25121988
25121989
25121990
25121991
25121992
25121993
25121994
25121995
25121996
25122512
25132513
25142514
25172517
25202520
25212521
25222522
25232523
25242524
2525
25251325
252525
25252525
2525252525
25257758
25262526
25272527
25282528
25292529
25302530
25312531
25352535
25362536
25393275
25412541
25452545
25522552
25632563
256buowriz
2580
25800852
25802580
258147369
258258258
258369147
25892589
258963147
25962596
25nuvaha
25tolife
26.09.67
26011979
26011980
26011981
26011982
26011983
26011984
26011985
26011986
26011987
26011988
26011989
26011990
26011991
26011992
26011993
26011994
26011995
26011996
26021979
26021980
26021981
26021982
26021983
26021984
26021985
26021986
26021987
26021988
26021989
26021990
26021991
26021992
26021993
26021994
26021995
26021996
26031979
26031980
26031981
26031982
26031983
26031984
26031985
26031986
26031987
26031988
26031989
26031990
26031991
26031992
26031993
26031994
26031995
26031996
26031998m
26041978
26041979
26041980
26041981
26041982
26041983
26041984
26041985
26041986
26041987
26041988
26041989
26041990
26041991
26041992
26041993
26041994
26041995
26051980
26051981
26051982
26051983
26051984
26051985
26051986
26051987
26051988
26051989
26051990
26051991
26051992
26051993
26051994
26051995
26061977
26061978
26061979
26061980
26061981
26061982
26061983
26061984
26061985
26061986
26061987
26061988
26061989
26061990
26061991
26061992
26061993
26061994
26061995
26061996
26061997
26071979
26071980
26071981
26071982
26071983
26071984
26071985
26071986
26071987
26071988
26071989
26071990
26071991
26071992
26071993
26071994
26071995
26081980
26081981
26081982
26081983
26081984
26081985
26081986
26081987
26081988
26081989
26081990
26081991
26081992
26081993
26081994
26081995
26091979
26091980
26091981
26091982
26091983
26091984
26091985
26091986
26091987
26091988
26091989
26091990
26091991
26091992
26091993
26091994
26091995
26101978
26101979
26101980
26101981
26101982
26101983
26101984
26101985
26101986
26101987
26101988
26101989
26101990
26101991
26101992
26101993
26101994
26101995
26101996
26102610
26111978
26111979
26111980
26111981
26111982
26111983
26111984
26111985
26111986
26111987
26111988
26111989
26111990
26111991
26111992
26111993
26111994
26121977
26121978
26121979
26121980
26121981
26121982
26121983
26121984
26121985
26121986
26121987
26121988
26121989
26121990
26121991
26121992
26121993
26121994
26121995
26121996
2626
262626
26262626
2663
26665806
26842684
27011978
27011979
27011980
27011981
27011982
27011983
27011984
27011985
27011986
27011987
27011988
27011989
27011990
27011991
27011992
27011993
27011994
27011995
27021978
27021979
27021980
27021981
27021982
27021983
27021984
27021985
27021986
27021987
27021988
27021989
27021990
27021991
27021992
27021993
27021994
27021995
27021996
27031978
27031980
27031981
27031982
27031983
27031984
27031985
27031986
27031987
27031988
27031989
27031990
27031991
27031992
27031993
27031994
27031995
27041977
27041978
27041979
27041980
27041981
27041982
27041983
27041984
27041985
27041986
27041987
27041988
27041989
27041990
27041991
27041992
27041993
27041994
27041995
27051977
27051978
27051980
27051981
27051982
27051983
27051984
27051985
27051986
27051987
27051988
27051989
27051990
27051991
27051992
27051993
27051994
27051995
27061979
27061980
27061981
27061982
27061983
27061984
27061985
27061986
27061987
27061988
27061989
27061990
27061991
27061992
27061993
27061994
27061995
27071977
27071978
27071980
27071981
27071982
27071983
27071984
27071985
27071986
27071987
27071988
27071989
27071990
27071991
27071992
27071993
27071994
27071995
27072007
27081980
27081981
27081982
27081983
27081984
27081985
27081986
27081987
27081988
27081989
27081990
27081991
27081992
27081993
27081994
27091979
27091980
27091981
27091982
27091983
27091984
27091985
27091986
27091987
27091988
27091989
27091990
27091991
27091992
27091993
27091994
27091995
27101977
27101979
27101980
27101981
27101982
27101983
27101984
27101985
27101986
27101987
27101988
27101989
27101990
27101991
27101992
27101993
27101994
27101995
27111978
27111979
27111980
27111981
27111982
27111983
27111984
27111985
27111986
27111987
27111988
27111989
27111990
27111991
27111992
27111993
27111994
27121977
27121978
27121979
27121980
27121981
27121982
27121983
27121984
27121985
27121986
27121987
27121988
27121989
27121990
27121991
27121992
27121993
27121994
27121995
27140621
27254931
2727
272727
27272727
27352735
27412678
275-22-74
28011980
28011981
28011982
28011983
28011984
28011985
28011986
28011987
28011988
28011989
28011990
28011991
28011992
28011993
28011994
28021978
28021980
28021981
28021982
28021983
28021984
28021985
28021986
28021987
28021988
28021989
28021990
28021991
28021992
28021993
28021994
28021995
28021996
28031979
28031980
28031981
28031982
28031983
28031984
28031985
28031986
28031987
28031988
28031989
28031990
28031991
28031992
28031993
28031994
28031995
28031996
28041977
28041979
28041980
28041981
28041982
28041983
28041984
28041985
28041986
28041987
28041988
28041989
28041990
28041991
28041992
28041993
28041994
28041995
28051978
28051979
28051980
28051981
28051982
28051983
28051984
28051985
28051986
28051987
28051988
28051989
28051990
28051991
28051992
28051993
28051994
28051995
28051996
28061977
28061979
28061980
28061981
28061982
28061983
28061984
28061985
28061986
28061987
28061988
28061989
28061990
28061991
28061992
28061993
28061994
28071976
28071977
28071979
28071980
28071981
28071982
28071983
28071984
28071985
28071986
28071987
28071988
28071989
28071990
28071991
28071992
28071993
28071994
28071995
28081976
28081978
28081980
28081981
28081982
28081983
28081984
28081985
28081986
28081987
28081988
28081989
28081990
28081991
28081992
28081993
28081994
28081995
28081996
28082008
28091979
28091980
28091981
28091982
28091983
28091984
28091985
28091986
28091987
28091988
28091989
28091990
28091991
28091992
28091993
28091994
28091995
28101977
28101978
28101979
28101980
28101981
28101982
28101983
28101984
28101985
28101986
28101987
28101988
28101989
28101990
28101991
28101992
28101993
28101994
28101995
28111980
28111981
28111982
28111983
28111984
28111985
28111986
28111987
28111988
28111989
28111990
28111991
28111992
28111993
28111994
28121976
28121977
28121978
28121979
28121980
28121981
28121982
28121983
28121984
28121985
28121986
28121987
28121988
28121989
28121990
28121991
28121992
28121993
28121994
28121995
2813308004
2828
282828
28282828
28462846
28972323
28zxrpunfa
28zxrpvnfa
29011980
29011981
29011982
29011983
29011984
29011985
29011986
29011987
29011988
29011989
29011990
29011991
29011992
29011993
29011994
29011996
29021980
29021984
29021988
29021992
29031979
29031980
29031981
29031982
29031983
29031984
29031985
29031986
29031987
29031988
29031989
29031990
29031991
29031992
29031993
29031994
29031995
29041979
29041980
29041981
29041982
29041983
29041984
29041985
29041986
29041987
29041988
29041989
29041990
29041991
29041992
29041993
29041994
29041995
29041996
29051978
29051979
29051980
29051981
29051982
29051983
29051984
29051985
29051986
29051987
29051988
29051989
29051990
29051991
29051992
29051993
29051994
29051995
29061979
29061980
29061981
29061982
29061983
29061984
29061985
29061986
29061987
29061988
29061989
29061990
29061991
29061992
29061993
29061994
29061995
29061996
29071980
29071981
29071982
29071983
29071984
29071985
29071986
29071987
29071988
29071989
29071990
29071991
29071992
29071993
29071994
29071995
29081979
29081980
29081981
29081982
29081983
29081984
29081985
29081986
29081987
29081988
29081989
29081990
29081991
29081992
29081993
29081994
29081995
29091976
29091977
29091978
29091979
29091980
29091981
29091982
29091983
29091984
29091985
29091986
29091987
29091988
29091989
29091990
29091991
29091992
29091993
29091994
29091995
29101978
29101979
29101980
29101981
29101982
29101983
29101984
29101985
29101986
29101987
29101988
29101989
29101990
29101991
29101992
29101993
29101994
29101995
29101996
29111978
29111979
29111980
29111981
29111982
29111983
29111984
29111985
29111986
29111987
29111988
29111989
29111990
29111991
29111992
29111993
29111994
29121978
29121979
29121980
29121981
29121982
29121983
29121984
29121985
29121986
29121987
29121988
29121989
29121990
29121991
29121992
29121993
29121994
29121995
29271188
292814lolo
2929
292929
29292929
29422277
29662012
29694419
29710455d
299792458
299kgj8hgf
29rsavoy
2babyboys
2babygirls
2bananas
2beautiful
2bfiy28byl
2bigballs
2bigtits
2bitches
2blessed
2blueeyes
2boobies
2bornot2b
2boys1girl
2brothers
2children
2cookies
2cool4you
2cute4you
2cxdn8s271
2daughters
2doggies
2dollars
2dragons
2dumb2live
2ealtd3y4y
2fast4u
2fast4you
2fchbg
2flowers
2friends
2fuckyou
2gangsta
2gelaf3h4a
2gether4ev
2gether4ever
2good4you
2grandkids
2h7vkzo266
2hdq6c9azv
2hot2handl
2hot4u
2hot4you
2jab4x2c
2kids4me
2kittens
2kitties
2kroliczek
2letmein
2loveyou
2m66xf2ajt
2manykids
2million
2mndonaaa
2monkeys
2muchfun
2muchlove
2muchmoney
2myspace
2n66xg2ziu
2n6ezl7xhp
2n76xg2yiu
2ndchance
2nipples
2nqw7a1517
2ofakind
2p76xg2yhv
2p76xh2xhv
2pac2pac
2pac4ever
2pac4life
2pacshakur
2password
2princess
2ps5wlc4xq
2psxvvd7
2puppies
2q2w3e8r5t
2q3w4e5r
2q87xi3vfx
2q87xi3wgw
2qaz2wsx
2qefx7t3sy
2r97xj3xex
2r97xj3xey
2roh8tl433
2sexy4you
2sisters
2smart4u
2sweet4u
2titties
2turtles
2w3e4r5t
2wsx1qaz
2wsx2wsx
2wsx3edc
2wsxcde3
2wsxzaq1
2wwerty1
3.1415926
3.141592654
3000
30003000
3000gt
30011978
30011979
30011980
30011981
30011982
30011983
30011984
30011985
30011986
30011987
30011988
30011989
30011990
30011991
30011992
30011993
30011994
30011995
30031977
30031978
30031979
30031980
30031981
30031982
30031983
30031984
30031985
30031986
30031987
30031988
30031989
30031990
30031991
30031992
30031993
30031994
30031995
30033003
30041978
30041979
30041980
30041981
30041982
30041983
30041984
30041985
30041986
30041987
30041988
30041989
30041990
30041991
30041992
30041993
30041994
30041996
30041997
30051978
30051979
30051980
30051981
30051982
30051983
30051984
30051985
30051986
30051987
30051988
30051989
30051990
30051991
30051992
30051993
30051994
30051995
30051996
3006
30061978
30061979
30061980
30061981
30061982
30061983
30061984
30061985
30061986
30061987
30061988
30061989
30061990
30061991
30061992
30061993
30061994
30061995
30063006
30071979
30071980
30071981
30071982
30071983
30071984
30071985
30071986
30071987
30071988
30071989
30071990
30071991
30071992
30071993
30071994
30081980
30081981
30081982
30081983
30081984
30081985
30081986
30081987
30081988
30081989
30081990
30081991
30081992
30081993
30081994
30081995
30091978
30091980
30091981
30091982
30091983
30091984
30091985
30091986
30091987
30091988
30091989
30091990
30091991
30091992
30091993
30091994
30091995
30101978
30101979
30101980
30101981
30101982
30101983
30101984
30101985
30101986
30101987
30101988
30101989
30101990
30101991
30101992
30101993
30101994
30101995
30101996
30103010
30111978
30111979
30111980
30111981
30111982
30111983
30111984
30111985
30111986
30111987
30111988
30111989
30111990
30111991
30111992
30111993
30111994
30111995
30121978
30121979
30121980
30121981
30121982
30121983
30121984
30121985
30121986
30121987
30121988
30121989
30121990
30121991
30121992
30121993
30121994
30121996
30123012
301285mn
3030
303030
30303030
305miami
30624700
30seconds
30secondstomars
31011979
31011980
31011981
31011982
31011983
31011984
31011985
31011986
31011987
31011988
31011989
31011990
31011991
31011992
31011993
31011994
31011995
31011996
31011997
31031977
31031978
31031979
31031980
31031981
31031982
31031983
31031984
31031985
31031986
31031987
31031988
31031989
31031990
31031991
31031992
31031993
31031994
31031995
31051977
31051979
31051980
31051981
31051982
31051983
31051984
31051985
31051986
31051987
31051988
31051989
31051990
31051991
31051992
31051993
31051994
31051995
31051996
3106934abc
31071979
31071980
31071981
31071982
31071983
31071984
31071985
31071986
31071987
31071988
31071989
31071990
31071991
31071992
31071993
31071994
31071995
31081977
31081978
31081979
31081980
31081981
31081981rs
31081982
31081983
31081984
31081985
31081986
31081987
31081988
31081989
31081990
31081991
31081992
31081993
31081994
31081995
31101977
31101978
31101979
31101980
31101981
31101982
31101983
31101984
31101985
31101986
31101987
31101988
31101989
31101990
31101991
31101992
31101993
31101994
31101995
31101996
31103110
31121977
31121978
31121979
31121980
31121981
31121982
31121983
31121984
31121985
31121986
31121987
31121988
31121989
31121990
31121991
31121992
31121993
31121994
31121995
31122008
31122009
31123112
311311
31133113
312881040
3131
313131
31313131
314159
31415926
314159265
3141592653
31415926535
3141592654
31415927
31p5wtdyg
31p5wtdyg/wgq
31x7t5xbke
32103210
321123
32113211
32123212
321321
321321321
32143214
321456987
321478965
321654
321654987
321654987a
3216732167
3219993xx
321meins
3232
323232
32323232
32342711
3234412
32503250
326159487
32615948worms
33103310
332211
33221100
33223322
333222111
3333
33333
333333
3333333
33333333
333333333
3333333333
33334444
333444555
333555777
333666
333666999
333777333
33443344
33445566
3353212li
33663366
336699
33rjhjds
3434
343434
34343434
34416912
34523452
34563456
34567890
34erdfcv
3500sucks
350chevy
3526535265
3535
353535
35353535
35365123
35793579
357magnum
360modena
362436
3636
363636
36363636
3651118xun
368ejhih
36903690
369258147
369369
369369369
369852147
36987412
369874125
36chambers
37213721
37217086
3728
3737
373737
37373737
37gudoplfs45
380zliki
3825
38253825
383838
38383838
383pdjvl
38gjgeuftd
38special
39073588
393041123
393939
39393939
3ans97t397
3bitches
3blindmice
3boys1girl
3brothers
3children
3d8cubaj2e
3daughters
3daysgrace
3dognight
3doorsdown
3e4r5t6y
3edc4rfv
3edcvfr4
3ehd1ixi1y
3fozaqb33q
3friends
3grandkids
3ip76k2
3iverson
3ki42x
3kids4me
3kitties
3l3phant
3monkeys
3mpz4r
3odi14ngxb
3odi15ngxb
3odi55ngxb
3password
3pointer
3puppies
3q2w3e4r3t
3qdlqb49js
3qvn5k4qgv
3qvqod
3rjs1la2qe
3rjs1la7qe
3rjs5la8qe
3s43pth5aea
3sa8xk4xdz
3sisters
3some
3stooges
3syqo15hil
3tb8xl42bj
3tb9xm42xi
3tktkthth
3tmnej
3tutso24qf
3u7wrkaa8j
3ub9xm53xi
3uc9xn53xh
3way
3x7pxr
3yixda15hr
3zibuvmrx6
40028922
4040
404040
40404040
4040782as
4077mash
41034103
4121
41234123
4128
414141
41414141
41563445
4200
420000
420247
420420
420420420
4204life
420allday
420bitch
420blaze
420smoke
420stoner
421uiopy258
4226
4242
424242
42424242
42684268
426hemi
4271
427900
427cobra
4294967296
43046721
4321
43211234
43214321
4321rewq
4343
434343
43434343
4391634m
43922572
4417
44332211
4444
44442013vkkv
44444
444444
4444444
44444444
444444444
4444444444
44445555
44448888
444555666
44554455
445566
44556677
44f16f17f
44magnum
45124512
45214521
4545
454545
45454545
4545454545
45533990
45544554
456123
456123789
456321
456456
456456456
45654565
456654
4567
45674567
456789
45678910
456789123
45683968
45874587
45m2do5bs
46265216
463395727
464646
46464646
46466452
46494649
46709394
4711
47114711
4747
474747
47474747
474jdvff
47593893
476730751
48151623
4815162342
4815162342a
4815162342lost
4815162342q
484848
48484848
48624862
4949
494949
49494949
49ers
49ersrule
4beatles
4brothers
4children
4eternity
4ever
4everlove
4everluv
4evermine
4evermore
4everurs
4everyoung
4everyours
4f51eijvif
4forever
4freedom
4friends
4g3uvrxn7w
4getmenot
4grandkids
4horsemen
4j9r4rnttp
4linkedin
4me2know
4mnveh
4monkeys
4mutdfgvtp
4myfamily
4mygirls
4myspace
4ng62t
4password
4r3e2w1q
4r5t6y7u
4rfv5tgb
4rfvbgt5
4runner
4seasons
4shizzle
4sisters
4snz9g
4success
4sunshine
4thekids
4thofjuly
4tlved
4vdaxp542g
4vgyvq46aj
4wcqjn
4wdaxp642f
4wdaxq642f
4weaxq642e
4wheeler
4wwvte
4xeaxr653e
4xebxr653d
4xxlqu94yo
4yfb2s753c
4yfb2s753d
4you
4zqauf
5.254.105.20:test
5.254.105.20:test1
5000
5050
505050
50505050
50cent
50cent123
50cent50
50spanks
51200000
51286700
5150
515000
515051
51505150
5151
515151
51515151
51525354
5152535455
51535759
51615801
52013140
5201314520
5201314a
520520520
520love101182
52105210
521521521
52253823
52255225
5232
523456789
523698741
5252
525252
52525252
52545658
5291
52hoover
5329
53472235
5353
535353
53535353
5401
54226269
5424
5432
54321
543210
5432112345
5432154321
5454
545454
54545454
54565456
547896321
551976ms
551scasi
55225522
55255525
5532361cnjqrf
5544332211
554uzpad
5551212
555151asd
5555
55554444
55555
555555
5555555
55555555
555555555
5555555555
55555555555
555555555555
555555555555555
5555555tl
5555566666
55555lvl
55556666
55558888
555666
555666777
55665566
55667788
5566778899
55bgates
563214789
5647382910
5656
565656
56565656
567567567
5678
56785678
567890
5678dance
5683
56835683
5683love
569874123
56qhxs
56tyghbn
5757
575757
57575757
579395571
57chevy
57np39
584131420
584131421
5841314520
5841314521
584201314
5845201314
5845211314
58565254
5858
585858
58585858
59230120
594love168
595490067ua1
59595959
59635963
5a8b9c2d
5ahc2v875z
5bhc2v875z
5bt2jtztke
5children
5element
5fingers
5grandkids
5hsu75kpot
5jn16uxpid
5lyedn
5million
5monkeys
5plk4l5uc7
5q2w3e4r5t
5qwerty67890
5rxypn
5starbitch
5starchick
5t4r3e2w1q
5t6y7u8i
5tgb6yhn
5tgbnhy6
5wr2i7h8
5x1cjdsb9p
5xfgs3ii9d
5xq57cgseb
5zgb2t764b
5zgc2t764b
606060
60606060
616161
61616161
616913
619619619
61atnakaeva
622906268
62543234
626262
62626262
63145151
63245009
63256632
634142554
635241
636363
63636363
63impala
6464
646464
64646464
64impala
650829yjm
654321
65432100
654321123456
654321987
654321abc
654654654
654987321
655321
656565
65656565
65impala
65mustang
6610_2006
66613666
6666
66666
666666
6666666
66666666
666666666
666666666666
6666666666empulgara
66667777
66668888
66669999
666777
666777888
6669
666999
666999666
666beast
666devil
666fafnir
666satan
66778899
66996699
66chevelle
66mustang
673kobby
67529353
676767
67676767
6789
67896789
67camaro
67chevelle
67mustang
67shelby
6817zd57
68582988
686868
68686868
68camaro
68charger
68chevelle
68mustang
69664848
6969
696969
69696969
6996
69966996
69camaro
69camero
69charger
69chevelle
69cougar
69mustang
69qd5cgxhu
6acaxa54be
6bjvpe
6cctbbk516
6chid8
6children
6cs2huaulf
6cxd2x986x
6d2-24e5r
6dnwch275049
6exe3za97v
6feetunder
6grandkids
6hbf28w791
6letters
6lfxlo629ui
6shooter
6strings
6thgrade
6uldv8
6v21wbgad
6y4rv0a992
6yhn7ujm
7007
70142021103
70707070
70chevelle
71191926
71310615
713houston
717171
71717171
71chevelle
723723723
727272
72727272
72chevelle
72d5tn
73439984
73501505
737373
73737373
737kkblskv
73jagtk4q
74107410
74108520
741085209630
74123698
741236985
741258963
741456963
741741741
741852
74185296
741852963
741852963a
741852963q
741852963z
741963852
742617000027
74699723
7474
747474
74747474
748159263
74a82s78
74gangsta
753159
753951
753951456
753951852
753951852456
757575
75757575
759123asd
7654321
76543210
7654321a
7654321q
766rglqy
7676
767676
76767676
7734
774517397
7753191a
77585210
776158ab
777555333
777555666
7777
77777
777777
7777777
77777771
77777777
777777777
777777777777
77777778
7777777a
7777777c
7777777d
7777777j
7777777k
7777777m
7777777n
7777777q
7777777s
7777777v
7777777z
77778888
77779999
777888999
7779311
777dashuta157
777jesus
777kroxa
7783757s
77887788
778899
77889900
784512963
784951623
786786786
786allah
7878
787878
78787878
7890
78907890
7890uiop
789123
789123456
78917891
7894
789456
78945612
789456123
789456123a
789456123b
789456123m
789456123q
789456123z
789456321
789456qwe
78951230
789512357
7895123z
78963214
789632145
789632147
789654
789654123
789654321
789789
789789789
789852123
789987
789987789
78kdow9spf
791159392
79137913
794613258
794613852
79621601378.kirill
79641777070
797979
79797979
79camaro
79transam
7bgiqk
7children
7cr2gubvmg
7e9lnk3fc01
7e9lnk3fco
7elephants
7f4df451
7fperlangel
7fxf3jaa7u
7fxf3jba8t
7grandkids
7grout
7jokx7b9du
7kbe9d
7nc4lqw7to
7samurai
7sfqc8zi5d
7so2ekbc6r
7thgrade
7thheaven
7u8i9o0p
7uftyx
7ugd5hip2j
7uqbwx8n4z
7v8bv5teow
7xm5rq
8-9899578642
80173rroom5
80808080
808state
80959002443
80fefune
811224bai
814336633
81726354
818181
81818181
81fukkc
82214989
824553435ss
82468246
82597971
827ccb0eea8a706c4c
82828282
82airborne
830928urodziny
83742222
83773049
83y6pv
84131421
84268426
84569280
84728472
84848484
849vak17
8520
85200258
85207410
85208520
85218812
852456
852456852456
852741963
852852852
852963741
8543852
85726648
85858585
858877108aop
8602229096klo
86026403
86248624
863abgsg
86402241
8675309
8675309a
8675309j
868686
86868686
870621345
87651234
87654321
876543210
87654321a
87654321q
87654321q.
878787
87878787
88002000600
88488848
88552200
8888
88888
888888
8888888
88888888
888888881
888888888
88888888a
88889999
88998899
88mustang
89058895869cth
89140041205
89173371487v
89216279708a
89217657066
89272585
89631139
8989
898989
89898989
89moocows
89mustang
8ba9klw1ce
8dihc6
8en3dwdxpi
8iiw4ct9rq
8inches
8ix6s1fceh
8j4ye3uz
8letters
8phrowz622
8phrowz624
8rlb9l1squ
8seconds
8thgrade
8uiazp
8uxzd1b3bd
8vjzus
8wwh19duyj
8x2h4eddan
8x2h4fccap
8x2h4fddap
8xxg4gcc9q
9-11-1961
90107142a
90210
902100
909090
90909090
911911
911911911
911turbo
9121318barssuki
91827364
918273645
91866709
91919191
91camaro
91mustang
92246247
92298899
922i4ceebk
922i4ddebm
922i4deebm
922j5cefcj
92631043
92702689
9293709b13
92camaro
92dk2cidp
92k2cizcdp
9379992a
9379992q
93mustang
94246843
94327579
94793763
94mustang
9508402243id
95135876
951753
951753123
951753456
951753654
951753852
951753852456
951753aa
951951951
95279527
95368452
95959595
95camaro
95mustang
96132925
96321478
963214785
963258741
963741852
963852
96385274
963852741
963852741a
963963963
969696
96969696
96impala
96mustang
9749676621ok
97979797
987321654
98741236
987412365
987456
987456123
987456321
9876
98765
987654
987654123
98765432
987654321
98765432100
987654321123456789
987654321a
987654321b
987654321c
987654321d
987654321g
987654321j
987654321k
987654321l
987654321m
987654321n
987654321p
987654321q
987654321r
987654321s
987654321t
987654321w
987654321z
98766789
98769876
987987
987987987
9898
989898
98989898
98mustang
99009900
99887766
99889988
999666333
999888777
9999
99990000
99998888
99999
999999
9999999
99999999
999999999
999999999999
999999999a
99bottles
99mustang
99problems
99xfxlo19ui
9ac9hb7vvx
9inchnails
9itz78vufw
9skw5g
9uzp9jek3f
9xx7c8gseb
9yqss2h9ub
9yue27ri
<password>
?????
??????
????????
?????????
??????????
???????????
????????????
???????????????
a!515253
a0000000
a00000000
a0123456
a1111111
a11111111
a111111111
a11223344
a1169619
a12121212
a123123123
a123123a
a123321a
a12341234
a12344321
a12345
a123456
a1234567
a12345678
a123456789
a1234567890
a123456789a
a123456a
a123456b
a123456z
a123654789
a123a123
a123b456
a12b13c14
a1314520
a147258369
a1a1a1a1
a1a1a1a1a1
a1a2a3a4
a1a2a3a4a5
a1a2a3a4a5a6
a1b1c1d1
a1b2c3
a1b2c3d4
a1b2c3d4e5
a1b2c3d4e5f6
a1l2e3x4
a1s2d3f4
a1s2d3f4g5
a1s2d3f4g5h6
a1z2e3r4
a22j5bffci
a2345678
a23456789
a2a2a2a2
a33k5afgdh
a3eilm2s2y
a42904290
a5201314
a6543210
a741852963
a7654321
a7758521
a7777777
a789456123
a7ckuntldy
a7x4life
a7xrocks
a838hfid
a8675309
a87654321
a88888888
a987654321
a9999999
a999999999
a:sldkfj
aa000000
aa111111
aa112233
aa11bb22
aa123123
aa123321
aa123456
aa1234561
aa1234567
aa12345678
aa123456789
aa224466
aa261599
aa3030316
aa456852
aa5201314
aaa111
aaa111aaa
aaa123123
aaa12345
aaa123456
aaa340
aaaa
aaaa0000
aaaa1111
aaaa1234
aaaaa
aaaaa1
aaaaa11111
aaaaaa
aaaaaa1
aaaaaa11
aaaaaa12
aaaaaa123
aaaaaaa
aaaaaaa1
aaaaaaa7
aaaaaaaa
aaaaaaaa1
aaaaaaaaa
aaaaaaaaa1
aaaaaaaaaa
aaaaaaaaaaa
aaaaaaaaaaaa
aaaaaaaaaaaaaaa
aaaaaaaaaaaaaaaa
aaaabbbb
aaaassss
aaabbb
aaabbbccc
aaasssddd
aabb1122
aabbcc123
aabbccdd
aaliyah
aaliyah01
aaliyah08
aaliyah1
aaliyah12
aaliyah123
aaliyah2
aaliyah22
aaliyah3
aaliyah4
aaliyah5
aaliyah7
aaprintbb
aardvark
aardvark1
aaron
aaron1
aaron123
aaron1234
aaron431
aassddff
aavlg728
ab123456
ab12345678
ab12cd34
ab7f23rsv
abab1122
abababab
abacab
abacus
abaybay1
abba
abbaabba
abbey1
abbey123
abbey2010
abbeyroad
abbie123
abbigail
abbott
abby
abby1234
abbydog1
abbygail
abbygirl
abbygirl1
abc123
abc123123
abc123321
abc1234
abc12345
abc123456
abc123456!
abc1234567
abc12345678
abc123456789
abc123abc
abc123abc123
abc123def
abc123def456
abc123xyz
abcabc
abcabc123
abcabcabc
abcd
abcd123
abcd1234
abcd12345
abcd123456
abcd2244
abcd4321
abcdabcd
abcde
abcde123
abcde1234
abcde12345
abcdef
abcdef12
abcdef123
abcdef1234
abcdef123456
abcdefg
abcdefg!
abcdefg.
abcdefg1
abcdefg12
abcdefg123
abcdefg2
abcdefg3
abcdefg5
abcdefg7
abcdefgh
abcdefgh1
abcdefgh12
abcdefghi
abcdefghi1
abcdefghij
abcdefghijk
abcdefghijkl
abcxyz123
abdallah
abdelkader
abdellah
abdoulaye
abdul123
abdulaziz
abdullah
abdullah1
abdullahi
abelardo
abenteuer
abercrombi
abercrombie
aberdeen
aberdeen1
abgos999
abgrtyu
abhi1234
abhijeet
abhilash
abhilasha
abhimanyu
abhishek
abigail
abigail01
abigail1
abigail11
abigail12
abigail123
abigail2
abigail3
abigail4
abigail5
abigail7
abimbola
abiodun1
abnormal
abracadabr
abracadabra
abraham
abraham1
abrakadabra
abramova
abraxas
abrejkina
absinthe
absolut
absolut1
absolute
absolute1
absolutely
abstr
abstract
abstract1
abubakar
abucanda
abudhabi
abuelita
abulafia
abundance
abundance1
abuse_123456_abuse
ac123456
ac3sg728
academia
academic
academy1
acapulco
acapulco1
accenture
access
access01
access1
access12
access123
access14
access99
accident
accord
account
account1
account123
account2
accountant
accounting
accounts
acdc
acdc1234
acdcacdc
acdcrocks1
ace12345
ace154ever
aceace
aceeva.irina
aceman
acer
acer1234
aceracer
aceraspire
aceshigh
achiever
achilles
achilles1
achtung
acid
acidburn
acls2h
acmilan1
acmilan1899
acoustic
acoustic1
acquario
action
action123
actionman
activate
active
actlg728
actress1
acuario1
acura
aczx7812
ad123456
adadadad
adalberto
adam
adam12
adam1234
adam12345
adam2326
adam25
adamadam
adams
adams33486
addict
addicted
addicted1
addiction
addison
addison1
addison2
addl0223
address
address1
adebayo1
adebayor
adebowale
adedoyin
adejimi1
adekunle
adekunle1
adelaida
adelaide
adelaide1
adelante
adelina1
adeline1
adeniran
aderonke
adeshina
adetunji
adewale1
adewunmi
adeyinka
adgjmptw
adgjmptw0
adgjmptw1
adidas
adidas01
adidas10
adidas11
adidas12
adidas123
adidas13
adidas14
adidas21
adidas22
adidas23
adidas69
adidas777
adidas88
aditya123
admin
admin1
admin1213
admin123
admin1234
admin12345
admin123456
admin2010
adminadmin
administra
administrator
admiral
admiral1
adnan123
adolfhitler
adonis
adoption
adorable
adorable1
adrenalin
adrenalina
adrenaline
adrian
adrian01
adrian05
adrian06
adrian07
adrian08
adrian09
adrian10
adrian11
adrian12
adrian123
adrian1234
adrian13
adrian14
adrian15
adrian16
adrian17
adrian18
adrian21
adrian22
adrian23
adrian24
adrian28
adriana
adriana1
adriana12
adriana123
adriana13
adriana2
adrianita
adrianna
adrianna1
adrianne
adriano1
adriano10
adrienne
adrienne1
adult
adults
advance
advance1
advanced
advanced1
advantage
advent
adventure
adventure1
advertising
advocate
aeiou123
aeiou12345
aekara21
aerobics
aeroplane
aeropostal
aerosmit
aerosmith
aerosmith1
aerospace
aezakmi1
aezakmi123
af123456
affection
affinity
afganistan
afghan123
afghanistan
afireinside
africa
africa12
africa123
african1
afrodita
afrodite
afroman1
afterlife
aftermath
aftermath1
again
agamemnon
agbdlcid
agent
agent007
agente007
aggarwal
aggie
aggies
aggies12
aggroberlin
agnieszka
agnieszka1
agostina
agostino
agriculture
aguacate
aguilar1
aguilas1
aguilas10
aguilera
agustin1
agustina
agyvorc
ahbird1984
ahmad123
ahmed123
ahmed12345
ahmed_orudzhov
ahmedabad
ahmedahmed
ahmet123
ahovbipw
ahovwpib
aidan123
aiden123
aikido
aikman
aikman08
aileen
aiman123
aimee
aimee123
aini1314
airborne
airborne1
airborne82
airbus
airbus320
airbus380
airbusa380
aircraft
airedale
airforce
airforce1
airforce2
airhead1
airjordan
airjordan1
airjordan2
airjordan23
airman
airmax95
airplane
airplane1
airplanes
airport
airport1
airsoft1
airwalk1
airwolf
aisan
aisha123
aishiteru
aishiteru1
aishwarya
aissatou
aj123456
ajax
ajcuivd289
ajnjuhfabz
ak123456
ak47ak47
akademia
akademiks11
akanksha
akash123
akatsuki
akatsuki1
akax89wn
akhilesh
akindele
akinsanmi
akinsola
akinwale
akinyemi
akira
akira123
akkolesnikov
akomismo
akopa123
akril2442
aksaray68
aksenov.dms
aksrms8010
akucantik
akucinta
akucintaka
akucintakamu
akuganteng
akunamatata
akusayangk
akusayangkamu
al123456
al3xand3r
al9agd
alabama
alabama1
alabama12
alabama123
alabama2
alabama3
alabaster
aladdin1
aladin
alain
alakazam
alamakota
alamierda
alan
alan1234
alana123
alanalan
alanis
alannah1
alaska
alaska11
alaska12
alaska123
alastair
alatam
albacete
albachiara
albania1
albany
albastru
albatros
albatross
albert
albert01
albert11
albert12
albert123
albert13
alberta
alberta1
albertina
alberto
alberto1
alberto10
alberto12
alberto123
alberto13
alberto2
albina-1945
albino
albion
alcantara
alcapone
alcat
alcatraz
alcatraz1
alchemist
alchemist1
alchemy
alchemy1
alcohol
alcohol1
aldebaran
alec
alegria1
alejandr
alejandra
alejandra.
alejandra1
alejandra2
alejandra3
alejandra7
alejandra9
alejandro
alejandro.
alejandro0
alejandro1
alejandro123
alejandro2
alejandro3
alejandro5
alejandro7
alejandro8
alejandro9
aleks-270379
aleksandar
aleksander
aleksandr
aleksandr.ustinov.2012
aleksandra
aleksandra1
alekseev
alekseeva
aleksej.shorin.86
aleksis1611
alemanha
alemania
alena123
alena_plotnikova_1995
alenushka
alert
alesana1
alessand
alessandra
alessandro
alessandro1
alessia1
alessio1
alevtina
alex
alex1234
alex12345
alex123456
alex1972
alex1973
alex1974
alex1975
alex1976
alex1977
alex1978
alex1979
alex1980
alex1981
alex1982
alex1983
alex1984
alex1985
alex1986
alex1987
alex1988
alex1989
alex1990
alex1991
alex1992
alex1993
alex1994
alex1995
alex1996
alex1997
alex1998
alex1999
alex2000
alex2001
alex2002
alex2003
alex2004
alex2005
alex2006
alex2007
alex2008
alex2009
alex2010
alex2011
alex2539
alex4ever
alexa
alexa123
alexalex
alexalex1
alexande
alexander
alexander!
alexander.
alexander0
alexander1
alexander11
alexander12
alexander123
alexander2
alexander3
alexander4
alexander5
alexander6
alexander7
alexander8
alexander9
alexandr
alexandra
alexandra0
alexandra1
alexandra2
alexandra3
alexandra7
alexandra9
alexandre
alexandre1
alexandrea
alexandria
alexandro
alexandros
alexandru
alexandru1
alexdelpiero
alexdok76
alexia
alexis
alexis00
alexis01
alexis02
alexis03
alexis04
alexis05
alexis06
alexis07
alexis08
alexis09
alexis10
alexis11
alexis12
alexis123
alexis1234
alexis13
alexis14
alexis15
alexis16
alexis17
alexis18
alexis20
alexis21
alexis22
alexis23
alexis24
alexis25
alexis96
alexis97
alexis98
alexis99
alexrv_06
alexsander
alexsandr
alexsandra
alexzander
alfa
alfaalfa
alfabeta
alfakran
alfaomega
alfarome
alfaromeo
alfaromeo1
alfie123
alfonso1
alfred
alfred123
alfred19
alfredo
alfredo1
alfredo123
algebra1
algebra2
algernon
alhambra
alhamdulillah
ali12345
ali123456
alialiali
alianza1
alianzalima
alibaba
alibaba1
alicante
alice
alice1
alice123
aliceadsl
alicia
alicia01
alicia10
alicia11
alicia12
alicia123
alicia13
alicia21
alicia22
alicia23
alien
alien123
aliens
alienware
aliev0583
aligator
alija-gatina0
alina123
alina1995
alina1997
alina1998
alina2010
alinaalina
aline123
alino4ka
alinochka
alinutza
alisa123
alisha
alisha123
alison
alison12
alison123
alissa
alistair
alitalia
alive
aliya.mutallapova
alkaline
alkaline3
all4jesus
all4love
all4one
allaboutme
alladin79
allah123
allah786
allahabad
allahakbar
allahallah
allahhoo
allahis1
allahisgreat
allahisone
allahoakbar
allahswt
allahuakba
allahuakbar
allalone
allalone1
allan
allan123
allblack
allblacks
allblacks1
allday
allegra1
allegria
allegro
allegro1
alleluia
allen
allen1
allen123
alleniverson
alley
alleycat
alleycat1
allezlom
allgood
allgood1
alliance
alliance1
allie
allie123
alliecat
alligator
alligator1
alligator3
allinone
allison
allison!
allison1
allison11
allison12
allison123
allison13
allison2
allison3
allison4
allison5
allison7
allister
alliswell
allman
allmeu112
allmine
allmine1
allmine2
allmylife
allnight
alloallo
allochka
allrecipes
allright
allsaints
allsop
allstar
allstar1
allstar11
allstar12
allstar123
allstar13
allstar2
allstar23
allstar3
allstar5
allstar7
allstars
allstars1
allstate
allstate1
allthebest
alltheway
alltimelow
allycat1
allyson1
allyssa1
almario927
almaz_kiramov
almendra
almighty
almighty1
almighty5
almond
almudena
aloevera
aloha
aloha123
alohamora
alohomora
alondra1
alone
alone4ever
alonso14
alouette
aloysius
alpacino
alpha
alpha1
alpha123
alpha1906
alphabet
alphabet1
alphabeta
alphaomega
alphonse
alpina
alpine
alquimia
already1
alright
alright1
alskdjfhg
alskdjfhg1
altagracia
altamira
altavista
altec
alteclansing
alterego
alterego1
alternate
alternativ
alternativa
alternative
althea
althor
altima
altoids
altoids1
alucard
alucard1
alucard666
aluminum
alvarado
alvarado1
alvarez1
alvarito
alvin
alvin123
always
always12
always123
alwaysandf
alyson
alyssa
alyssa01
alyssa02
alyssa03
alyssa04
alyssa05
alyssa06
alyssa07
alyssa08
alyssa09
alyssa10
alyssa11
alyssa12
alyssa123
alyssa13
alyssa14
alyssa15
alyssa16
alyssa21
alyssa22
alyssa23
alyssa99
am123456
amadeus
amadeus1
amadeus55
amanaman
amanda
amanda00
amanda01
amanda02
amanda03
amanda05
amanda06
amanda07
amanda08
amanda09
amanda1
amanda10
amanda101
amanda11
amanda12
amanda123
amanda1234
amanda13
amanda14
amanda15
amanda16
amanda17
amanda18
amanda19
amanda20
amanda21
amanda22
amanda23
amanda24
amanda25
amanda26
amanda27
amanda33
amanda69
amanda77
amanda86
amanda87
amanda88
amanda89
amanda92
amanda93
amanda95
amanda99
amandeep
amandine
amanecer
amarachi
amaretto
amarillo
amarillo1
amarnath
amaterasu
amateur
amateurs
amatuers
amature
amazing
amazing!
amazing1
amazing123
amazing2
amazinggrace
amazon
amazonas
amazonia
amazonka
ambassador
amber
amber1
amber101
amber123
amber1234
amberlynn
ambers
ambiente
ambition
ambition1
ambrose
ambrose1
ambrosia
ambrosio
ambulance
ambulance1
amdturion64
amelia
amelia12
amelia123
amenamen
america
america!
america#1
america.
america01
america07
america08
america09
america1
america10
america100
america11
america12
america123
america13
america14
america15
america16
america17
america18
america2
america21
america22
america23
america3
america4
america5
america6
america7
america8
america9
american
american1
american12
american2
americana
americano
americanpie
americas
amerika1
amerikanblend
ameteur
amethyst
amethyst1
ametistfatal
ametuer
amicizia
amidamaru
amiga
amigo
amigo123
amigos
amina123
aminin94
aminlove
amiramir
amiret2015
amirkhan
amistad1
amit1234
amitkumar
ammaamma
ammaappa
ammananna
ammukutty
amoah2010
amojesus
amonra
amor
amor1234
amor2009
amoramor
amorcito
amorcito1
amoremio
amoremio1
amoremiotiamo
amoreterno
amoretiamo
amormio1
amorsito
amorypaz
amorzinho
amour100
amoureuse
amoureux
amritsar
amstel
amsterda
amsterdam
amsterdam1
an123456
an4oys12120
ana12345
ana123456
anabelen
anabella
anabelle
anacarolina
anaclara
anacleto
anaconda
anaconda1
anaheim1
anaheim714
anaisabel
anajulia
anakaren
anakin
anakonda
anal
analaura
analsex
analsex1
analsex69
analucia
analuisa
analuiza
anamaria
anamaria1
anamarie
anand123
anapaula
anarchia
anarchie
anarchist
anarchy
anarchy1
anarchy666
anarchy99
anarquia
anasofia
anastacia
anastacia1
anastasi
anastasia
anastasia1
anastasija
anastasija3010
anastasiy
anastasiya
anastasya
anathema
anatolii
anatoliy
anatomia
anatomy1
anchor
anchorage
ancient1
andalucia
anderlecht
anders
andersen
anderson
anderson1
anderson12
anderson2
andersson
andg1705
andi121382
andiamo1
andrade1
andre
andre123
andre1986
andre3000
andrea
andrea01
andrea05
andrea06
andrea07
andrea08
andrea09
andrea1
andrea10
andrea11
andrea12
andrea123
andrea1234
andrea13
andrea14
andrea15
andrea16
andrea17
andrea18
andrea19
andrea20
andrea21
andrea22
andrea23
andrea24
andrea25
andrea69
andrea77
andrea88
andrea89
andrea99
andreas
andreas1
andreas123
andreea1
andreeva
andrei123
andrei_rew
andreika
andreina
andreita
andrejka
andres
andres01
andres10
andres12
andres123
andres13
andresito
andressa
andrew
andrew00
andrew01
andrew02
andrew03
andrew04
andrew05
andrew06
andrew07
andrew08
andrew09
andrew1
andrew10
andrew101
andrew11
andrew12
andrew123
andrew1234
andrew13
andrew14
andrew15
andrew16
andrew17
andrew18
andrew19
andrew20
andrew21
andrew22
andrew23
andrew24
andrew25
andrew26
andrew27
andrew28
andrew29
andrew33
andrew55
andrew69
andrew77
andrew86
andrew87
andrew88
andrew89
andrew91
andrew92
andrew93
andrew94
andrew95
andrew96
andrew97
andrew98
andrew99
andrews
andrews1
andrey
andrey-1983_08
andrey.shalanov
andrey123
andrey1412ua
andrey1983
andrey1995
andrey1996
andrey1997
andreyka
andreyka.gorshkov.98
andreyka.zhilin.1981
andriana
android1
andromed
andromeda
andromeda1
andruhova.1982
andrusha
andrusic1
andrzej1
andy
andy1234
andy1999
andyandy
andyod22
andyouone
andypandy
andysixx
anetka11
anewlife
anfield
anfield1
angarova81
angcuteko
angedemon
angel
angel001
angel007
angel1
angel100
angel101
angel111
angel123
angel1234
angel12345
angel143
angel1985
angel1987
angel1988
angel1989
angel1990
angel1991
angel1992
angel1993
angel1994
angel1995
angel1996
angel1997
angel1998
angel2000
angel2001
angel2003
angel2004
angel2005
angel2006
angel2007
angel2008
angel2009
angel2010
angel2011
angel321
angel333
angel420
angel4ever
angel4life
angel555
angel637
angel666
angel675
angel777
angel911
angel999
angela
angela01
angela08
angela1
angela10
angela11
angela12
angela123
angela13
angela14
angela15
angela18
angela21
angela22
angela23
angela69
angelangel
angelbaby
angelbaby1
angelbaby2
angelboy
angeldevil
angeldog
angeldust
angeles1
angeleyes
angeleyes1
angeleyes2
angelface
angelface1
angelfire
angelfire1
angelfish
angelgirl
angelgirl1
angelheart
angelic1
angelica
angelica1
angelica12
angelica13
angelica2
angelidis
angelika
angelika1
angelina
angelina1
angelina12
angelina2
angelina3
angeline
angeline1
angelino
angelique
angelique1
angelita
angelita1
angelito
angelito1
angelitos
angellove
angellove1
angelo
angelo01
angelo12
angelo123
angelo4ek
angelochek
angels
angels01
angels02
angels07
angels10
angels11
angels12
angels123
angels13
angels21
angels22
angels23
angels27
angels69
angels77
angelseye22
angelus
angelus1
angelwings
anggandako
angie
angie123
angioletto
angle123
angpogiko
angrybirds
angus
angus1
angus123
angusyoung
angwar77
anhmaiyeuem
anhnhoem
anhyeuem
anhyeuem1
anhyeuem123
ania1986
anilkumar
animal
animal11
animal12
animal123
animal13
animal69
animales
animals
animals1
animals12
animals123
animals2
animals3
animated
animation
animation1
animator
anime
anime101
anime123
anime4ever
animefreak
animelover
anindita
anisoara
anita
anita123
anjaneya
anjelika
anjing123
ankara06
ankit123
anna
anna.savickaya.1986
anna1234
anna12345
anna1982
anna1983
anna1984
anna1985
anna1986
anna1987
anna1988
anna1989
anna1990
anna1991
anna1992
anna1993
anna1994
anna1995
anna1996
anna1997
anna1998
anna1999
anna2000
anna2001
anna2002
anna2003
anna2004
anna2005
anna2006
anna2007
anna2008
anna2009
anna2010
anna2011
anna2976
annaanna
annaba23
annabel1
annabell
annabell1
annabella
annabella1
annabelle
annabelle1
annagor20
annalena
annalisa
annalise
annaliza
annamaria
annamaria1
annamarie
annamarie1
annapurna
annarella
annarita
annarose
anne
anneanne
annelies
anneliese
annelise
annemarie
annemarie1
annette
annette1
annie
annie1
annie123
anniedog
annika
anniversary
annmarie
annmarie1
anno1602
annoying
annoying1
annushka
annywka_86
anointed
anointed1
anonelbe
anonymous
anonymous1
anorexia
another
another1
anoushka
anshuman
answer
antalya07
antares
antares1
anteater
antelope
anthony
anthony!
anthony.
anthony0
anthony00
anthony01
anthony02
anthony03
anthony04
anthony05
anthony06
anthony07
anthony08
anthony09
anthony1
anthony10
anthony101
anthony11
anthony12
anthony123
anthony13
anthony14
anthony15
anthony16
anthony17
anthony18
anthony19
anthony2
anthony20
anthony200
anthony21
anthony22
anthony23
anthony24
anthony25
anthony26
anthony27
anthony28
anthony29
anthony3
anthony33
anthony4
anthony5
anthony6
anthony69
anthony7
anthony77
anthony8
anthony88
anthony89
anthony9
anthony99
anthrax
anthrax1
antichrist
antiflag
antiflag1
antigone
antigua1
antihero
antilles
antiques
antivirus
antoha50a
antoine
antoine1
antoinette
anton
anton123
anton1995
anton1996
antonanton
antonela
antonella
antonella1
antonello
antonette
antonia
antonia1
antonichmeli
antonietta
antonina
antonine1
antonino
antonio
antonio.
antonio01
antonio1
antonio10
antonio11
antonio12
antonio123
antonio13
antonio14
antonio15
antonio16
antonio17
antonio18
antonio2
antonio21
antonio22
antonio23
antonio3
antonio4
antonio5
antonio6
antonio69
antonio7
antonio8
antonio9
antonius
antonova
antony
antoshka
antsiferova1973
antusenok_zhekonya
antwerpen
anubis
anuoluwapo
anupriya
anuradha
anushree
anycall123
anything
anything1
anything12
anything2
anytime
anytime1
anywhere
aobo2010
aol123
aolsucks
aosamples
aotearoa
apache
apalkova.tatiana
aparecida
apartment
apfelbaum
aphrodite
aphrodite1
apjsqpm844
apocalipse
apocalipsis
apocalypse
apokalipsa
apokalipsis
apollo
apollo1
apollo11
apollo12
apollo123
apollo13
apologize
apolonia
appaamma
appaloosa
appelsap
apple
apple1
apple101
apple111
apple123
apple1234
apple12345
appleapple
applebees1
applejack
applejack1
applejacks
applejuice
applemac
applepie
applepie1
applepie12
applepie2
apples
apples01
apples10
apples11
apples12
apples123
apples13
apples22
apples23
applesauce
appleseed
appleseed1
appleton
appletree
appletree1
application
approtec
approved
apricot
april
april1
april123
april1987
april1988
april1990
april1991
april1992
april1994
april2006
april2007
april2008
april2009
april2010
april420
aprilfool
aprilia
aprilia1
apsk0518
apsk54321
aptiva
aptx4869
aq123456
aq1sw2de3
aqswdefr
aquafina
aquafina1
aqualung
aquamarine
aquarium
aquarius
aquarius1
aqwleeb_6e0pk59
aqwzsx123
aqwzsxedc
ar123456
arabella
arabella1
arabella24630
arabian1
araceli1
aracely1
aradhana
aragon
aragorn
aragorn1
aram198309
aramis
arancione
arcadia
arcadia1
arcangel
arcangel1
arcenciel
arch
archange
archangel
archangel1
archer
archery
archery1
archibald
archie
archie01
archie12
archie123
archimede
archimedes
architec
architect
architect1
architecture
architetto
archived
archuleta
arcobaleno
arcoiris
arctic
arcticcat
area51
arellano
aremania
arequipa
argentin
argentina
argentina1
argentina2
argentine
argentum
arhangel
ari-kyarova
ariana
ariana12
ariana123
ariane
arianna
arianna1
arianna2
ariel
ariel123
arielle1
aries
aries123
arina-sharapova-80
arinayu0
aristide
aristotle
arividerchi_shatalov
arizona
arizona1
arizona123
arizona2
arjun123
arkangel
arkansas
arkansas1
arkoximsp
arlene
arlington
arlington1
arlingtonp
armada
armada-n
armadillo
armageddon
armagedon
armagedon1
armand
armando
armando1
armando123
armando2
armani
armenia1
armitage
armored
armorgames
armstron
armstrong
armstrong1
army
army1234
armyach-aleksandra
armyman1
armystrong
arnold
arnold123
around
arquitecto
arquitectura
arrahman
arrow
arrowhead
arrowhead1
arrows
arsch123
arschloch
arschloch1
arse
arsehole
arselect
arsenal
arsenal01
arsenal07
arsenal08
arsenal09
arsenal1
arsenal10
arsenal11
arsenal12
arsenal123
arsenal13
arsenal14
arsenal2
arsenal22
arsenal23
arsenal3
arsenal4
arsenal5
arsenal7
arsenal8
arsenal9
arsenalfc
arsenalfc1
arshavin
arshavin23
arsik-di-noxcho95
art131313
artem123
artem1994
artem1995
artem1996
artem1997
artem1998
artem1999
artem2010
artemblya
artemida
artemis
artemis1
artemisa
artemisia
arthur
arthur01
arthur12
arthur123
artichoke
article456
articolo31
articuno
artist
artistic
artov.95
artur123
arturamirov89
arturito
arturo
arunkumar
as123123
as123456
as123456789
as12as12
as12df34
as790433
asabsmelik5g
asadasad
asakapa123
asas1122
asas1212
asasas
asasas12
asasasas
asasasasas
asassin1997
asawakoh
asbestos
ascension
asd123
asd123123
asd123321
asd12345
asd123456
asd1234567
asd123456789
asd123asd
asd123asd123
asd123qwe
asd123zxc
asd666fds
asdasd
asdasd11
asdasd12
asdasd123
asdasd123123
asdasd12313d
asdasd456
asdasd666
asdasdas
asdasdasd
asdasdasd1
asdasdasd123
asdasdasdasd
asddsa123
asdewq123
asdf
asdf0987
asdf12
asdf123
asdf1234
asdf12345
asdf123456
asdf3423
asdf4321
asdf:lkj
asdf;lkj
asdfasdf
asdfasdf1
asdfasdf12
asdfasdf123
asdfasdf2
asdfasdfasdf
asdffdsa
asdffdsa1
asdfg
asdfg123
asdfg1234
asdfg12345
asdfg456
asdfgasdfg
asdfgh
asdfgh01
asdfgh1
asdfgh11
asdfgh12
asdfgh123
asdfgh1234
asdfgh123456
asdfghj
asdfghj1
asdfghj12
asdfghj123
asdfghjk
asdfghjk1
asdfghjk12
asdfghjkl
asdfghjkl!
asdfghjkl.
asdfghjkl0
asdfghjkl1
asdfghjkl12
asdfghjkl123
asdfghjkl12345
asdfghjkl2
asdfghjkl3
asdfghjkl4
asdfghjkl456
asdfghjkl5
asdfghjkl7
asdfghjkl9
asdfghjkl:
asdfghjkl:&#39:
asdfghjkl:'
asdfghjkl;
asdfghjkl;&#39;
asdfghjkl;'
asdfghjklz
asdfghjklzxcvbnm
asdfgzxcvb
asdfjkl
asdfjkl1
asdfjkl123
asdfjkl:
asdfjkl:1
asdfjkl;
asdflkjh
asdfqwer
asdfqwer1
asdfqwer123
asdfqwer1234
asdfrewq
asdfvcxz
asdfzxcv
asdfzxcv1
asdqwe12
asdqwe123
asdqwezxc
asdzxc
asdzxc12
asdzxc123
asdzxcqwe
asecret1
asemmanis
asgard
ash12345
ashanti1
ashish123
ashishbiyani
ashland1
ashlee
ashlee12
ashlee123
ashleigh
ashleigh1
ashley
ashley00
ashley01
ashley02
ashley03
ashley04
ashley05
ashley06
ashley07
ashley08
ashley09
ashley1
ashley10
ashley101
ashley11
ashley12
ashley123
ashley1234
ashley13
ashley14
ashley15
ashley16
ashley17
ashley18
ashley19
ashley20
ashley21
ashley22
ashley23
ashley24
ashley25
ashley26
ashley27
ashley28
ashley33
ashley69
ashley77
ashley85
ashley86
ashley87
ashley88
ashley89
ashley90
ashley91
ashley92
ashley93
ashley94
ashley95
ashley96
ashley97
ashley98
ashley99
ashlynn1
ashok123
ashokkumar
ashton
ashton01
ashton11
ashton12
ashton123
ashtray1
ashu1992
ashutosh
asia
asiamarketing
asian
asian123
asians
aside
asil.dovlatov.1982
asimov
askim123
askimaskim
askimbenim
askimsin
aslan123
asmodeus
asparagus
aspen
aspen123
aspire
aspirina
aspirine
aspirine1
asroma1927
ass12345
ass123456
ass1ass1
assaassa
assasin1
assass
assass123
assassass
assassin
assassin1
assassins
assassinscreed
assclown
assclown1
asscock
asscrack1
asses
assface1
assfuck
assfuck1
assfucker
asshole
asshole!
asshole.
asshole0
asshole01
asshole1
asshole10
asshole101
asshole11
asshole12
asshole123
asshole13
asshole14
asshole2
asshole21
asshole22
asshole23
asshole24
asshole3
asshole4
asshole420
asshole5
asshole6
asshole666
asshole69
asshole7
asshole8
asshole9
asshole99
assholes
assholes1
assinantes
assistant
asskicker
asskicker1
assman
assman69
assmaster
assmonkey
assmonkey1
assmunch
assmunch1
asstastic
assumption
asswhole
asswhole1
asswipe
asswipe1
assword
assword1
astalavista
astaroth
asterisk
asterix
asterix1
asterlam
asteroid
asthma
astigako
astonmartin
astonvilla
astonvilla1
astoria1
astra
astra123
astral
astrid
astrid29
astro
astro1
astro123
astroboy
astrology
astronaut
astronomy
astros
asturias
asuncion
asusasus
atalanta
ateneo123
athena
athena12
athens
athletic
athletics
athletics1
athlon
athlon64
athome
atkinson
atlanta
atlanta1
atlanta123
atlanta2
atlanta3
atlanta7
atlantic
atlantic1
atlantida
atlantis
atlantis1
atlars10
atlas
atlas123
atletico
atljhjdf
atmosphere
atomic
atreides
attack
attention
atticus
atticus1
attila
attitude
attitude1
attorney
attorney1
attract
aubergine
aubrey
auburn
auburn12
auckland
auction1
audi
audi1991
audia4
audio
audiopel
audioslave
audition
auditt
audrey
audrey01
audrey12
audrey123
aug!272010
auggie
augsburg
august
august01
august02
august03
august04
august05
august06
august07
august08
august09
august10
august11
august12
august123
august13
august14
august15
august16
august17
august18
august19
august20
august21
august22
august23
august24
august25
august26
august27
august28
august29
august30
august31
august88
august89
augusta
augusta1
augustin
augustine
augustine1
augusto1
augustus
augustus1
aukewpyrt
aurelia1
aurelie1
aurelien
aurevoir
aurora
aurora32
aussie
austin
austin00
austin01
austin02
austin03
austin04
austin05
austin06
austin07
austin08
austin09
austin1
austin10
austin101
austin11
austin12
austin123
austin1234
austin13
austin14
austin15
austin16
austin17
austin18
austin19
austin20
austin21
austin22
austin23
austin24
austin25
austin31
austin316
austin512
austin69
austin88
austin94
austin95
austin96
austin97
austin98
austin99
australi
australia
australia0
australia1
australia2
australie
australien
austria
austria1
authentic
auto
autobahn
autobots
automatic
automobil
automobile
automotive
autumn
autumn01
autumn08
autumn11
autumn12
autumn123
autumn13
av8ygj1f2u
avadakedavra
available
avalanch
avalanche
avalanche1
avalon
avalon08
avanesov
avangard
avantika
avatar
avatar12
avatar123
avefenix
avellino
avemaria
avenged1
avenged7
avenged7x
avengedsev
avengedsevenfold
avenger
avenger1
avengers
aventura
aventura1
aventure
avenue
avery123
avetisyanartur
aviation
aviation1
aviator1
avikuzen
avkhachev78
avm6ubdunj
avondale
avondale1
avril123
avrillavig
avrillavigne
avto55.rus
avvocato
away
awdrgyjilp
awei1616
awesome
awesome!
awesome.
awesome1
awesome101
awesome11
awesome12
awesome123
awesome13
awesome2
awesome22
awesome3
awesome4
awesome5
awesome7
awesome8
awesomeness
awful
awnyce
awsome12
awsome123
axeman
axio
axlrose1
ayamgoreng
aybaybay1
aylyan2001
ayman2008
ayodeji1
ayomide1
ayomikun
aysa2423
ayurveda
az123456
az123456789
az147258
aza_93-93
azazazaz
azazel
azazello
azbest777
azefirov.inno1987.r
azeqsdwxc
azer1234
azerazer
azerbaijan
azerbaycan
azert123
azerty
azerty00
azerty01
azerty10
azerty11
azerty12
azerty123
azerty1234
azerty123456
azerty13
azerty31
azerty59
azerty69
azerty77
azerty78
azerty789
azertyui
azertyuio
azertyuiop
azertyuiop1
azertyuiop123
azn4life
aznpride
aznpride1
azrael
azsxdc
azsxdc12
azsxdc123
azsxdcfv
azsxdcfv1
azsxdcfvgb
azteca13
aztnm
aztyvl_ka44ze
azulazul
azxcvbnm
azzer
b00mb00m
b0ll0cks
b1234567
b12345678
b123456789
b1b2b3b4
b1lkeb6711
b1x7qn2tug
b2spirit
b33m6yghef
b4272327
b43m6xhiee
b43m6xhife
b43n6whifd
b8ca6yz1nj
b929ezzh
baba
baba1234
babababa
babajaga
babajide
babala123
babalola
babamama
babatunde
babatunde1
babbygirl1
babe
babe1234
babebabe
baberuth
babes
babi1234
babich.e
babies
babies123
babigurl
babigurl1
babiigurl1
babilonia
babmicmar
babochka
baboon
baboshka
babouche
babubabu
babushka
baby
baby-girl
baby1234
baby12345
baby123456
baby2000
baby2004
baby2005
baby2006
baby2007
baby2008
baby2009
baby2010
baby2011
baby_girl
baby_gurl
babyangel
babyangel1
babybaby
babybaby1
babybash
babybash1
babybear
babybear1
babybird
babyblu3
babyblue
babyblue1
babyblue12
babyblue13
babyblue2
babyblue3
babyblue7
babyboi1
babyboo!
babyboo1
babyboo12
babyboo123
babyboo13
babyboo2
babyboo3
babyboo7
babyboom
babyboss
babyboy
babyboy!
babyboy01
babyboy06
babyboy07
babyboy08
babyboy09
babyboy1
babyboy10
babyboy11
babyboy12
babyboy123
babyboy13
babyboy14
babyboy15
babyboy16
babyboy17
babyboy18
babyboy2
babyboy21
babyboy22
babyboy23
babyboy24
babyboy3
babyboy4
babyboy5
babyboy6
babyboy69
babyboy7
babyboy8
babyboy9
babyboys
babycake
babycake1
babycakes
babycakes!
babycakes1
babycakes2
babycakes3
babycakes7
babycat1
babycute
babydaddy
babydaddy1
babydog1
babydoll
babydoll1
babydoll12
babydoll13
babydoll2
babydoll3
babydoll69
babydoll7
babyface
babyface1
babyface12
babyface2
babyfat1
babyg123
babyg1rl
babygirl
babygirl!
babygirl#1
babygirl.
babygirl0
babygirl00
babygirl01
babygirl02
babygirl03
babygirl04
babygirl05
babygirl06
babygirl07
babygirl08
babygirl09
babygirl1
babygirl10
babygirl11
babygirl12
babygirl123
babygirl13
babygirl14
babygirl15
babygirl16
babygirl17
babygirl18
babygirl19
babygirl2
babygirl20
babygirl21
babygirl22
babygirl23
babygirl24
babygirl25
babygirl26
babygirl27
babygirl28
babygirl29
babygirl3
babygirl30
babygirl31
babygirl32
babygirl33
babygirl34
babygirl4
babygirl44
babygirl45
babygirl5
babygirl55
babygirl56
babygirl6
babygirl69
babygirl7
babygirl77
babygirl78
babygirl8
babygirl87
babygirl88
babygirl89
babygirl9
babygirl90
babygirl91
babygirl92
babygirl93
babygirl94
babygirl95
babygirl96
babygirl97
babygirl98
babygirl99
babygirls
babygirls2
babygril
babygril1
babygrl1
babygurl
babygurl!
babygurl01
babygurl06
babygurl07
babygurl08
babygurl09
babygurl1
babygurl10
babygurl11
babygurl12
babygurl13
babygurl14
babygurl15
babygurl16
babygurl17
babygurl18
babygurl19
babygurl2
babygurl20
babygurl21
babygurl22
babygurl23
babygurl24
babygurl3
babygurl4
babygurl5
babygurl6
babygurl69
babygurl7
babygurl8
babygurl9
babyjack
babyjames
babyjane
babyjay1
babyjoker1
babykitty
babykitty1
babylon
babylon1
babylon5
babylone
babylove
babylove1
babylove12
babylove2
babylove3
babyluv1
babymama
babymama1
babymomma1
babynames
babyoneone
babypapa
babyphat
babyphat1
babyphat12
babyphat2
babypink
babypink1
babyruth
bacardi
bacardi1
bacardi151
bacchus
bacchus1
bach
bachelor
back
back2back
backbone
backdoor
backdraft
backflip
backflip1
backlash
backoff1
backpack
backpack1
backsdau
backspace
backspace1
backspace2
backstab
backstreet
backstreetboys
backup
backyard
backyard1
bacon
bacon123
bacteria
bad_boys_adience
badabing
badakhshan
badalona
badass
badass11
badass12
badass123
badass13
badass21
badass22
badass23
badass69
badbitch
badbitch1
badboy
badboy01
badboy08
badboy09
badboy1
badboy10
badboy11
badboy12
badboy123
badboy13
badboy14
badboy15
badboy21
badboy22
badboy23
badboy69
badboys1
badboys2
badboyz1
badcompany
baddest
baddest1
baddog
badger
badger123
badgers
badgers1
badgirl
badgirl1
badgirl12
badgirl123
badgirl2
badgirls
badgurl1
badkitty
badlands
badman
badman123
badminton
badminton1
badoo.com
badoo123
badoo2012
badoobadoo
badromance
baerchen
bagels
baggies
baggies1
baggins
baggins1
baggio
baggio10
bagheera
bagpipes
bagpuss
bagpuss1
bahalana
bahamas
bahamas1
bahamut
bahamut0
bahamut1
bahia1979
bailarina
bailey
bailey00
bailey01
bailey02
bailey03
bailey04
bailey05
bailey06
bailey07
bailey08
bailey09
bailey1
bailey10
bailey11
bailey12
bailey123
bailey13
bailey14
bailey15
bailey16
bailey17
bailey21
bailey22
bailey23
bailey24
bailey33
bailey69
bailey77
bailey98
bailey99
baili123com
bajaonel12
bajingan
bajsbajs
bajskorv
bajskorv1
bakabaka
bakekang
baker
baker1
baker123
bakugan1
bakuman.manga.drawing
balance
balance1
balboa
baldeagle
balderdash
baldrick
baldwin
baldwin1
balentinra
baleri22
balerina
balikpapan
ball
ball4life
balla123
balla4life
ballack13
ballard1
ballball
baller
baller01
baller03
baller07
baller08
baller09
baller10
baller101
baller11
baller12
baller123
baller13
baller14
baller15
baller16
baller17
baller20
baller21
baller22
baller23
baller24
baller25
baller32
baller33
baller34
baller44
baller45
baller4lif
baller69
ballerina
ballerina1
ballers1
ballet
ballin
ballin01
ballin07
ballin08
ballin09
ballin10
ballin101
ballin11
ballin12
ballin123
ballin13
ballin14
ballin15
ballin21
ballin22
ballin23
ballin24
ballin69
balling1
balloon
balloon1
balloons
balloons1
ballroom
balls
balls1
balls123
ballsack
ballsack1
ballsdeep
balmoral
baloncesto
baltazar
balthazar
baltimor
baltimore
baltimore1
bama
bamaboy1
bambam
bambam01
bambam11
bambam12
bambam123
bambam13
bambam23
bambam69
bambi
bambi123
bambino1
bambolina
bamboo
bambucha
bamidele
bammargera
banan123
banana
banana01
banana1
banana10
banana11
banana12
banana123
banana13
banana14
banana21
banana22
banana23
banana33
banana69
banana77
banana88
banana99
bananaman
bananarama
bananas
bananas!
bananas1
bananas11
bananas12
bananas123
bananas2
bananas3
bananas7
banane
band
banderas
bandgeek
bandgeek1
bandicoot
bandidas747
bandit01
bandit07
bandit08
bandit10
bandit11
bandit12
bandit1200
bandit123
bandit13
bandit14
bandit21
bandit22
bandit23
bandit600
bandit69
bandit77
bandit99
bandito1
bandits1
bandung1
bang
bangalore
bangaram
bangbang
bangbang1
banger
bangkok
bangkok1
bangladesh
banjaluka
banjo123
bank
banker
bankhead1
banking1
banks
bannana1
banner
bannono8
banshee
banshee1
banshee350
banzai
baphomet
baptist1
baptiste
barabashka
baracuda
barakuda
baranova
barb
barbados
barbados1
barbapapa
barbara
barbara1
barbara12
barbara123
barbara2
barbarella
barbarian
barbarita
barbarossa
barber
barber24
barbie
barbie01
barbie07
barbie08
barbie09
barbie10
barbie101
barbie11
barbie12
barbie123
barbie1234
barbie13
barbie14
barbie15
barbie16
barbie17
barbie18
barbie21
barbie22
barbie23
barbie69
barbiedoll
barbiegirl
barborka
barca123
barcellona
barcelon
barcelona
barcelona0
barcelona1
barcelona10
barcelona123
barcelona2
barcelona3
barcelona5
barcelona7
barcelona8
barcelona9
barcelone
barchetta
barclays
barefeet
barefoot
barefoot1
barfield13
barfly
bariloche
baritone
baritone1
barker
barkley
barkley1
barkov_65
barks
barley
barmaley
barnabas
barnaby1
barnes
barney
barney01
barney1
barney10
barney11
barney12
barney123
barney13
barnsley
barnyard
baron
baronessa87
barracuda
barracuda1
barrage
barrett
barrett1
barrington
barrio13
barrister
barron
barry
barry1
barry123
barselona
bart
bartbart
bartek123
bartender
bartender1
bartlett
bartman
bartman1
bartok
bartolome
bartolomeo
barton
bartsimpson
bas3ball
base
baseba11
basebal1
baseball
baseball!
baseball.
baseball0
baseball00
baseball01
baseball02
baseball03
baseball04
baseball05
baseball06
baseball07
baseball08
baseball09
baseball1
baseball10
baseball11
baseball12
baseball123
baseball13
baseball14
baseball15
baseball16
baseball17
baseball18
baseball19
baseball2
baseball20
baseball21
baseball22
baseball23
baseball24
baseball25
baseball26
baseball27
baseball28
baseball29
baseball3
baseball30
baseball31
baseball32
baseball33
baseball34
baseball35
baseball4
baseball42
baseball44
baseball45
baseball5
baseball55
baseball6
baseball69
baseball7
baseball77
baseball8
baseball88
baseball9
baseball99
baseline
basement
basement1
basher
bashful1
basic
basil
basil123
bask3tball
basket
basket10
basket101
basket11
basket12
basket123
basket13
basket23
basketba
basketba11
basketbal
basketbal1
basketbal2
basketbal9
basketball
basketball1
basketball10
basketball11
basketball12
basketball123
basketball13
basketball22
basketball23
basketball3
basketbol
basketcase
bass
bass1234
bassbass
bassboat
basset
bassfish
bassguitar
basshunter
bassist1
bassline
bassman
bassman1
bassmaster
bassoon
bassoon1
bassplayer
basspro1
bastard
bastard1
bastardo
bastards
basti_1014
bastian1
bastille
batangas
batgirl1
bathing
bathroom
bathroom1
batista1
batista12
batista123
batista2
batista619
batistuta
batman
batman00
batman007
batman01
batman07
batman08
batman09
batman1
batman10
batman101
batman11
batman12
batman123
batman1234
batman13
batman14
batman15
batman16
batman17
batman18
batman19
batman20
batman21
batman22
batman23
batman24
batman25
batman27
batman33
batman44
batman45
batman55
batman66
batman666
batman69
batman77
batman88
batman89
batman99
batteria
batterie
batteries
battery
battery1
battle
battlefield
battlefield2
battleon
battleship
battousai
baudelaire
bauhaus
baumhaus
baura
bautista
bautista1
bavixepym
baxter
baxter01
baxter11
baxter12
baxter123
bayarea1
bayarea510
bayern
bayern94
bayliner
baylor
bayrafis
bayside1
baywatch
bazooka1
bazueva.1990
bb123456
bball
bball101
bball123
bball4life
bballer1
bbb747
bbbb
bbbbb
bbbbb1
bbbbbb
bbbbbb1
bbbbbbb
bbbbbbbb
bbbbbbbbbb
bbking
bbleo1zz
bcfields
bcp201109a
bdfyeirf
bdfyjdbx
bdsm
beach
beach1
beach123
beachbabe
beachbabe1
beachboy
beachbum
beachbum1
beaches
beaches1
beacon
beagle
beaker
beamer
bean
beanbag
beanbean
beaner
beaner12
beaner123
beaner13
beanhead
beanie
beans
beans123
bear
bear1
bear1234
bear2327
bearbear
bearbear1
bearcat
bearcat1
bearcats
bearcats1
beardog
beardog1
bears
bears1
bears123
bearshare
bearshare1
beasley1
beast
beast1
beast123
beast556
beast666
beastie
beastie0
beastie1
beastly1
beastmode
beastmode1
beat
beatbox1
beater
beatiful
beating
beatle
beatles
beatles1
beatles2
beatles4
beatrice
beatrice1
beatriz1
beau
beaubeau
beaufort
beaumont
beaumont1
beauregard
beautifu
beautiful
beautiful!
beautiful.
beautiful0
beautiful1
beautiful2
beautiful3
beautiful4
beautiful5
beautiful6
beautiful7
beautiful8
beautiful9
beautifulg
beautifull
beauty
beauty01
beauty08
beauty101
beauty11
beauty12
beauty123
beauty21
beaver
beaver69
beavers
beavers1
beavis
beavis1
bebe
bebe1234
bebebebe
because
because1
becca
becca123
beccaboo
beck
becker
beckham
beckham07
beckham1
beckham23
beckham7
becky
becky1
becky123
bedford
bedford1
bedlam
bedrock1
bedroom1
beebee
beech
beechwood
beef
beefcake
beefcake1
beelch
beemer
beepbeep
beepbeep1
beer
beerbeer
beerbeer1
beerman
beerman1
beerme
beerpong1
beethove
beethoven
beethoven1
beethoven9
beetle
beetlejuice
beezer
behappy1
behappy2
behemoth
behemoth1
beijing2008
bela2404
belair
belfast1
belgarion
belgique
belgrano
believe
believe1
believer
belinda
belinda1
belinea1
belinea85
belinova14
belize
belkin
bell
bella
bella1
bella101
bella123
bella1234
bella2007
bella2008
bella2009
bella2010
bellabella
bellaboo
bellaboo1
bellaco
belladog
belladonna
bellagio
bellamia
bellatrix
bellavista
bellavita
bellbell
belldandy
belle
belle123
bellevue
bellezza
bellisima
bellissima
bellissimo
bellsouth
bellsouth1
belly
bellydance
belmont
belmont1
belmonte
belochka
beloved1
beloved_a_devil
belvedere
ben12345
ben123456
benben
benbenben
bender
bendover
benedetta
benedetto
benedict
benedict1
benedicte
benedikt
benetton
benfica
benfica1
beng
bengal
bengals
bengals1
bengals85
bengbeng
benidorm
benito
benjam1n
benjamin
benjamin!
benjamin01
benjamin1
benjamin10
benjamin11
benjamin12
benjamin123
benjamin13
benjamin15
benjamin2
benjamin22
benjamin3
benjamin4
benjamin5
benjamin7
benji
benji123
benladen
bennett
bennett1
bennie
bennie!!
bennington
benny
benny1
benny123
bennyboy
bennyboy1
benoit
benson
benson12
benson123
benten10
bentley
bentley1
bentley2
benton
benz
beograd1
beowulf
beowulf1
bepositive
ber217an
berbatov
berenice
berenice1
beretta
beretta1
berger
bergkamp
bergkamp10
berkeley
berkeley1
berkley1
berkshire
berlin
berlin12
berlin123
berliner
berlingo
berlusconi
bermuda
bermuda1
bermudez
bernadette
bernard
bernard1
bernard2
bernardino
bernardo
bernardo1
bernhard
bernice1
bernie
bernie01
berries1
berry
berry123
berserk1
berserker
bert
bertha
bertie
bertram
bertrand
besiktas
besiktas1
besiktas1903
bessie
best
best1234
bestbest
bestbuds
bestbuy
bestbuy1
bestfriend
bestfriend1
bestfriends
besties1
bestmom1
bestrong
beta
beth
bethany
bethany1
bethany12
bethany123
bethany2
bethesda
bethoven
betrayed
betrayed1
betsy
betsynx0kof
better
betterdays
bettina
bettina1
bettina23
bettis36
betty
betty123
bettyboo
bettyboo1
bettyboop
bettyboop1
bettyboop2
bettyboop3
bettyboop7
bettylou
between121
beverley
beverley1
beverly
beverly1
beyblade
beyblade1
beyonce1
beyonce12
beyonce123
beyonce2
beyourself
bff4ever
bff4life
bgt56yhn
bhabycoh
bhabykoh
bhabyqoh
bharat
bharat123
bharathi
bhardwaj
bhargavi
bhbyjxrf
bhebheko
bholenath
bian
bianca
bianca01
bianca10
bianca11
bianca12
bianca123
bianca13
biancaneve
biao
biarritz
biatch
bibi
bibibibi
bible123
biblioteca
biblioteka
bichette
bicicleta
bicicletta
bicycle
bicycle1
bidadari
bieberfeve
biedronka
bienchen
bienvenido
bienvenu
bienvenue
big1
bigal
bigapple
bigass
bigbaby1
bigbad
bigbad#13
bigballer
bigballer1
bigballs
bigballs1
bigballs2
bigbang1
bigbang123
bigbass1
bigbear
bigbear1
bigben
bigben07
bigbig
bigbird
bigbird1
bigbitch1
bigblack
bigblack1
bigblock
bigblue
bigblue1
bigbob
bigboobs
bigboobs1
bigbooty
bigbooty1
bigboss
bigboss1
bigboy
bigboy01
bigboy08
bigboy09
bigboy10
bigboy11
bigboy12
bigboy123
bigboy13
bigboy14
bigboy15
bigboy21
bigboy22
bigboy23
bigboy69
bigbrother
bigbuck1
bigbucks
bigbucks1
bigbutt
bigbutt1
bigbutts
bigcat
bigcock
bigcock1
bigcountry
bigd
bigdad
bigdaddy
bigdaddy01
bigdaddy1
bigdaddy10
bigdaddy11
bigdaddy12
bigdaddy13
bigdaddy2
bigdaddy23
bigdaddy3
bigdaddy5
bigdaddy69
bigdaddy7
bigdave1
bigdawg
bigdawg1
bigdick
bigdick1
bigdick12
bigdick123
bigdick2
bigdick69
bigdick7
bigdick9
bigdicks
bigdog
bigdog01
bigdog1
bigdog10
bigdog11
bigdog12
bigdog123
bigdog13
bigdog22
bigdog23
bigdog69
bigdogg1
bigfish
bigfish1
bigfoot
bigfoot1
bigfoot2
biggdogg
bigger
biggie
biggirl1
biggles
biggles1
biggun
bigguns
bigguy
bighead
bighead1
bighead2
bighouse
bigjim
bigjohn
bigjohn1
bigmac
bigmama1
bigmama2
bigman
bigman12
bigman123
bigmike
bigmike1
bigmomma
bigmomma1
bigmoney
bigmoney1
bigmoney2
bigmouth
bignasty
bignose1
bignuts
bigone
bigones
bigpapa1
bigpapi34
bigpenis
bigpimp
bigpimp1
bigpimpin
bigpimpin1
bigpimpin2
bigpoppa
bigpoppa1
bigred
bigred1
bigred12
bigred123
bigsexy
bigsexy1
bigshow
bigshow1
bigsister
bigsister1
bigtime
bigtime1
bigtimerus
bigtit
bigtits
bigtits1
bigtits2
bigtits69
bigtruck
bigtruck1
biguns
bigwill1
bigworm1
biit
bike
bike4life
biker
biker123
bikerboy
bikerboy1
bikers
bikini
bilabong
bilal123
bilancia
bilbo
bilgisayar
bill
bill1
bill1234
bill1989
billabon
billabong
billabong1
billabong2
billabong7
billbill
billgates
billgeitslox
billiards
billie
billiejean
billiejoe
billiejoe1
billings
billionaire
billions
billkaulit
billkaulitz
billows
bills
billups1
billy
billy1
billy123
billy1234
billybob
billybob1
billybob12
billybob2
billyboy
billyboy1
billygoat
billygoat1
billyjoe
billyjoe1
billyray
bimbo
bimmer
binder
bing
bingbing
bingbong
bingo
bingo1
bingo123
binky
binladen
bintang1
binweevils
biochemistry
biohazard
biohazard1
biologia
biologie
biology
biology1
bionicle
bionicle1
bioshock
biotechnology
bipolar1
biquette
bird
bird33
birdbird
birdcage
birddog
birddog1
birdhouse
birdhouse1
birdie
birdie123
birdman
birdman1
birgit
birmingham
birtanem
birthday
birthday1
birthday12
birthday4
birthvillage
biscoito
biscotte
biscotto
biscuit
biscuit1
biscuit2
biscuit22
biscuits
biscuits1
bisexual
bisexual1
bishop
bismarck
bismark
bismilah
bismilla
bismillah
bismillah1
bismillah123
bismillah786
bisounours
bitch
bitch1
bitch100
bitch101
bitch111
bitch123
bitch1234
bitch12345
bitch2008
bitch2009
bitch2010
bitch321
bitch420
bitch4life
bitch666
bitchass
bitchass1
bitchass12
bitchass2
bitchbitch
bitches
bitches!
bitches.
bitches01
bitches1
bitches12
bitches123
bitches13
bitches2
bitches3
bitches4
bitches5
bitches69
bitches7
bitchez1
bitchface
bitchface1
bitchin1
bitchnigga
bitchpleas
bitchplease
bitchplz1
bitchy
bite
biteme
biteme01
biteme1
biteme11
biteme12
biteme123
biteme13
biteme22
biteme69
bitter
bittersweet
bizkit
bizzare
bjhgfi
bkl29m2bk
bl8lygb0
blabla
blabla12
blabla123
blablabla
blablabla1
black
black1
black101
black123
black1234
black12345
black666
blackadder
blackandwhite
blackangel
blackangel09021
blackass
blackass1
blackbear
blackbear1
blackbeauty
blackbelt
blackbelt1
blackberry
blackberry1
blackbir
blackbird
blackbird1
blackblack
blackbox
blackboy
blackboy1
blackburn
blackburn1
blackcat
blackcat1
blackcat123
blackcat13
blackcoc
blackdeath
blackdevil
blackdog
blackdog1
blackdragon
blackeye
blackfire
blackfoot
blackgirl
blackgirl1
blackhaw
blackhawk
blackhawk1
blackhawks
blackheart
blackhole
blackhole1
blackhorse
blackice
blackice1
blackie
blackie1
blackie123
blackie2
blackjac
blackjack
blackjack1
blackjack2
blackjack21
blackknight
blacklab
blacklab1
blacklabel
blacklight
blacklist
blackmagic
blackmamba
blackman
blackman1
blackmetal
blackmoon
blackmore
blackness
blacknight
blackops
blackops1
blackops2
blackout
blackout1
blackpanther
blackpearl
blackpool
blackpool1
blackpower
blackrock
blackrose
blackrose1
blacks
blacksabbath
blacksheep
blacksmith
blackstar
blackstar1
blackstone
blacksun
blacktiger
blackveilb
blackwater
blackwell
blackwhite
blackwidow
blackwolf
blackwood
blacky
blacky12
blacky123
blade
blade1
blade123
bladerunner
blades
blah1234
blahblah
blahblah!
blahblah1
blahblah12
blahblah123
blahblah2
blahblahbl
blahblahblah
blahkg321
blaine
blair
blake
blake1
blake123
blam
blanca
blanchard
blanche
blanche1
blanco
blanco10
blandine
blank
blanked
blanket1
blanquita
blast
blasted1
blaster
blaster1
blastoff
blaze
blaze123
blaze420
blazedup42
blazeit420
blazer
blazer01
blazer12
blazers
blazers1
blaziken
blbjn007
blbyf[eq
blckd_sa_unpaidfee_oct06
bleach12
bleach123
bledsoe
bleeding
bleeding1
blender
blessed
blessed!
blessed01
blessed07
blessed08
blessed09
blessed1
blessed11
blessed12
blessed123
blessed2
blessed3
blessed4
blessed5
blessed7
blessedbe
blessing
blessing1
blessing12
blessing123
blessing2
blessings
blessings1
blessings7
blessme1
blessyou
blind
blind123
bling123
blingbling
blink
blink-182
blink123
blink1234
blink182
blink183
blinkblink
blinky
bliss
blissful
blitz
blitzkrieg
blizzard
blizzard1
bljs2v85pt
blkdrag0ns
blobby
block
blockbuster
blockhead
bloger01
blogs123
bloke
blond
blonde
blonde12
blonde123
blondes
blondie
blondie!
blondie01
blondie1
blondie101
blondie11
blondie12
blondie123
blondie13
blondie2
blondie3
blondie69
blondie7
blondinka
blonds
blondy
blood
blood101
blood123
blood4life
blood666
bloodbath
bloodbath1
bloodgang
bloodgang5
bloodhound
bloodline
bloodline1
bloodlust
bloodlust1
bloodmoney
bloodrayne
bloodred
bloody
bloodyhell
bloodymary
bloomfield
blooming
blossom
blossom1
blossoms
blow
blowfish
blowfish1
blowjob
blowjob1
blowjob69
blowjobs
blowme
blowme123
blowme69
blubber
blubber1
blue
blue1
blue11
blue12
blue123
blue1234
blue12345
blue2000
blue22
blue2222
blue23
blue32
blue42
blue4ever
blue99
blueangel
blueangel1
bluearmy
bluebaby
blueball
blueballs
blueballs1
bluebear
bluebear1
bluebell
bluebell1
blueberr
blueberry
blueberry1
blueberry2
bluebird
bluebird1
bluebird2
bluebirds
blueblue
blueblue1
blueboy
blueboy1
bluecat1
bluedevil
bluedevil1
bluedevils
bluedog
bluedog1
bluedragon
blueeyes
blueeyes1
blueeyes2
bluefire
bluefish
bluefish1
bluegill
bluegirl
bluegirl1
bluegrass
bluegrass1
bluegreen
bluegreen1
bluejay
bluejay1
bluejays
bluejays1
bluejeans
bluelight
blueline
bluem00n
blueman1
bluemonkey
bluemoon
bluemoon1
bluenose
bluenose1
bluenote
blueprint
blueprint1
bluerose
bluerose1
blues
blues1
blues123
bluesclues
blueskies
bluesky
bluesky1
bluesky2
bluesman
bluesman1
bluestar
bluestar1
bluetooth
bluetooth1
bluewater
bluewater1
blumentopf
blunt
blunt420
blunts
blunts420
blyad_be_90
bmw318is
bmw325
bmw325is
bmw330ci
bmwbmw
bmwm3gtr
bmx4life
board
boarder1
boarding
boat
boater
boating
boating1
boats
boavista
bob123
bob12345
bob123456
bobafett
bobafett1
bobb
bobbie
bobbob
bobbob12
bobbob123
bobbobbob
bobby
bobby1
bobby101
bobby123
bobby1234
bobbyboy
bobbyjack1
bobbyjoe
bobcat
bobcat12
bobcats1
bobdole
bobdole1
bobdylan
bobdylan1
bobesponja
bobmarley
bobmarley1
bobmarley2
bobo
bobo1234
bobobo
bobobobo
bobsaget
bobsaget1
bobsmith
bobthebuilder
bocajuniors
bocephus
bocephus1
bodensee
body
bodyboard
bodyguard
bodyshop
boeing
boeing737
boeing747
boeing777
bogart
bogdanova
bogey
bogota
bogus
boguska123
bohemian
bohica
boiler
boing747
boingo
bojangles
bojangles1
bolabola
bolatov.almaz
bolinhas
bolitas
bolivia1
bollocks
bollocks1
bollox
bollywood
bolno_18035
bologna
bologna1
bolshoj_zmej
bolton
boluwatife
bomb
bombay
bomber
bomberman
bomberos
bombers
bombers1
bombshell
bombshell1
bonanza
bonanza1
bonaparte
bonbon
bond
bond0007
bond007
bondage
bondage1
bondarenko
bone
bonefish
bonehead
bonehead1
boner
boners
bones
bones123
bonethug
bonethug1
bonethugs
bonethugs1
bong
bongbong
bonghit
bonghits
bongo
boniface
bonifacio
bonita
bonita12
bonita123
bonita13
bonjour
bonjour1
bonjour123
bonjours
bonjovi
bonjovi1
bonkers
bonkers1
bonnechance
bonner
bonneville
bonnie
bonnie01
bonnie10
bonnie11
bonnie12
bonnie123
bonnie13
bonovox
bonsai
bonzai
bonzo
boob
boobear
boobear1
boobed
boobie
boobies
boobies!
boobies1
boobies12
boobies123
boobies2
boobies69
booboo
booboo01
booboo07
booboo08
booboo09
booboo1
booboo10
booboo11
booboo12
booboo123
booboo1234
booboo13
booboo14
booboo15
booboo16
booboo18
booboo21
booboo22
booboo23
booboo69
booboo99
booboobear
boobooboo
boobs
boobs123
boogaloo
booger
booger01
booger1
booger11
booger12
booger123
booger13
booger69
boogers
boogers1
boogie
boogie01
boogie12
boogie123
boogieman
boogieman1
book
bookbook
booker
bookie
bookitty
bookmark
bookmark1
books
books123
bookworm
bookworm1
boom
boomboom
boomboom1
boomboom2
boomer
boomer01
boomer1
boomer10
boomer11
boomer12
boomer123
boomer13
boomer22
boomerang
boomerang1
boondock
boondocks
boondocks1
booper
booster
booster1
boot
bootcamp
bootie
bootleg
bootleg1
boots
boots123
bootsie
bootsie1
bootsy
booty
booty123
bootycall
bootycall1
bootylicious
bootymeat1
bootys
booyah
booyaka619
boozer
bopper
borabora
borabora1
boragud02
borboleta
bordeaux
bordeaux33
border
borderline
borders
borec123654
bored123
boricua
boricua1
boricua12
boricua123
boricua2
boricua21
boricua7
boriqua1
boris
boris123
borismf5tsh
borisova
born2die
born2kill
born2run
born2win
bornagain
bornfree
borntorun
borntowin
boromirus
borracho
borussia
borussia09
bosco
bosco1
bosco123
boss
boss1234
bossbitch1
bossboss
bosshog
bosshog1
bosshogg
bosslady
bosslady1
bossman
bossman1
boston
boston01
boston04
boston07
boston08
boston1
boston10
boston11
boston12
boston123
boston13
boston21
boston22
boston23
boston24
boston33
boston34
boston617
boston69
botafogo
botswana
bottle
bottom
bouboule
boulanger
boulder
boulder1
boulette
boulevard
boulogne
bounce
bouncer
bouncer1
bounty
bourbon
bourbon1
boutique
bowhunter
bowhunter1
bowie
bowl
bowler
bowling
bowling1
bowling300
bowman
bowser
bowtie
bowwow
bowwow11
bowwow12
bowwow123
bowwow13
boxcar
boxer
boxer123
boxerdog
boxers
boxing
boxing123
boxster
boy12345
boy123456
boyboy
boycrazy
boycrazy1
boyfriend
boyfriend1
boyfriend2
boylover
boylover1
boys
boys2men
boyscout
boysoverfl
boyssuck
boyssuck1
boytoy
boyz
boyz2men
bozo
bp2002
bqktqqn844
bqktrqn844
bqlk8kx79u
br00klyn
br0d3r
br123456
br1ttany
br549
braceface1
bracelet
bracken1
brad
brad1234
bradford
bradford1
bradley
bradley01
bradley1
bradley11
bradley12
bradley123
bradley2
bradley3
bradley4
bradley5
bradley7
bradpitt
bradpitt1
bradshaw
brady
brady123
braeden1
brain
braindead
brainiac
brains
brainstorm
bramble1
branch
branden
branden1
brandi
brandi12
brandi123
brandie1
brandnew
brandnew1
brando
brandon
brandon!
brandon.
brandon0
brandon00
brandon01
brandon02
brandon03
brandon04
brandon05
brandon06
brandon07
brandon08
brandon09
brandon1
brandon10
brandon101
brandon11
brandon12
brandon123
brandon13
brandon14
brandon15
brandon16
brandon17
brandon18
brandon19
brandon2
brandon20
brandon21
brandon22
brandon23
brandon24
brandon25
brandon27
brandon3
brandon4
brandon5
brandon6
brandon69
brandon7
brandon8
brandon88
brandon9
brandon98
brandon99
brandonlee
brandy
brandy01
brandy1
brandy10
brandy11
brandy12
brandy123
brandy13
brandy21
brandy22
brandy23
brandy69
branson1
brasil
brasil10
brasil12
brasil123
brasileiro
brasilia
brasilien
bratislava
bratwurst
bratz123
braveheart
braves
braves1
braves10
braves11
braves12
braves25
braves95
bravo
bravo1
bravo123
braxton1
brayden08
brayden1
brayden2
brayden3
braydon1
brazil
brazil10
brazil123
brazilia
brazzers
bread
bread123
break
breakdance
breakdown
breakdown1
breaker
breaker1
breakers
breakfast
breakfast1
breaking
breanna
breanna1
breanna12
breanna123
breanna2
breanna3
breanne1
breast
breasts
breath
breathe1
brebre12
brebre123
breebree
breebree1
breeze
breitling
bremen
brenda
brenda01
brenda1
brenda10
brenda11
brenda12
brenda123
brenda13
brenda14
brenda15
brenda69
brendan
brendan1
brenden1
brendon1
brenna
brennan
brennan1
brennen1
brent
brent1
brent123
brentford
brenton1
brentwood
brentwood1
breonna1
brest
bretagne
brethart
brett
brett123
brewer
brewers1
brewster
brewster1
brian
brian1
brian123
brian1234
briana
briana12
briana123
brianna
brianna!
brianna01
brianna06
brianna07
brianna08
brianna09
brianna1
brianna10
brianna11
brianna12
brianna123
brianna13
brianna14
brianna2
brianna23
brianna3
brianna4
brianna5
brianna6
brianna7
brianna8
brianna9
brianne1
bribri12
bribri123
briciola
brick
bricks
bricksquad
bridge
bridget
bridget1
bridgett
bridgette
bridgette1
brielle1
brigadeiro
briggs
bright
brighteyes
brighton
brighton1
brigitta
brigitte
brigitte1
brilliant
brilliant1
brinchen23
brindisi
bringiton
bringiton1
brinkley
brisbane
brisbane1
brisingr
bristol
bristol1
britbrat1
british
british1
britney
britney1
britney123
britney2
britneys
britneyspears
britt
britt123
brittani
brittani1
brittany
brittany!
brittany.
brittany01
brittany07
brittany08
brittany09
brittany1
brittany10
brittany11
brittany12
brittany13
brittany14
brittany15
brittany16
brittany17
brittany18
brittany19
brittany2
brittany20
brittany21
brittany22
brittany23
brittany3
brittany4
brittany5
brittany6
brittany69
brittany7
brittany8
brittany9
brittney
brittney1
brittney12
brittney2
britton1
brizet07
broad
broadband
broadband1
broadway
broadway1
broccoli
brodie
brodie10
brody123
broken
broken12
broken123
broken13
brokencyde
brokenhear
brokenheart
broker
bronco
broncos
broncos07
broncos1
broncos12
broncos2
broncos24
broncos7
bronson
bronson1
brontolo
bronx718
bronze
bronzewing
broodwar
brook
brook123
brooke
brooke01
brooke06
brooke07
brooke08
brooke09
brooke10
brooke11
brooke12
brooke123
brooke13
brooke14
brooke15
brooke21
brooke22
brooke23
brookie1
brooklin
brooklyn
brooklyn!
brooklyn01
brooklyn07
brooklyn08
brooklyn09
brooklyn1
brooklyn10
brooklyn11
brooklyn12
brooklyn13
brooklyn2
brooklyn21
brooklyn22
brooklyn23
brooklyn3
brooklyn4
brooklyn5
brooklyn6
brooklyn7
brooklyn71
brooklynn
brooklynn1
brooks
brookside
broomfield
bros4life
brosb4hoes
brother
brother1
brother12
brother123
brother2
brother3
brother4
brotherhood
brothers
brothers1
brothers2
brothers3
brown
brown1
brown123
brownbear
browncow
browndog
browndog1
browneyes
browneyes1
browneyes2
brownie
brownie1
brownie12
brownie123
brownie2
brownie3
brownies
brownies1
browning
browning1
brownpride
browns
brownsuga1
brownsugar
bruce
bruce1
bruce123
brucelee
brucelee1
brucewayne
bruins
bruins77
bruiser
bruiser1
brunette
brunette1
bruninha
bruninho
bruno
bruno1
bruno123
brunomars
brunswick
brunswick1
brussels
brutus
brutus01
brutus11
brutus12
brutus123
bruxelles
bruxinha
bryan
bryan1
bryan123
bryanna1
bryant
bryant08
bryant24
bryce
bryce123
bsxxbgs322
btnjey
bubamara
bubba
bubba1
bubba101
bubba123
bubba1234
bubba2
bubba69
bubbadog
bubbagump
bubbagump1
bubbas
bubble
bubble01
bubble11
bubble12
bubble123
bubblebutt
bubblegum
bubblegum!
bubblegum1
bubblegum2
bubblegum3
bubblegum5
bubblegum7
bubblegum9
bubbles
bubbles!
bubbles.
bubbles0
bubbles01
bubbles07
bubbles08
bubbles09
bubbles1
bubbles10
bubbles101
bubbles11
bubbles12
bubbles123
bubbles13
bubbles14
bubbles15
bubbles16
bubbles17
bubbles18
bubbles2
bubbles21
bubbles22
bubbles23
bubbles24
bubbles3
bubbles4
bubbles5
bubbles6
bubbles69
bubbles7
bubbles8
bubbles88
bubbles9
bubbles99
bubblez1
bubby123
bubububu
bubulina
buburuza
buccaneers
buceta
buchanan
buck
buckaroo
bucker
bucket
buckethead
buckeye
buckeye1
buckeyes
buckeyes1
buckfast
buckingham
buckley
buckley1
buckmaster
bucks
buckshot
buckshot1
buckwheat
buckwheat1
bucky
bucuresti
budapest
budapest1
budd
buddah
buddha
buddie
buddies
buddies1
buddy
buddy1
buddy101
buddy111
buddy123
buddy1234
buddy12345
buddy2
buddyboy
buddyboy1
buddycat
buddydog
buddydog1
buddyholly
buddylee
buddylove
buddylove1
buddys
budgie
budlight
budlight1
budlight12
budlight2
budlight3
budlight69
budlite1
budman
buds
budweise
budweiser
budweiser1
budweiser2
budweiser8
budwiser
buenavista
buenosaires
buff
buffa
buffalo
buffalo1
buffalo2
buffalo66
buffet
buffett
buffett1
buffy
buffy1
buffy123
buford
bugaboo1
bugatti1
bugger
bugman
bugmenot
bugs
bugsbunny
bugsbunny1
bugsbunny2
buick
builder
builder1
building
bukkake
bukowski
bul5tacumi
bulaklak
bulgakov
bulgaria
bulgaria1
bulka-a-shah
bull
bulldawg
bulldog
bulldog1
bulldog10
bulldog11
bulldog12
bulldog123
bulldog13
bulldog2
bulldog21
bulldog22
bulldog23
bulldog3
bulldog4
bulldog5
bulldog6
bulldog69
bulldog7
bulldog8
bulldog9
bulldogs
bulldogs!
bulldogs08
bulldogs09
bulldogs1
bulldogs10
bulldogs11
bulldogs12
bulldogs13
bulldogs2
bulldogs3
bulldogs5
bulldogs7
bulldozer
bulldozer1
bullet
bullet12
bullet123
bullet13
bullet695
bullet83
bulletin
bulletproof
bullets1
bullfrog
bullfrog1
bullhead
bullock
bullrider
bullrider1
bulls
bulls1
bulls23
bullseye
bullseye1
bullsh1t
bullshit
bullshit!
bullshit1
bullshit12
bullshit2
bullshit3
bullshit69
bullshit7
bullwink
bullwinkle
bully
bumble
bumblebee
bumblebee1
bumblebee2
bumerang
bumfluff
bumhole1
bummer
bumper
bundeswehr
bundy
bungalow
bunghole
bunghole1
bungle
bunker
bunnies
bunnies1
bunnies2
bunny
bunny1
bunny101
bunny123
bunnyboo
bunnyboo1
bunnyhop
bunnyrabbit
buongiorno
burak123
buratino
burberry
burberry1
burchenkovi
burger
burgerking
burgess1
burgundy
burlington
burly
burn
burner
burning
burning1
burnley1
burnout
burnout1
burnout3
burns
burnside
burrito
burrito1
bursaspor
burton
burton12
burton123
burton13
burunduk
busdriver
busdriver1
bush
bushido
bushido1
bushido123
bushido7
business
business1
business12
business123
businessbabe
bustamante
busted
busted123
buster
buster00
buster01
buster02
buster05
buster06
buster07
buster08
buster09
buster1
buster10
buster101
buster11
buster12
buster123
buster1234
buster13
buster14
buster15
buster16
buster17
buster18
buster21
buster22
buster23
buster24
buster25
buster33
buster44
buster55
buster69
buster77
buster88
buster99
busterboy
busterbrown
busterdog
bustle
busty
butch
butch1
butch123
butcher
butcher1
butchie1
buterfly
buterfly1
buthead1
buthole1
butkus
butler
butt
butt3rfly
buttbutt
buttbutt1
buttcrack1
butter
butter01
butter11
butter12
butter123
butter13
butter22
butter44
butterball
butterbean
buttercu
buttercup
buttercup!
buttercup0
buttercup1
buttercup2
buttercup3
buttercup5
buttercup7
buttercup9
butterfing
butterfinger
butterfl
butterflie
butterflies
butterfly
butterfly!
butterfly.
butterfly0
butterfly1
butterfly12
butterfly123
butterfly2
butterfly3
butterfly4
butterfly5
butterfly6
butterfly7
butterfly8
butterfly9
butterflys
buttermilk
butternut
butters
butters1
butterscotch
buttface
buttface1
buttfuck
buttfuck1
butthead
butthead1
butthead12
butthead2
butthole
butthole1
butthole2
buttman
buttmunch
buttmunch1
button
buttonquail
buttons
buttons1
buttons123
buttons2
buttplug
butts
buttsex1
buttsex69
buzhidao
buzz
buzzard
buzzard1
buzzbuzz
buzzer
bvgthfnjh
bvp33w7epu
bwfq23jp7f
byabybnb
byajhvfnbrf
byakugan
bycnbnen
byebye
bynthytn
byron
byteme
bytheway
bytopmcd
byusdg23
c.ronaldo
c.ronaldo7
c0cac0la
c0l0rad0
c0mput3r
c0mputer
c0raplok
c0urtney
c1234567
c12345678
c123456789
c3por2d2
c43qpul5rz
c44n6vijfc
c44n6vijgc
c54p7uikgb
c6djvmskcx
c7777777
c7lrwu
c9p5au8naa
ca123456
caballero
caballero1
caballo1
caballos
cabbage
cabbage1
cabbage95
cabbages
cabernet
cable
cableguy
caboose1
caboverde
cabowabo
cabrera1
cabrio
cabriolet
cabron
cabrones
caca
caca1234
cacaboudin
cacacaca
cacahuate
cacahuete
cacamaca
cacapipi
cacat123
cachondo
cachorra
cachorro
cachorro1
cactus
cadbury1
caddy
cadence1
cadillac
cadillac1
caesar
cafc91
caffeine
cagliari
cagnolino
caitlin
caitlin1
caitlin12
caitlin123
caitlin2
caitlyn1
cajun
cake
calabaza
calabria
calamaro
calamity
calavera
calculator
calculus
calcutta
calderon
calderon1
caldwell
caldwell1
caleb
caleb123
caledonia
calendar
calendar1
calendario
calender
calgary
calgary1
calhoun1
cali
cali1234
cali4nia
calibra
calibra1
calico
caliente
caliente1
califas1
califas13
californ
california
california1
californication
caligirl
caligirl1
caligula
calilove1
calimero
calimero1
call
callahan
callaway
callaway1
callie
callie01
callie11
callie12
callie123
calling
calliope
callista
callisto
callofduty
callofduty1
callofduty2
callofduty4
callum
callum01
callum12
callum123
calogero
calvary1
calvin
calvin01
calvin1
calvin11
calvin12
calvin123
calvin23
calypso
calypso1
camacho1
camaleon
camaleonte
camaro
camaro01
camaro1
camaro123
camaro67
camaro68
camaro69
camaro95
camaro99
camaross
camaroz28
camber
cambiami
cambodia
cambodia1
cambria1
cambridg
cambridge
cambridge1
camden
came11
camel
camel1
camel123
camel232
cameleon
camelot
camelot1
camels
cameltoe
cameltoe1
camera
camera12
camera123
camero
camero1
cameron
cameron!
cameron01
cameron02
cameron03
cameron04
cameron05
cameron06
cameron07
cameron08
cameron09
cameron1
cameron10
cameron11
cameron12
cameron123
cameron13
cameron14
cameron15
cameron2
cameron21
cameron22
cameron23
cameron3
cameron4
cameron5
cameron6
cameron7
cameron8
cameron9
cameron99
cameroon
cameroun
camila
camila01
camila10
camila12
camila123
camilita
camilla
camilla1
camille
camille1
camille2
camille22
camilo123
cammello
camomilla
camp
campanile
campanilla
campanita
campanita1
campbell
campbell1
campeon1
campeones
camper
campinas
camping
camping1
campione
campioni
camprock
camprock1
canabis1
canada
canada01
canada1
canada10
canada11
canada12
canada123
canada13
canada99
canadian
canadian1
canadien
canadiens
canaille
canarias
canarino
canberra
cancel
cancer
cancer12
cancer123
cancer13
cancer22
cancer69
cancerian
cancun
candace
candace1
canddcard1
candela1
candelaria
candice
candice1
candice123
candies1
candle
candles1
candy
candy1
candy101
candy123
candy1234
candyapple
candyass
candybar
candybar1
candycandy
candycane
candycane1
candycane2
candyfloss
candygirl
candygirl1
candygirl2
candygurl1
candyland
candyland1
candyman
candyman1
candys
candyshop
candyshop1
canelita
cang
cangrejo
canine
cannabis
cannabis1
cannavaro
cannelle
cannibal
cannibal1
cannon
cannonball
cannondale
canon
canon123
cantante
canterbury
cantona
cantona07
cantona1
cantona7
canuck
canucks
canucks1
canyon
caonima123
capa2008
capcom
capecod
capecod1
capetown
capetown1
capitaine
capital
capital1
capitals
capitals11
capitan1
capitano
capoeira
capoeira1
capone
cappuccino
caprice
caprice1
capricho
capricon
capricor
capricorn
capricorn1
capricorn2
capricorn7
capricorne
capricorni
capricornio
capricorno
caprisun1
capslock
capslock1
captain
captain1
captain2
capucine
car0line
cara4com
carabinieri
caracas
caracas1
caracola
caracoles
caraculo
caralho1
caramail
carambar
carambola
caramel
caramel1
caramelito
caramella
caramelle
caramelo
caramelo1
caravaggio
caravan
caravan1
carbon
carbon12
card
cardenas
cardenas1
cardiff
cardiff1
cardigan
cardinal
cardinal1
cardinals
cardinals1
cardinals2
cardinals5
cards
care1839
carebear
carebear1
carebear12
carebear2
carebear3
carebears
carebears1
carebears2
career121
carefree
caregiver
careless
carhartt
caribbean
carina
carissa1
carl
carla
carla123
carletto
carling1
carlinha
carlinhos
carlisle
carlisle1
carlito
carlito1
carlitos
carlitos1
carlo
carlo123
carlos
carlos01
carlos05
carlos06
carlos07
carlos08
carlos09
carlos1
carlos10
carlos11
carlos12
carlos123
carlos1234
carlos13
carlos14
carlos15
carlos16
carlos17
carlos18
carlos19
carlos20
carlos21
carlos22
carlos23
carlos24
carlos25
carlos26
carlos27
carlos28
carlos69
carlos88
carlos99
carlotta
carlotta1
carlsberg
carlson1
carlton
carlton1
carly123
carman
carmel
carmela1
carmelina
carmelita
carmella
carmella1
carmelo1
carmelo15
carmen
carmen01
carmen10
carmen11
carmen12
carmen123
carmen13
carmen22
carmen23
carmen69
carmencita
carmex2
carmine1
carnage
carnage1
carnation
carnaval
carnegie
carneiro
carnell1
carnival
carnival1
carol
carol123
carola
carolann
carole
carolin1
carolina
carolina.
carolina01
carolina1
carolina10
carolina11
carolina12
carolina13
carolina15
carolina2
carolina22
carolina23
carolina3
carolina5
carolina7
caroline
caroline.
caroline1
caroline12
caroline2
carollo12
carolyn
carolyn1
carousel
carpedie
carpediem
carpediem1
carpente
carpenter
carpenter1
carpet
carranza
carrasco
carrefour
carrera
carrera1
carrera4
carrie
carrie12
carrie123
carrillo
carrillo1
carrington
carroll
carroll1
carrot
carrots
carrots1
cars
cars1234
carson
carson12
carson123
carsten
cartagena
carter
carter01
carter08
carter09
carter10
carter11
carter12
carter123
carter13
carter15
carter22
carter23
carthage
cartman
cartman1
cartman2
cartoon
cartoon1
cartoon10
cartoon123
cartoons
cartoons1
cartouche
carvalho
carver
carwash1
casa1234
casablanca
casacasa
casamento
casandra
casandra1
casanova
casanova1
cascada1
cascade
cascade1
cascades
case
casey
casey1
casey123
caseydog
cash
cash1234
cashcash
cashcrate
cashflow
cashflow1
cashmere
cashmere1
cashmone
cashmoney
cashmoney1
cashmoney2
cashmoney3
cashmoney5
casillas
casillas1
casimiro
casino
casino123
casio
casio123
casiopea
casper
casper01
casper1
casper10
casper11
casper12
casper123
casper13
casper14
casper21
casper22
casper23
casper69
casper99
cassandr
cassandra
cassandra1
cassandra2
cassandre
cassanova
cassidy
cassidy1
cassidy12
cassidy123
cassidy2
cassidy3
cassie
cassie01
cassie08
cassie09
cassie10
cassie11
cassie12
cassie123
cassie13
cassie14
cassie15
cassie16
cassie21
cassie22
cassie23
cassie69
cassiopea
cassiopeia
cassius1
castaneda
castanha1
castaway
castellano
castello
caster
castillo
castillo1
castle
castor
castro
cat123
cat12345
cat123456
cat15175
catalina
catalina1
catalog
catalunya
catalyst
catanddog
catania46
catarina
catarina1
catcat
catcat12
catcat123
catcatcat
catch22
catcher
catcher1
catdaddy
catdaddy1
catdog
catdog11
catdog12
catdog123
catdog13
catdog22
caterham7
caterina
catering
caterpillar
catfight
catfish
catfish1
catfish2
catfood
catfood1
catgirl1
cathedral
catherin
catherine
catherine1
catherine2
catherine3
cathleen
catholic
catholic1
cathrine
cathy
cathy123
catlover
catlover1
catman
catnip
catolica
catracho
catracho1
catrina1
catriona
cats
cats1234
catsanddogs
catscats
catsdogs
catsmeow
catsrule
catsrule1
catter
cattle
catwoman
catwoman1
caught
caution1
cavalier
cavalier1
cavaliere
cavaliers
cavaliers1
caveman
caveman1
cayman
cazzarola
cazzimiei
cazzo
cazzo1001
cazzoduro
cb123456
cbr1000rr
cbr1100xx
cbr600
cbr600rr
cbr900
cbr900rr
cc123456
ccbill
cccc
ccccc
ccccc1
cccccc
cccccc1
ccccccc
cccccccc
cccccccccc
ccopacell1
cd123456
cde34rfv
cdexswzaq
cds04121989
cdtnjxrf
cdtnkfyf
cdtnkfyrf
cdtnkzxjr
cdznjckfd
ceasar
cebucity
cecelia1
cecile
cecilia
cecilia1
ceckbrcerfkbxyjcnm2
cedric
cegthgfhjkm
cegthvty
celeb
celebrate
celebration
celebrity
celebrity1
celeron
celeron1
celeste
celeste1
celeste2
celestial
celestial1
celestin
celestina
celestine
celestino
celibataire
celica
celine
celinedion
celinesimon
cellardoor
cellphone
cellphone1
cellphone2
cellphone3
cellular
cellulare
celtic
celtic01
celtic12
celtic123
celtic1888
celtic1967
celtic67
celtic88
celticfc
celticfc1
celtics
celtics1
celtics33
celtics34
celtics5
celular1
cement
cemetery
cenation
cendrillon
cenerentola
ceng
cenicienta
centauro
center
central
central1
centrino
centrino1
centurion
century
century1
century21
cepetsugih
ceramics
cerberus
cerberus1
cerfcerf
certified
certified1
cerulean
cervantes
cervantes1
cerveza1
cesar123
cessna
cessna152
cessna172
cestlavie
cet333333
cezer121
cfdxtyrj
cfiekmrf
cfifcfif
cfitymrf
cfvfzkexifz
cghfibdfq
ch0c0late
ch123456
ch5nmk
ch_vitalij
chacha
chacha12
chacha123
chachacha
chachi
chaching
chachita
chad
chad1234
chadreed22
chadwick
chadwick1
chai
chaingang
chaingang1
chains
chainsaw
chainsaw1
chair
chairman
chaitanya
chakkara
challeng
challenge
challenge1
challenger
chalupa1
chamber
chamber1
chambers
chambers1
chameleon
chamonix
champ
champ1
champ123
champagne
champagne1
champion
champion1
champion12
champion2
champions
champions1
champs
chan
chance
chance01
chance1
chance10
chance11
chance12
chance123
chance13
chance22
chanchal
chanchan
chandana
chandigarh
chandler
chandler1
chandler12
chandler2
chandra
chandra1
chandran
chandrika
chanel
chanel05
chanel11
chanel12
chanel123
chanelbag
chanelle
chanelle1
chang
change
change08
change09
change12
change123
change1234
changed1
changeit
changeme
changeme1
changeme123
changeme2
changepass
changes
changes1
channel
channel1
channing
channing1
chantal
chantal1
chantel1
chantell
chantelle
chantelle1
chantilly
chao
chaochao
chaos
chaos1
chaos123
chaos666
chaotic1
chaparra
chaparra1
chaparrita
chaparro
chaparro1
chaplain
chapman
chapman1
chappy
chapstick
chapstick1
chapter1
chapulin
character
character1
characters
charchar
charcoal
charcoal1
chardonnay
charge
charger
charger06
charger1
charger2
charger21
charger69
chargers
chargers1
chargers12
chargers13
chargers2
chargers21
charisma
charisma1
charissa
charisse
charity
charity1
charizard
charizard1
charl0tte
charlee1
charlene
charlene1
charles
charles!
charles.
charles01
charles1
charles10
charles11
charles12
charles123
charles13
charles2
charles21
charles22
charles23
charles3
charles4
charles5
charles6
charles69
charles7
charles8
charles9
charleston
charley
charley1
charlie
charlie!
charlie.
charlie0
charlie01
charlie02
charlie03
charlie04
charlie05
charlie06
charlie07
charlie08
charlie09
charlie1
charlie10
charlie101
charlie11
charlie12
charlie123
charlie13
charlie14
charlie15
charlie16
charlie17
charlie18
charlie19
charlie2
charlie20
charlie200
charlie21
charlie22
charlie23
charlie24
charlie25
charlie27
charlie3
charlie33
charlie4
charlie5
charlie6
charlie69
charlie7
charlie77
charlie8
charlie88
charlie9
charlie99
charlieb
charlieboy
charliebrown
charliedog
charlies
charline
charlize
charlote
charlott
charlotte
charlotte0
charlotte1
charlotte2
charlotte3
charlotte7
charlotte9
charlton
charlton1
charly
charly2004
charmaine
charmaine1
charmander
charmed
charmed!
charmed1
charmed12
charmed123
charmed2
charmed3
charmedp3
charmin1
charming
charming1
charon
charter
charter1
chartered
chas
chase
chase1
chase123
chaser
chasity1
chasseur
chastity
chat
chatchat
chateau
chatham
chatnoir
chatter1
chatterbox
chatting
chaudhary
chauncey
chauncey1
chaussette
chavez
chayanne
cheater
cheater!
cheater1
cheater123
cheater2
cheaters
cheaters1
cheating
cheating1
cheburashka
check
check123
checker
checker1
checkers
checkers1
checking
checking1
checkitout
checkmat
checkmate
checkmate1
cheddar
cheddar1
cheeba
cheech
cheeks
cheeky
cheekymonkey
cheer101
cheer123
cheer4life
cheerbabe1
cheerful
cheergirl1
cheering1
cheerio1
cheerios
cheerios1
cheerleade
cheerleader
cheerleadi
cheerleading
cheerleaers
cheers
cheese
cheese01
cheese1
cheese10
cheese101
cheese11
cheese12
cheese123
cheese1234
cheese13
cheese14
cheese15
cheese21
cheese22
cheese23
cheese24
cheese33
cheese44
cheese69
cheese88
cheese99
cheeseball
cheeseburger
cheesecake
cheesehead
cheeseman
cheesey1
cheesy
cheetah
cheetah1
cheetah12
cheetah2
cheetos1
cheezit1
chef
cheguevara
chelito19
chelle
chelle1234
chelsea
chelsea!
chelsea.
chelsea01
chelsea05
chelsea06
chelsea07
chelsea08
chelsea09
chelsea1
chelsea10
chelsea11
chelsea12
chelsea123
chelsea13
chelsea14
chelsea15
chelsea16
chelsea17
chelsea18
chelsea2
chelsea21
chelsea22
chelsea23
chelsea25
chelsea26
chelsea3
chelsea4
chelsea5
chelsea6
chelsea69
chelsea7
chelsea8
chelsea88
chelsea9
chelsea99
chelseafc
chelseafc1
chelsey1
chelsie1
chemical
chemical1
chemicals
chemist
chemistry
chemistry1
chen
chenchen
cheng
chenjian
chennai123
chepalle
cherie
cherish1
cherokee
cherokee1
cherries
cherries1
cherry
cherry01
cherry07
cherry08
cherry09
cherry1
cherry10
cherry101
cherry11
cherry12
cherry123
cherry1234
cherry13
cherry14
cherry15
cherry16
cherry17
cherry18
cherry21
cherry22
cherry23
cherry24
cherry25
cherry69
cherry88
cherrybomb
cherrycoke
cherrypie
cherrypie1
cherrys1
cherrytree
cheryl
cheshire
chesney1
chess
chess123
chessie
chessie1
chessmaster
chester
chester!
chester01
chester1
chester10
chester11
chester12
chester123
chester13
chester2
chester22
chester3
chester4
chester5
chester7
chester8
chesterfield
chestnut
chestnut1
chevalier
chevelle
chevelle1
chevelle69
chevrole
chevrolet
chevrolet1
chevy
chevy1
chevy123
chevy1500
chevy2500
chevy350
chevy454
chevy4x4
chevyman
chevyman1
chevys
chevys10
chevytruck
chevyz71
chewbacc
chewbacca
chewbacca1
chewey
chewie
chewy
chewy123
cheyanne
cheyanne1
cheyenne
cheyenne01
cheyenne1
cheyenne11
cheyenne12
cheyenne13
cheyenne2
cheyenne3
cheyenne7
chi-town
chiamaka
chiaretta
chibuike
chibuzor
chica123
chicago
chicago01
chicago08
chicago1
chicago10
chicago11
chicago12
chicago123
chicago13
chicago2
chicago21
chicago22
chicago23
chicago3
chicago4
chicago5
chicago6
chicago7
chicago8
chicago9
chicana1
chicano1
chicano13
chicca39
chicharito
chichi
chichi11
chichi12
chichi123
chick
chick123
chickadee
chickboy
chicken
chicken!
chicken.
chicken0
chicken01
chicken1
chicken10
chicken101
chicken11
chicken12
chicken123
chicken13
chicken14
chicken15
chicken2
chicken21
chicken22
chicken23
chicken24
chicken3
chicken4
chicken44
chicken5
chicken6
chicken69
chicken7
chicken8
chicken9
chicken99
chickenbutt
chickens
chickens1
chickie1
chicklet
chicks
chico
chico123
chicosci
chidinma
chidori1
chief
chiefs
chigozie
chihuahua
chihuahua1
chijioke
chijioke123
chikita1
chiks
chilango
chilango1
child
childcare
childofgod
children
children1
children2
children3
children4
children5
children6
children7
chilidog
chill
chilli
chillin
chillin1
chilling
chillout
chilly
chimchim
chimera
chimera1
china
china123
chinacat
chinadoll
chinadoll1
chinaman
chinaman1
chinatown
chinatown1
chinchilla
chinchin
chinchin1
chinedu1
chinenye
chinese
chinese1
chingching
chingon1
chinita1
chino
chino123
chinonso
chinook
chinook1
chinyere
chiodos1
chip
chipchip
chipmunk
chipmunk1
chipmunks
chipper
chipper1
chipper10
chipper2
chippy
chips
chips123
chipster
chiquis1
chiquita
chiquita1
chiquitin
chiquitita
chiquito
chiquito1
chispita
chitarra
chitchat
chitown
chitown1
chivas
chivas#1
chivas01
chivas07
chivas09
chivas10
chivas100
chivas101
chivas11
chivas12
chivas123
chivas1234
chivas13
chivas14
chivas15
chivas16
chivas17
chivas18
chivas19
chivas21
chivas22
chivas23
chivas99
chloe
chloe1
chloe123
chloedog
chobits1
chocha
choclate
choclate1
choco123
chocobo1
chococat
chocolat
chocolat1
chocolat3
chocolate
chocolate!
chocolate.
chocolate0
chocolate1
chocolate11
chocolate12
chocolate123
chocolate2
chocolate3
chocolate4
chocolate5
chocolate6
chocolate7
chocolate8
chocolate9
chocolates
choice
chois777
choke
chokolate
cholo123
chomper1
chonchon
chong
chooch
choochoo
choochoo1
choosen1
chopchop
chopin
chopper
chopper1
chopper12
chopper123
chopper2
chopper3
chopper69
chopper7
choppers
choppers1
chopsuey
chosenone
chou
chouchou
chouchou1
choucroute
choudhary
chouette
choupette
choupinette
choupinou
chouquette
chowchow
chowchow1
chowdary
chowder
chowder1
chr1st1an
chris
chris007
chris1
chris100
chris101
chris111
chris123
chris1234
chris12345
chris143
chris1988
chris1989
chris1990
chris1991
chris1993
chris2006
chris2007
chris2008
chris2009
chris2010
chris420
chris4ever
chris4life
chris666
chrisbln
chrisbrow1
chrisbrown
chrischris
chrispaul3
chriss
chrissie
chrissy
chrissy1
chrissy123
chrissy2
christ
christ01
christ11
christ12
christ123
christ777
christa
christa1
christal
christel
christelle
christen
christen1
christi
christi1
christia
christiaan
christian
christian!
christian.
christian0
christian1
christian12
christian123
christian2
christian3
christian4
christian5
christian6
christian7
christian8
christian9
christiana
christiane
christiano
christie
christie1
christin
christin1
christina
christina!
christina0
christina1
christina2
christina3
christina4
christina5
christina7
christina8
christina9
christine
christine!
christine0
christine1
christine2
christine3
christine5
christine7
christine8
christine9
christma
christmas
christmas!
christmas0
christmas1
christmas2
christmas3
christmas7
christo
christo1
christop
christoph
christoph1
christoph89
christophe
christopher
christopher1
christos
christy
christy1
chrome
chronic
chronic1
chronic2
chronic420
chrono
chrysler
chrysler1
chrystal
chrystal1
chuai
chuan
chuang
chubby
chubby123
chucha0810
chuck
chuck1
chuck123
chuckie
chuckie1
chuckles
chuckles1
chucknorris
chucky
chucky12
chucky123
chucky13
chui
chukwudi
chukwuma
chula123
chumchum
chun
chunchun
chunky
chuo
chupacabra
chupachups
chupamela
church
church12
church123
churchil
churchill
churchill1
chutrung
ciao1234
ciaoatutti
ciaobella
ciaociao
ciaociao1
ciaociaociao
ciara123
cicamica
ciccio
cicciobello
cicciolina
cicciona
ciccione
cicero
cicero1324
ciclismo
cieloazul
cigar
cigarette
cigars
cimbom1905
cimbombom
cincinnati
cinder
cinderela
cinderella
cinders1
cindrella
cindy
cindy1
cindy123
cindylou
cinema
cinghiale
cingular
cingular1
cinnamon
cinnamon1
cinta123
cintaku1
cintasejat
cinthia1
cioccolata
cioccolato
ciocolata
cipollina
cippalippa
circle
circus
cirrus
cisco
cisco123
cisneros
citadel
citation
citibank
citizen
citizen1
citroen
citroen1
citroenc4
city
cityboy1
cityhunter
civic
civicsi
civilwar
cj123456
cjdthitycndj
cjkysirj
cjmasterinf
cjrjkjdf
cjxb2014
ckiue73jp
cksdnd12
claire
claire01
claire12
claire123
clairebear
clancy
clapton
clapton1
clara123
claremont
clarence
clarence1
clarinet
clarinet1
clarinette
clarinha
clarissa
clarissa1
clarisse
clark
clark123
clarke
clarkie
clarkkent
clarkkent1
clarkson
class
class2006
class2007
class2008
class2009
class2010
class2011
class2012
class2013
classic
classic1
classical
classics
classified
classmate
classof05
classof06
classof07
classof08
classof09
classof10
classof11
classof12
classof13
classof200
classof201
classof2010
classof2011
classof2012
classof99
classroom
claude
claudette
claudia
claudia1
claudia12
claudia123
claudia13
claudia2
claudia7
claudine
claudio
claudio1
claudita
claudius
clay
claymore
clayton
clayton1
clayton2
clean
cleaner
cleaner1
cleaning
cleaning1
clearwater
clemence
clement
clement1
clemente
clemente21
clementina
clementine
clements
clemson
clemson1
cleo
cleocleo
cleopatr
cleopatra
cleopatra1
cleopatre
clermont
clevelan
cleveland
cleveland1
cleveland2
clever
click
click123
cliff
clifford
clifford1
clifton
clifton1
climax
climber
climber1
climbing
clinique
clint
clinton
clinton1
clipper
clipper1
clippers
clippers1
clips
clit
clitoris
clochette
clock
clock123
clockwork
clockwork1
close
close-up
closer
closeup
clothes1
clotilde
cloud
cloud123
cloud9
clouds
cloudstrife
cloudy
clover
clover12
clover123
clovis
clown
clown123
clowns
clticic
club
club2030
clubpenguin
clueless
clueless1
clusters
clutch
clyde
clyde123
cm6e7aumn9
cmfnpu
cn42qj
cneltynrf
cnfybckfd
cnhfyybr
cnhjbntkm
cnhtrjpf
cnjvfnjkju
cntgfirf
cntgfyjd
cntgfyjdf
cnthdjxrf
coach
coach1
coach123
coaching
coastal1
coaster
coaster1
cobain
cobalt
cobblers
cobra
cobra1
cobra123
cobra427
cobras
coca-cola
cocacola
cocacola!
cocacola0
cocacola1
cocacola10
cocacola11
cocacola12
cocacola123
cocacola13
cocacola2
cocacola3
cocacola7
cocaine
cocaine1
coccinella
coccinelle
coccodrillo
cochise1
cock
cocker
cockroach
cocks
cocksuck
cocksucker
cocktail
cocktail1
coco
coco1234
cocoa
cocoa123
cocobean
cocochanel
cococo
cocococo
cocodrilo
cocolino
cocoliso
cocoloco
cocoloco1
cocomero
coconut
coconut1
coconut12
coconut123
coconut2
coconuts
coconuts1
cocopops
cocopuff
cocopuff1
cocopuffs
cocopuffs1
cocorico
cod12qw75rqyi59n
code
codeblue
codegeass
codelyoko
codeman1
codename
codename47
codered
codered1
cody
cody1234
codybear
codybear1
codyboy1
codycody
codydog1
coffee
coffee01
coffee11
coffee12
coffee123
coffee22
coffee4me
coffeecup
coglione
cohiba
coimbatore
coincoin
cokacola
coke
cokecoke
cokolada
cola
colacola
colasisi
colby123
colchester
cold
coldbeer
coldfire
coldplay
coldplay1
coldwater
cole
cole1234
coleman
coleman1
colette1
colgate1
colin
colin123
collect
collect1
collection
collector
colleen
colleen1
college
college08
college09
college1
college123
college2
collette
collie
collin
collin12
collingwood
collins
collins1
colnago
colocolo
colocolo1
colombia
colombia1
colombia10
colombia12
colombia2
colombiano
colonel
colonel1
colonial
colony
color
color123
colorado
colorado1
colorado12
colorado2
colorful
colorguard
colors
colossus
colt
colt1911
colt45
colton
colton12
coltrane
coltrane1
colts
colts123
columbia
columbia1
columbus
columbus1
comanche
comanche1
comandante
comander
comandos
combat
combat123654
combat18
comcast
comcast1
come
comeback
comedian1
comedy
comein
comeon11
comeon111
comercial
comet
comet123
cometome
comets
comfort
comfort1
comics
coming
command
command1
commande
commander
commander1
commando
commando1
commandos
comment
commerce
commerce1
commercial
commodore
commodore1
common
common123
commons21
commrades
communication
community
community1
comp
compact
company
company1
company123
compaq
compaq01
compaq1
compaq11
compaq12
compaq123
compaq13
compaq6720
compass
compass1
compassion
complete
complete1
complex1
complicate
complicated
composer
compound
compton
compton1
compton13
compton310
computador
computadora
computer
computer!
computer.
computer0
computer01
computer1
computer10
computer11
computer12
computer123
computer13
computer2
computer20
computer21
computer22
computer23
computer3
computer4
computer5
computer6
computer69
computer7
computer8
computer9
computers
computers1
comrades
conan
conan123
concepcion
concept
concept1
concerto
concetta
conchita
concord
concord1
concorde
concorde1
concordia
concours
concrete
concrete1
condition
condom
condor
condorito
conejita
conejito
confiance
confidence
confident
confident1
confidential
confirm1
confirmed
conflict
confused
confused1
confused2
confusion
cong
congress
coniglio
connect
connect1
connect123
connect2
connect4
connected
connecting
connection
connections
conner
conner12
conner123
connexion
connie
connie12
connie123
connolly
connor
connor01
connor02
connor03
connor04
connor05
connor06
connor07
connor08
connor10
connor11
connor12
connor123
connor13
connor99
conover
conpro73
conquest
conrad
constance
constance1
constance626boilard1987
constant
constanta
constantin
constantine
constanza
construction
consuelo
consuelo1
consult
consultant
consulting
consumer
contact
contact1
contacts
contador
contains
contender
content
contessa
contest
contest1
continental
continue
continue1
contortionist
contour
contract
contractor
contrase
contrase+a
contrasea
contrasena
contreras
contreras1
control
control1
control2
controle
controller
converse
converse1
converse12
convict1
conway
coochie
cook
cookbook
cookie
cookie00
cookie01
cookie02
cookie06
cookie07
cookie08
cookie09
cookie1
cookie10
cookie101
cookie11
cookie12
cookie123
cookie1234
cookie13
cookie14
cookie15
cookie16
cookie17
cookie18
cookie19
cookie20
cookie21
cookie22
cookie23
cookie24
cookie25
cookie33
cookie44
cookie45
cookie55
cookie69
cookie77
cookie88
cookie99
cookiemons
cookiemonster
cookies
cookies!
cookies.
cookies01
cookies1
cookies10
cookies101
cookies11
cookies12
cookies123
cookies13
cookies2
cookies22
cookies23
cookies3
cookies4
cookies5
cookies6
cookies7
cookies8
cookies9
cooking
cooking1
cool
cool1234
cool12345
cool123456
coolbaby
coolbeans
coolbeans1
coolblue
coolboy1
coolboy123
coolbreeze
coolbuddy
coolbuddy1
coolcat
coolcat1
coolcat12
coolcat123
coolcat2
coolcats
coolchick
coolchick1
coolcool
coolcool1
cooldog1
cooldude
cooldude09
cooldude1
cooldude12
cooldude2
cooler
cooler12
cooler123
coolest1
coolgirl
coolgirl1
coolgirl12
coolguy
coolguy1
coolguy123
coolguy2
coolhand
coolio
coolio12
coolio123
coolkid1
coolkid12
coolkid123
coolkid2
coolkids
coolkids1
coolman
coolman1
coolman12
coolman123
coolman2
coolness
coolness1
coolwater
coolwhip
coondog1
cooper
cooper01
cooper06
cooper07
cooper08
cooper09
cooper1
cooper10
cooper11
cooper12
cooper123
cooper13
cooper14
cooper21
cooper22
cooper23
cooper24
coors
coorslight
cooter
copacabana
copeland
copeland1
copenhag
copenhagen
copper
copper01
copper11
copper12
copper123
copper22
copperhead
copyright
copyright1
coquelicot
coral
coraline
corazon1
corazon12
corazon123
corazon2
corazoncito
corazones
corbin
cordelia
cordell1
cordell123
cordero1
cordova1
core
core2duo
coregmedia
corentin
corey
corey123
corina
corinna
corinna1
corinne
corinne1
corinthian
corinthians
corky
corleone
corleone1
corn
cornbread
cornbread1
corncake21
corndog
corndog1
cornelia
cornelia1
cornelio
cornelis
cornelius
cornelius1
cornell
cornell1
corner
cornerstone
cornflake
cornflakes
cornhole
cornholio
cornwall
cornwall1
corolla
corolla1
corona
corona12
corona123
corona13
corona69
coronado
coronado1
corporal
corporate
corporation
corps
corrado
corrado1
corrine1
corsair
corsica1
cortland
cortney1
corvet07
corvette
corvette1
corvette2
corvette69
corwin
cory
cosanostra
cosmic
cosmo
cosmo123
cosmopolitan
cosmos
cosmos0901
costantino
costanza
costarica
costarica1
costello
cosworth
cosworth1
cottage
cottage1
cotton
cotton12
cottoncand
cottoncandy
coucou
cougar
cougar12
cougars
cougars1
counselor
countdown
counter
counter1
counter123
counterstrike
country
country1
country12
country123
country2
countryboy
countrygir
countrygirl
county
countylib
couples
couponmom
coupons1
couponsc10
courage
courage1
courage9
courier
court
court123
courtney
courtney!
courtney01
courtney1
courtney10
courtney11
courtney12
courtney13
courtney14
courtney16
courtney2
courtney22
courtney3
courtney4
courtney5
courtney6
courtney7
courtney8
courtney9
couscous
cousins1
couture1
covenant
covenant1
coventry
coventry1
covergirl
cowabunga
cowboy
cowboy01
cowboy09
cowboy1
cowboy10
cowboy11
cowboy12
cowboy123
cowboy13
cowboy21
cowboy22
cowboy23
cowboy24
cowboy69
cowboy88
cowboys
cowboys!
cowboys#1
cowboys01
cowboys07
cowboys08
cowboys09
cowboys1
cowboys10
cowboys11
cowboys12
cowboys123
cowboys13
cowboys14
cowboys2
cowboys21
cowboys22
cowboys23
cowboys24
cowboys3
cowboys31
cowboys33
cowboys4
cowboys5
cowboys69
cowboys7
cowboys8
cowboys81
cowboys88
cowboys9
cowboyup
cowboyup1
cowboyz1
cowgirl
cowgirl1
cowgirl2
cowgirls
cowgirlup
cowgirlup1
cows
coyote
cppzfrc933
cq2kph
cr1st1an
crabtree
crack
crack123
cracker1
cracker12
cracker123
cracker2
crackerjack
crackers
crackers1
crackhead
crackhead1
cracovia
cradle666
cradleoffilth
craft
craig
craig123
cramps
cranberry
cranberry1
crane
crap
crapper1
crappy
crash
crash1
crash123
crave
craven
craving
crawfish
crawfish1
crawford
crawford1
crawling
crayola1
crayons1
crazy
crazy1
crazy101
crazy111
crazy123
crazy1234
crazy4life
crazy4you
crazy666
crazyass1
crazybab
crazybitch
crazyboy
crazyboy1
crazycat
crazychick
crazydog
crazyfrog
crazyfrog1
crazygirl
crazygirl1
crazygirl2
crazygurl1
crazyhorse
crazykid1
crazylady
crazylady1
crazylove
crazylove1
crazyman
crazyman1
crazyone
cre8tive
cream
cream123
creampie
creampuff
creamy
creat1ve
create
creatine
creation
creation1
creations
creative
creative1
creative12
creative123
creative2
creativity
creator1
creature
creature1
credit
creed
creeper1
creepers
creepy
creosote
crepusculo
crescent
crevette
crew
cricket
cricket1
cricket11
cricket12
cricket123
cricket2
cricket7
cricketer
crickett
criminal
criminal1
crimson
crimson1
crip4life
crippin1
crispy
crissangel
crissy
cristal1
cristhian
cristian
cristian1
cristian12
cristiana
cristiane
cristiano
cristiano1
cristiano7
cristianor
cristianoronaldo
cristina
cristina1
cristina12
cristine
cristobal
cristofer
cristopher
cristovive
critical
critter
critter1
critters
crjhgbjy
crjhjcnm
crkurrp954
croatia1
crockett
crocodil
crocodile
crocodile1
cromwell
cronaldo
cronaldo7
cronic420
croquette
crosby
crosby87
cross
cross123
crossbow
crosscountry
crossfire
crossfire1
crossover
crossroad
crossroads
crossword
crow
crowbird
crown
crownvic1
cruise
cruiser
cruiser1
crumbs
crunch
crunchie
crunchy1
crusader
crusader1
crusaders
crusaders1
crusher
crusher1
crusty
cruzazul
cruzazul1
cruzazul10
cruzeiro
crybaby1
crystal
crystal!
crystal01
crystal08
crystal09
crystal1
crystal10
crystal11
crystal12
crystal123
crystal13
crystal14
crystal16
crystal18
crystal2
crystal21
crystal22
crystal23
crystal3
crystal4
crystal5
crystal6
crystal69
crystal7
crystal8
crystal9
crystals
crystalsaga
cs123456
csfbr5yy
ctcnhtyrf
ctdfcnjgjkm
cthulhu
cthuttdbx
cthuttdf
cthuttdyf
ctvtyjdf
cualquiera
cuan
cubalibre
cubanita
cubanito
cubbies
cubbies1
cubs
cubs1908
cubswin
cubswin1
cucaracha
cucciola
cucciolo
cucumber
cucumber1
cuddles
cuddles1
cuddles12
cuddles123
cuddles2
cuervo
culiacan1
culinary
culinary1
culture1
cumberland
cumcum
cumm
cummer
cumming
cummings
cummins
cummins1
cumshot
cumslut
cunningham
cunt
cuntface
cuntface1
cunts
cuoricino
cupcake
cupcake!
cupcake.
cupcake01
cupcake09
cupcake1
cupcake10
cupcake101
cupcake11
cupcake12
cupcake123
cupcake13
cupcake14
cupcake15
cupcake2
cupcake21
cupcake22
cupcake23
cupcake24
cupcake3
cupcake4
cupcake5
cupcake6
cupcake69
cupcake7
cupcake8
cupcake9
cupcakes
cupcakes1
cupcakes12
cupoftea
cupoi
cuppycake1
curious
curious1
curitiba
currency
current1
curtains
curtis
curtis12
curtis123
custard1
custer
custodio
custom
customer
customer1
cute
cute1234
cuteako1
cuteangel
cutebaby
cuteboy1
cutecute
cutegirl
cutegirl1
cutegurl
cuteness
cuteness1
cuthbert
cutie
cutie101
cutie123
cutie1234
cutie4life
cutiegirl
cutiepie
cutiepie!
cutiepie01
cutiepie09
cutiepie1
cutiepie10
cutiepie11
cutiepie12
cutiepie13
cutiepie14
cutiepie2
cutiepie23
cutiepie3
cutiepie4
cutiepie5
cutiepie7
cutiepie9
cutlass
cutlass1
cutter
cuttiepie1
cuxldv
cvbhyjdf
cvbncvbn
cvtifhbrb
cvzefh1gkc
cwoui
cxfcnkbdfz
cxfcnmttcnm
cxy831126
cxzdsaewq
cyber
cyber123
cyberman
cybernet
cyberonline
cybersex
cybershot
cyborg
cyclone
cyclone1
cyclones
cyclones1
cyclops
cyclops1
cyecvevhbr
cygnus
cygnusx1
cyjdsvujljv
cynthia
cynthia1
cynthia12
cynthia123
cynthia2
cypher
cypress
cypress1
cyprus
cyrano
cyrielle
cyrus
cytuehjxrf
cytujdbr
cyy813zrvr
cyzkhw
czekolada
czekolada1
czsxumtf
czz000000
czz123456
czz224466
d0023500
d04081999
d0r1nc0urt
d1234567
d12345678
d123456789
d1bd6bc58c1d74df41a957489c9942f5
d1d2d3d4
d1e234tp
d1i2m3a4
d1lakiss
d21lwz1zjs
d2itsr81jo
d2tqqn28tc
d2xyw89sxj
d41d8cd98f00
d41d8cd98f00b204e980
d54p7xjkha
d54q7xjmhx
d68pyfuh2v
d6o8pm
d6ug7epz
d6wnro
d71lwz9zjs
d7777777
d85lwz0zjs
d9160847880
d9189498
d9ebk7
d9ungl
d9zufqd92n
da123456
da1andonly
da1nonly
dabaddest1
dabears
dabears1
dabomb
dabulls
dachshund
dad2ownu
dada
dadada
dadadada
daddy
daddy'sgir
daddy1
daddy101
daddy123
daddy1234
daddycool
daddygirl
daddygirl1
daddygirl2
daddygurl1
daddyo
daddys
daddysboy1
daddysgirl
daddysgurl
daddyyanke
daddyyankee
dadounet
dadsgirl
dadsgirl1
daedalus
daemon
daewoo
daewoo65
daffodil
daffodil1
daffodils
daffy
daffyduck
daffyduck1
daftpunk
daftpunk1
dagestan
dagestan05
dagger
dagmar
dagobert
dagreat1
daili123com
dairymilk
daisey
daisuke1
daisy
daisy1
daisy101
daisy123
daisy1234
daisydog
daisydog1
daisyduke
daisyduke1
daisygirl
daisymae
daisymae1
daisymay
daisymay1
dakota
dakota00
dakota01
dakota02
dakota03
dakota04
dakota05
dakota06
dakota07
dakota08
dakota09
dakota1
dakota10
dakota11
dakota12
dakota123
dakota13
dakota14
dakota15
dakota21
dakota22
dakota23
dakota69
dakota98
dakota99
dalailama
dalbas73
dale
dalejr
dalejr08
dalejr88
dallas
dallas01
dallas05
dallas06
dallas07
dallas08
dallas09
dallas1
dallas10
dallas11
dallas12
dallas123
dallas13
dallas14
dallas15
dallas21
dallas214
dallas22
dallas23
dallas24
dallas31
dallas33
dallas41
dallas69
dallas81
dallas88
dallas99
dallascowb
dallascowboys
dallastx
dalmatian
dalmation
dalmation1
dalshe
dalton
dalton01
dalton12
dalton123
damage
daman
damaris1
damascus
damian
damian01
damian11
damian12
damian123
damian13
damian666
damien
damien12
damien123
damien666
damilare
damilola
damilola1
damira.shagabutdinova
dammit
damn
damned
damnit
damon
damon123
dan12345
dan1elle
dan_cheb
dana
dana1234
danadana
dance
dance101
dance123
dance4ever
dance4life
dance4me
dance5678
dancedance
dancehall
dancer
dancer01
dancer07
dancer08
dancer09
dancer1
dancer10
dancer101
dancer11
dancer12
dancer123
dancer13
dancer14
dancer15
dancer16
dancer17
dancer18
dancer21
dancer22
dancer23
dancer24
dancer87
dancer88
dancers1
dancing
dancing1
dancing123
dancing2
dancingqueen
dandan
dandan123
dandandan
dandelion
dandfa
dandy
danecook1
dang
danger
danger12
danger123
dangermouse
dangerous
dangerous1
dangerous12
dani
dani1234
danidani
daniel
daniel00
daniel007
daniel01
daniel02
daniel03
daniel04
daniel05
daniel06
daniel07
daniel08
daniel09
daniel1
daniel10
daniel101
daniel11
daniel12
daniel123
daniel1234
daniel13
daniel14
daniel15
daniel16
daniel17
daniel18
daniel19
daniel1994
daniel20
daniel2000
daniel2007
daniel2008
daniel2009
daniel2010
daniel21
daniel22
daniel23
daniel24
daniel25
daniel26
daniel27
daniel28
daniel29
daniel30
daniel31
daniel33
daniel55
daniel69
daniel77
daniel82
daniel83
daniel84
daniel85
daniel86
daniel87
daniel88
daniel89
daniel90
daniel91
daniel92
daniel93
daniel94
daniel95
daniel96
daniel97
daniel98
daniel99
daniela
daniela.
daniela1
daniela10
daniela12
daniela123
daniela13
daniela2
daniele
daniele1
danielita
danielito
danielito1
daniella
daniella1
danielle
danielle!
danielle.
danielle01
danielle07
danielle08
danielle09
danielle1
danielle10
danielle11
danielle12
danielle123
danielle13
danielle14
danielle15
danielle16
danielle17
danielle18
danielle19
danielle2
danielle20
danielle21
danielle22
danielle23
danielle3
danielle4
danielle5
danielle6
danielle69
danielle7
danielle8
danielle9
daniels
daniels1
danijela
danil123
danilova
dank
danman
danni
dannielle
danny
danny1
danny101
danny123
danny1234
dannyboy
dannyboy1
dante
dante1
dante123
dante666
dantheman
dantheman1
danville
danyelle
danzig
danzig666
daphne
dapzu455
dardevilk
daredevi
daredevil
daredevil1
darian
darius
darius12
darius123
darjeeling
dark
dark1234
darkange
darkangel
darkangel1
darkangel2
darkangel6
darkblue
darkdark
darkdevil
darkdragon
darkfire
darkhorse
darkknight
darklight
darklight1
darklord
darklord1
darkman
darkman1
darkmanx
darkmaster
darkmoon
darkn3ss
darkness
darkness!
darkness0
darkness1
darkness11
darkness12
darkness13
darkness2
darkness3
darkness5
darkness6
darkness66
darkness7
darknight
darknight1
darkone
darkone1
darkorbit
darkshadow
darkside
darkside1
darksoul
darkstar
darkstar1
darkwing
darkwolf
darlene
darlene1
darling
darling1
darling123
darlington
darnell1
darrel
darrell
darrell1
darren
darren12
darren123
darrius1
darryl
darshana
dartagnan
darth
darthmaul
darthvad
darthvader
dartmouth
darwin
dasani
dasdasdas
dasha123
dasha1996
dasha1998
dasha2010
dashadasha
dashawn1
dashboard
dashboard1
dashenka
data
database
datnigga1
datsun
daughter
daughter1
daughter2
daughters
daughters2
daughters3
dauphine
dauphins
dave
dave1
dave1234
davecole
davedave
davenport
davenport1
david
david007
david1
david101
david111
david123
david1234
david12345
david2000
david2006
david2007
david2008
david2009
david2010
david666
david777
davidb
davidbeckham
davidbowie
daviddavid
davide
davidic1
davidlee
davidoff
davids
davidson
davidson1
davidstrokov
davidvilla
davies
davinchi
davinci
davinci1
davis
davis123
dawg
dawgs
dawid123
dawidek1
dawkins20
dawn
dawson
dayanara
daybreak
daycare1
dayday12
dayday123
daydream
daydream1
daydreamer
daylight
daylight1
days
dayton
daytona
daytona1
daytona500
daywalker
dbjktnnf
dbnzyxbr
dbrfdbrf
dbrnjhbz
dbrnjhjdbx
dbrnjhjdyf
dbyjuhfl
dc123456
dcba4321
dcltabih01
dcshoes1
dctdjkjl
dctktyyfz
dctvghbdtn
dd123456
dddd
ddddd
ddddd1
dddddd
dddddd1
ddddddd
dddddddd
ddddddddd
dddddddddd
ddzj39cb3
ddzj49nb3
de7mdf
deacon
dead
deaddead
deadfish
deadhead
deadhead1
deadline
deadlock
deadly
deadman
deadman1
deadman2
deadman8
deadmau5
deadmeat
deadpool
deadpool1
deadspace
deadspin
deadwood
deal
dealer
dean
deandre1
deangelo
deangelo1
deanna
deanna12
dearbook
deardear
dearmama
death
death1
death101
death123
death2all
death666
deathangel
deathcore
deathmetal
deathnote
deathnote1
deathnote2
deathrow
deathrow1
deaths
deathstar
deathstar1
deathtoall
deathwish
deathwish1
debbie
debbie01
debbie1
debbie12
debbie123
debbie69
deborah
deborah1
debra
debtfree
decatur1
december
december01
december05
december06
december07
december08
december09
december1
december10
december11
december12
december13
december14
december15
december16
december17
december18
december19
december2
december20
december21
december22
december23
december24
december25
december26
december27
december28
december29
december3
december30
december31
december4
december5
december6
december7
december8
december9
decembre
decembrie
deception
decimal
decker
dedamiwa
dede
dededede
dedewang
dedicated
dedication
dedmoroz
deedee
deedee11
deedee12
deedee123
deedee13
deedeedee1
deejay
deep
deepak123
deepblue
deeper
deepfrequency
deeppurple
deepspace9
deepthroat
deer
deerhunt
deerhunt1
deerhunter
deerpark
deerpark1
deerslayer
deeter_1
deeznuts
deeznuts1
deeznutz
deeznutz1
default
default05
default1
default_password
defender
defender1
defender101
defense
defense1
defiance
defiant
defiant1
defleppard
deftones
deftones1
degrassi
degrassi1
deguzman
dehpye
dehradun
dei3mutter
deicide666
deinemudda
deinemutter
dejavu
delacruz
delacruz1
delaney
delaney1
delarosa
delatorre
delaware
delaware1
delbert1
delboy
delete
delete123
deleted1
delfines
delgado1
delhi123
delicious
delicious1
delight
delight1
delilah
delilah1
delirium
delirium9111
delivered
delivery
dell
dell1234
delldell
delldell1
delmar
deloitte
delorean
delores1
delosreyes
delphi
delphine
delphine1
delpiero
delpiero10
delrosario
delta
delta1
delta123
deltaforce
deltas
deluxe
delvalle
demarcus
demarcus1
demarrer
demented
dementia
dementor
demetria
demetrio
demetrius
demetrius1
demilovato
demo
democrat
demolition
demon
demon123
demon1234
demon12345
demon1q2w3e
demon1q2w3e4r
demon1q2w3e4r5t
demon666
demonhunter
demonic1
demons
dempsey
dempsey1
den221991
denali
deng
denied
denilson
deniro
denis123
denis1991
denis1992
denis1994
denis1995
denis1996
denis1997
denis1998
denis_nazarenko
denisdenis
denise
denise01
denise07
denise08
denise09
denise10
denise11
denise12
denise123
denise13
denise14
denise15
denise18
denise21
denise22
denise23
denise69
denisse1
denmark
denmark1
dennis
dennis01
dennis10
dennis11
dennis12
dennis123
dennis13
dennis22
dennis23
denpasar
density
dental
dentist
dentist1
dentista
denver
denver07
denver12
denver123
denver15
denver303
denya2531914
depeche
depeche1
depeche101
depechemode
deportivo
depressed
depressed1
depression
deputy
derbeder
derector-85
derek
derek123
derekjeter
derf
derfderf
derick
derparol
derrick
derrick1
derrick12
derrick123
derrick2
desadesa
descartes
descent
desdemona
desember
desert
desertrose
deshaun1
deshawn1
desiderata
desiderio
design
design123
designdeal
designer
designer1
desirae1
desire
desiree
desiree1
desiree12
desiree123
desiree2
deskjet
deskjet1
desktop
desktop1
desmond
desmond1
desmond123
desperado
desperado1
desperados
desperate
destin
destination
destinee
destinee1
destiney
destiney1
destini1
destiny
destiny!
destiny.
destiny01
destiny02
destiny04
destiny05
destiny06
destiny07
destiny08
destiny09
destiny1
destiny10
destiny11
destiny12
destiny123
destiny13
destiny14
destiny15
destiny2
destiny21
destiny22
destiny23
destiny3
destiny4
destiny5
destiny6
destiny69
destiny7
destiny8
destiny9
destiny99
destroy
destroy1
destroyer
destroyer1
destruction
details
detect
detectiv
detective
detective1
determination
determined
dethklok
dethklok1
detroit
detroit1
detroit12
detroit2
detroit3
detroit313
detroit7
deuce
deuseamor
deusefiel
deutsch
deutsch1
deutschlan
deutschland
devante1
devastator
developer
development
devendra
devil
devil123
devil666
devilboy
devildog
devildog1
devildriver
devilish
devilish1
deviljin
deville
devilman
devilman1
devilmaycr
devilmaycry
devilmaycry4
devils
devin
devin123
devine
devious1
devlt4
devo
devochka
devon
devon123
devonte1
devotion
dewalt
dewayne1
dexter
dexter01
dexter10
dexter11
dexter12
dexter123
dexter13
dexter21
dexter22
deyanira
dezember
dezembro
dfa72dfj
dfaeff34232
dfasnewa
dfcbkbcf
dfcbkmtd
dfcbkmtdf
dfczcghjcbnm
dfczdfcz
dfg5fhg5vgfh1
dfgdfgdfg
dfkmrbhbz
dfktynby
dfktynbyf
dfktynbyrf
dg123456
dga9la
dgkallday
dgkallday1
dgonni86
dhananjay
dharma
dhip6a
dhjnvytyjub
diabetes
diabetes1
diablo
diablo01
diablo11
diablo12
diablo123
diablo13
diablo2
diablo22
diablo666
diablo69
diabolik
diabolika
diamante
diamante1
diamond
diamond!
diamond.
diamond01
diamond06
diamond07
diamond08
diamond09
diamond1
diamond10
diamond11
diamond12
diamond123
diamond13
diamond14
diamond15
diamond16
diamond17
diamond18
diamond2
diamond21
diamond22
diamond23
diamond24
diamond3
diamond4
diamond5
diamond6
diamond69
diamond7
diamond8
diamond9
diamonds
diamonds1
diamonds12
diamonds2
dian
diana
diana123
diana1998
dianadiana
diane
diane123
dianita1
diank123
dianne
dianochka
dianochka1924
diao
diaper
diapers
dicembre
diciembre
diciembre1
diciembre2
dick
dick1
dick1234
dickdick
dickens
dickens1
dicker
dickface
dickface1
dickhead
dickhead1
dickhead12
dickhead2
dickhead69
dickie
dickies1
dickinson
dicks
dicksucker
dickweed
dickweed1
dicky
dictionary
diddlina
didididi
diebitch1
diediedie
diego
diego123
dieguito
diehard
diehard1
diesel
diesel01
diesel11
diesel12
diesel123
diesel69
dietcoke
dietcoke1
dieter
dietpepsi
dietpepsi1
dietrich
dieumerci
different
different1
difficult
digger
digger12
diggler
digimon
digimon1
digimon123
digital
digital1
digital123
dikoalam
dilbert
dilbert1
dildo
dilligaf
dilligaf1
dillinger
dillion1
dillon
dillon01
dillon11
dillon12
dillon123
dima
dima1234
dima12345
dima1984
dima1986
dima1987
dima1988
dima1989
dima1990
dima1991
dima1992
dima199219921
dima1993
dima1994
dima1995
dima1996
dima1997
dima1998
dima1999
dima2000
dima2002
dima2009
dima2010
dima35360
dimabilan
dimadima
dimafilippov
dimanche
dimapet09
dimaraja
dimas
dimas34rus
dimastic
dimebag1
dimension
dimension1
dimepiece1
dimitr692010
dimitri1
dimitris
dimlimonov
dimmuborgir
dimochka
dimok091
dimples
dimples1
dimples2
dimulya.vasilenko
dinadina
dinamita
dinesh123
ding
dingbat
dingbat1
dingding
dingdong
dingdong1
dinger
dingle
dingo
dingo123
dinheiro
dinmamma
dinmamma1
dinner
dino
dino1234
dinodino
dinosaur
dinosaur1
dinosaurio
dinosaurs
dinosaurus
dinozavr
diogenes
diogo123
dionisio
diosesamor
diosesfiel
diosmeama
diosteama
diosteamo
diplomat
diplomat1
diplomats1
dipper
dipset12
dipset123
dipset23
dipshit
dipshit1
dipstick
dipstick1
direct
direction
director
director1
direktor
direngrey
dirk
dirt
dirtbag1
dirtbike
dirtbike1
dirtbike12
dirtbike2
dirtbike7
dirtbiker1
dirtbikes
dirtbikes1
dirty
dirty1
dirty123
dirtydog
dirtysouth
disaster
disaster1
disciple
disciple1
discipline
disco
disco123
discount
discover
discover1
discovery
discovery1
discreet
discus
disney
disney01
disney07
disney08
disney1
disney10
disney11
disney12
disney123
disney13
disney22
disney365
disney411
disneyland
disorder
dispatch
dispatch1
distance
disturbed
disturbed1
disturbed2
ditto
diva
diva1234
diva4life
divadiva
divagirl
divagirl1
dive
diver
diver1
divers
diversion
diversity
divine
diving
divinity
division
division1
divorce
divorce1
divorce2
divorced
divorced1
divx1
diwtgm8492
dixie
dixie1
dixie123
dixiedog
dixiedog1
dizzy
dizzy123
dj123456
django
djdjfedor
djedenhit
djhjyf010
djibouti
djkrjlfd
djkujuhfl
djmaikl86
djon.net
djtiesto
dkair8dda
dkflbckfd
dkflbckfdf
dkflbdjcnjr
dkflbvbh
dkflbvbhjdbx
dkflbvbhjdyf
dkssud12
dkxjizc282
dlfaor09
dlnvhvu492
dmedcn23sd
dmitriev
dmitrii-skargo
dmitrij.mironov2014
dmsgk0103
dnina666
dnsadm
doberman
doberman1
dobermann
docrafts
doctor
doctor12
doctor123
doctorwho
doctorwho1
document
dodge
dodge1
dodge123
dodge1500
dodge2500
dodger
dodgeram
dodgeram1
dodgers
dodgers1
dodgers11
dodgers12
dodgers123
dodgers13
dodgers2
dodgers3
dodgers5
dodgers99
dodgeviper
dodo
dododo
dodododo
dog123
dog12345
dog123456
dog4life
dogbert
dogbone
dogbone1
dogboy
dogbreath
dogbreath1
dogcat
dogdog
dogdogdog
dogeatdog
dogface
dogface1
dogfart
dogfight
dogfood
dogfood1
dogg
dogger
dogggg
doggie
doggie12
doggie123
doggies
doggies1
doggies2
doggy
doggy1
doggy123
doggydog
doggydog1
doggystyle
doghouse
doghouse1
doglover
doglover1
dogman
dogmeat
dogpound
dogpound1
dogs
dogs1234
dogshit
dogshit1
dogsrule
dogsrule1
dogtown1
dogwood
dogwood1
doit
doitnow
dok74rus
dolcevita
dolemite
dolgushina.76
doll
dollar
dollar123
dollarbill
dollarking5
dollars
dollars1
dollbaby
dollface
dollface1
dollhouse
dolly
dolly123
dolores
dolores1
dolphin
dolphin!
dolphin01
dolphin1
dolphin10
dolphin11
dolphin12
dolphin123
dolphin13
dolphin2
dolphin21
dolphin22
dolphin23
dolphin3
dolphin4
dolphin5
dolphin6
dolphin69
dolphin7
dolphin8
dolphin9
dolphine
dolphins
dolphins!
dolphins1
dolphins12
dolphins13
dolphins2
dolphins3
dolphins7
domain
domain123
dome
domenica
domenico
dominate
domination
dominator
dominator1
domingo
domingo1
domingos
dominguez
dominguez1
dominic
dominic1
dominic12
dominic123
dominic2
dominic3
dominic5
dominic7
dominica
dominican
dominican1
dominican2
dominicana
dominicano
dominick
dominick1
dominik1
dominik123
dominika
dominika1
dominion
dominion1
dominiqu
dominique
dominique1
dominique2
domino
domino11
domino12
domino123
dominos1
don12345
donald
donald01
donald12
donald123
donald356
donaldduck
donatella
donatello
donavan1
donbosco
doncaster
dondon
done
dong
dongdong
donjuan
donjuan1
donkey
donkey11
donkey12
donkey123
donkey69
donkeykong
donna
donna1
donna123
donnell1
donnelly
donner
donnie
donomar1
donotenter
donovan
donovan1
donskihv
donsun123
dont4get
dontcare
dontcare1
dontforget
donthate
donthate1
dontknow
dontknow1
donttouch
dontworry
donut
donuts
donvito1
doobie
doodle
doodle12
doodle123
doodlebug
doodlebug1
doodles
doodles1
doodoo
doofus
doogie
dookenr1
dookie
dooley
doolittle
doom
doomdoom
doomsayer.2.7mords.v
doomsayer.2.7mords.vv
doomsday
doomsday1
door
doorbell
doorknob
doorknob1
doors
dope
dopeboy1
dopeman1
doqvq3
doradora
doraemon
doraemon1
doreen
doremi123
doremifa
dorian
doris
doris123
doritos1
dork
dorothea
dorothee
dorothy
dorothy1
dorothy2
dortmund
dortmund09
dortmund1
dossantos
dotcom
dothedew
dothedew1
dottie
double
double07
doubled
doubled1
douche
douchebag
douchebag1
doudou
doudoune
doug
dougal
doughboy
doughboy1
doughnut
doughnut1
dougie
douglas
douglas1
douglas12
douglas123
douglas2
douglass
dovbeshkosushova.1972
dowitcher
down
down4life
downer
downhill
downhill1
download
download1
downloads
downtown
downtown1
downunder
dozer123
dpbk1234
dpetrucco2
dr.karaul
dr.pepper
dr0wssap
draco
draconis
dracula
dracula1
drag0n
dragon
dragon00
dragon007
dragon01
dragon02
dragon05
dragon06
dragon07
dragon08
dragon09
dragon1
dragon10
dragon100
dragon101
dragon11
dragon12
dragon123
dragon1234
dragon13
dragon14
dragon15
dragon16
dragon17
dragon18
dragon19
dragon20
dragon2000
dragon21
dragon22
dragon23
dragon24
dragon25
dragon26
dragon27
dragon28
dragon30
dragon31
dragon32
dragon33
dragon34
dragon42
dragon420
dragon44
dragon45
dragon52
dragon55
dragon56
dragon64
dragon66
dragon666
dragon67
dragon69
dragon75
dragon76
dragon77
dragon777
dragon78
dragon79
dragon81
dragon82
dragon83
dragon84
dragon85
dragon86
dragon87
dragon88
dragon89
dragon90
dragon91
dragon92
dragon93
dragon94
dragon95
dragon96
dragon97
dragon98
dragon99
dragonage
dragonba
dragonbal1
dragonball
dragonball1
dragonballgt
dragonballz
dragonballz1
dragones
dragonfable
dragonfire
dragonfl
dragonfly
dragonfly1
dragonfly2
dragonfly3
dragonfly7
dragonforce
dragonheart
dragonite
dragonking
dragonlady
dragonlance
dragonlord
dragonman
dragonmaster
dragons
dragons1
dragons11
dragons12
dragons123
dragons13
dragons2
dragons3
dragons5
dragons7
dragonslayer
dragoon
dragoon1
dragoste
dragoste123
dragrace
dragstar
dragster
dragster1
drake
drake123
drama101
drama123
dramaqueen
drandreb
draven
dream
dream123
dreambig
dreambig1
dreamboy
dreamcas
dreamcast
dreamcast1
dreamcatcher
dreamer
dreamer1
dreamer12
dreamer123
dreamer13
dreamer2
dreamer3
dreamer7
dreamer8
dreamers
dreamgirl
dreamgirl1
dreaming
dreaming1
dreamland
dreamon1
dreams
dreams12
dreams123
dreamteam
dreamteam1
dreamtheater
dreamweaver
dreamworld
dresden
dresden1
dressage
drevil
drew
drew1234
drewdrew
drifter
drifter1
drifting
driftking
driftking1
driftwood
driller
drilling
drink7up
drinker
drinking
drinking1
drinks
dripping
drive
driven
driver
drizzt
drjynfrnt
drm199019902323
drogba11
droopy
drop
dropdead
dropdead1
dropkick
drowssap
drowssap1
drowssap12
drowssap2
drozdovaksusha
drpepper
drpepper1
drpepper12
drpepper2
drpepper23
drpepper3
drpepper7
drugfree
drum
drumandbass
drumline
drumline1
drummer
drummer1
drummer12
drummer123
drummer2
drummer3
drummer7
drummerboy
drummers
drumming
drummond
drumnbass
drumnbass1
drums
drums123
drumset1
drumstick
drunk
drywall
drywall1
ds123456
dsadsadsa
dshade
dsk4r9bskh
dsmvssq955
dsmwssr955
dt123456
dte4uw
dthjybrf
dthjybxrf
dthyjcnm
dtkjcbgtl
dtown214
dtxyjcnm
duan
duane
dubai123
dublin
dublin16
dublin22
ducati
ducati1098
ducati748
ducati916
ducati996
ducati999
duchess
duchess1
duchesse
duck
duckduck
duckduck1
duckhunter
duckie
duckies1
duckling
duckman
duckman1
ducks
ducky
ducky123
dud_1995
dude
dude1234
dudedude
dudedude1
dudeman
dudeman1
dudes
dudley
duffbeer
duffer
duffman
duffy
duisburg
duke
duke1234
dukedog1
dukeduke
dukenukem
dukester
dulce123
dulcemaria
dulcinea
dumb
dumbass
dumbass!
dumbass1
dumbass123
dumbass2
dumbbitch
dumbbitch1
dumbdumb
dumbfuck1
dumbledore
dumbshit1
dummy
dummy123
dumnezeu
dumpling
dumpster
dunbar
duncan
duncan12
duncan123
duncan21
dundee
dune2000
dungeon
dungeon1
dunhill
dunlop
dupa1234
dupablada
dupadupa
dupadupa1
dupeczka
dupont
dupont24
duracell
duranduran
durango
durango1
durant35
durham
duskolyan
dust
duster
dustin
dustin01
dustin11
dustin12
dustin123
dustin13
dustin14
dustin23
dustin69
dusty
dusty1
dusty123
dustydog
dustydog1
dutch
dutches1
dutchess
dutchess1
dutchman
duval904
dvader
dwayne
dwight
dylan
dylan1
dylan123
dylandog
dymkovpavel
dynamic
dynamic1
dynamite
dynamite1
dynamo
dynasty
dynasty1
dynomite
dzxtckfd
e-eremeeva1976
e.ovcharova
e10adc3949ba59abbe56
e1234567
e12345678
e123456789
e2yfp41b
e3r4t5y6
e5fhxkqibw
e5pftu
e65r82kni2
e65r82mnj2
e65r82mpj2
e6pz84qfcj
e7yvsskj
e8szn4e5zc
e_dovich
eagle
eagle1
eagle123
eagle2
eagleeye
eagleone
eagles
eagles01
eagles05
eagles06
eagles07
eagles08
eagles09
eagles1
eagles10
eagles11
eagles12
eagles123
eagles13
eagles14
eagles15
eagles20
eagles21
eagles22
eagles23
eagles24
eagles25
eagles33
eagles36
eagles69
eagles81
eagles99
eanovozhilov
earl
earnhard
earnhardt
earnhardt3
earnhardt8
earth
earth123
earthlin
earthlink
earthquake
east
east1999
eastcoast
eastcoast1
eastenders
easter
eastern
eastern1
easton
eastside
eastside02
eastside1
eastside12
eastside13
eastside14
eastside2
eastside21
eastside23
eastside3
eastside4
eastside5
eastside6
eastwest
eastwood
eastwood1
easy
easy1234
easyas123
easyeasy
easymoney
easyrider
easyspiro
easytocrack1
eatadick
eating
eatme
eatme1
eatme123
eatme69
eatmenow
eatmyshorts
eatpussy
eatpussy1
eatpussy69
eatshit
eatshit!
eatshit1
eatshit2
eatshit69
ebenezer
ebony
ebony123
ecapsym1
ecaterina
echizen18
echo
echoecho
eclipse
eclipse1
eclipse2
eclipse3
eclipse7
eclipse99
economia
economic
economics
economist
ecuador1
ecureuil
ed123456
edalwin12
eddie
eddie1
eddie123
eddy
eded
edelweiss
edgar
edgar123
edgardo1
edge
edgewise
edgewood
edhardy1
edinburgh
edinburgh1
edison
edition
editor
ediz27v1kq
edmonton
edmonton1
edthom
eduard
eduardito
eduardo
eduardo1
eduardo10
eduardo12
eduardo123
eduardo13
eduardo2
education
education1
edward
edward01
edward08
edward09
edward1
edward10
edward101
edward11
edward12
edward123
edward1234
edward13
edward14
edward15
edward16
edward17
edward18
edward1901
edward21
edward22
edward23
edward24
edward25
edward69
edwardcull
edwardcullen
edwards
edwards1
edwards99
edwin
edwin123
edxk20qmfs
ee19920528
eeee
eeeee
eeeee1
eeeeee
eeeeee1
eeeeeee
eeeeeeee
eeeeeeeeee
eeyore
eeyore12
eeyore123
efimkin_igor
efnesonline
efyreg
egghead
egghead1
eggman
eggplant
eggplant1
eggroll1
egor.vasilin
egorov_maxim
egyptian
eh1k9oh335
ehdgnl12
ehlb3c18tw
eiffel65
eight
eight888
eightball
eightball1
eightball8
eighteen
eighteen18
eighty
eiknon11
eileen
eindhoven
einstein
einstein1
eintracht
eitaeita
ejaculation
ekaterina
ekim
ekx1x3k9bs
el1zabeth
elaine
elaine01
elaine12
elaine123
elbereth
elcamino
elcamino1
elcubano1893a
eldiablo
eldorado
eldorado1
eleanor
eleanor1
electra
electra1
electric
electric1
electrical
electrician
electro
electro1
electron
electronic
electronica
electronics
elefant
elefant1
elefante
elefante1
elegance
elektra
elektra1
elektrik
elektro73
element
element!
element.
element0
element1
element11
element12
element123
element13
element14
element2
element3
element4
element5
element6
element69
element7
element8
element9
elemental
elemental1
elementary
elements
elements1
elena123
elena2010
elenaelena
elenanesterova
elenberg
elensobko
elenst14
eleonora
eleonore
elephant
elephant!
elephant1
elephant11
elephant12
elephant123
elephant2
elephant3
elephant5
elephant7
elephants
elephants1
elevation
elevator
eleven
eleven11
elfenlied
elfriede
elias123
elie3173
elijah
elijah01
elijah03
elijah04
elijah05
elijah06
elijah07
elijah08
elijah09
elijah10
elijah11
elijah12
elijah123
elijah13
elijah23
elisa123
elisabet
elisabeth
elisabeth1
elisabetta
elise123
elite
elite123
eliza123
elizabet
elizabeth
elizabeth!
elizabeth.
elizabeth0
elizabeth1
elizabeth12
elizabeth123
elizabeth2
elizabeth3
elizabeth4
elizabeth5
elizabeth6
elizabeth7
elizabeth8
elizabeth9
elizaveta
ella
ellabella
ellabella1
ellarose
ellehcim
ellen
ellen123
ellie
ellie123
elliemae
elliemae1
elliemay
elliot
elliott
elliott1
ellipsis
ellis
elmatador
elmejor1
elmer
elmo
elmo1234
elmoelmo
elnegro1
elnumero1
elodie
eloise
elpaso
elsalvador
elshadai
elshaddai
eltonjohn
elvira
elvira198927
elvis
elvis1
elvis123
elvis1977
elvislives
elvisp
elvispresley
elway
elway7
elwood
elynca96
elzbieta
emachine
emachine1
emachines
emachines1
emachines2
email123
emailonly
emanuel1
emanuela
emanuele
embalmer
embassy1
emerald
emerald1
emerald7
emeralds
emeraude
emergency
emergency1
emerica1
emerica2
emerson
emerson1
emilia
emiliana
emiliano
emiliano1
emilie
emilio
emily
emily1
emily101
emily123
emily1234
emily2005
emilyann
emilyrose
eminem
eminem01
eminem10
eminem11
eminem12
eminem123
eminem1234
eminem13
eminem14
eminem15
eminem17
eminem21
eminem22
eminem23
eminem313
eminem69
eminem88
eminemd12
emirates
emma
emma1234
emma2000
emma2003
emma2004
emma2005
emma2006
emma2007
emma2008
emma2009
emma2010
emmaemma
emmagrace
emmagrace1
emmajane
emmajean
emmalee1
emmalou1
emmalouise
emmanuel
emmanuel1
emmanuel12
emmanuel123
emmanuel2
emmanuel7
emmanuella
emmanuelle
emmarose
emmarose1
emmawatson
emmett
emmitt
emmitt22
emo4ever
emo4life
emo_limonad
emogirl1
emokid123
emolove1
emolover
emopunk1
emotion1
emotional
emotional1
emotions
emperador
emperor
emperor1
empire
employment
empress1
emreemre
emyeuanh
enamorada
enamorada1
enamorado
enchanted
encore
encounter
encyclopedia
endeavour
ender
endless1
endlesslove
endurance
energizer
energizer1
energy
energy123
energystar
enfermagem
enfermera
enforcer
engage
engel00007
engelchen
engelchen1
engenharia
engine
engineer
engineer1
engineering
england
england1
england10
england12
england123
england2
england66
england7
english
english1
english12
english123
english2
english3
enigma
enjoy
enjoylife
enocnayr
enough
enrico
enrique
enrique1
enrique123
enriquez
ensemble
ensenada
enter
enter1
enter123
enterme
enternow
enterpri
enterprise
enterprise1
enters
entertainment
entrance
entropy
entry
entu6ea64h
envelope
environment
envision
envision1
enyvbuois
eoce59cl9u
epiphany
epiphone
epiphone1
episode1
epsilon
epsilon1
epson
epvjb6
eqes606898
equilibrium
equinox
equinox1
equitydev
er2sizo241
eragon123
eraser
erast.82
erasure
erdbeere
erection
eremei_vasechkin
eric
eric1
eric1234
erica
erica123
ericeric
erick123
erick1234
erickson
ericsson
ericsson1
erik
erika
erika123
erikerik
erin
ermakova
ernest
ernest97
ernestina
ernestine
ernesto
ernesto1
ernestsantikov
ernie
ernie123
erotic
erotica
errereer
errors
erwin
eryyv588
escaflowne
escalade
escalade1
escalante
escape
escapethef
escargot
escobar1
escondido
escorpiao
escorpio
escorpion
escorpion1
escort
esercito
esidez57
eskimo
esmeralda
esmeralda1
esmeralda2
esoteric
espana
especial
esperanca
esperance
esperanto
esperanza
esperanza1
espinosa
espinoza
espinoza1
espiritu
esposito
espresso
esquire
essence1
essendon
essendon1
essential
establish
esteban1
estefani
estefania
estefania1
estefany
estella1
estelle
estelle1
estetica
esther
esther12
esther123
estrada1
estrela1
estrelas
estrelinha
estrella
estrella1
estrella10
estrella12
estrella13
estrella2
estrella5
estrella7
estrellas
estrellita
estudante
estudiante
estupida
estupido
eternal
eternal1
eternity
eternity1
ethan
ethan123
ethanryan01
ethernet
ethiopia
ethiopia1
etienne1
etnxtxsa65
etravelmoleoptin
etvww4
euamojesus
eudlekb645
eugene
eugene12
eugenia1
euphoria
eureka
euro2008
euro2012
eurogunz
euronics
europa
europe
evamaria
evan
evanescenc
evanescence
evangeli
evangelina
evangeline
evangelion
evangelist
evans
evaristo
evelyn
evelyn12
evelyn123
evenflow
everafter
everclear
everclear1
everest
everest1
everett
everett1
evergreen
evergreen1
everlast
everlast1
everlastin
everlasting
everlong
evermore
everquest
everquest1
everquest2
everton
everton1
everton11
everton123
everton1878
evertonfc
evertonfc1
everybody
everyday
everyday1
everyone
everything
everytime
evgenii-shenderovich
evgeniya
evgenkac
evial_marina
evidence
evil
evildead
evildead1
evildick
evilone
evolutio
evolution
evolution1
evolution2
evolution7
evolution8
evolution9
evony123
evony192
ewankosayo
ewelina1
ewelinka
ewqdsacxz
ewtosi
ewyuza
excal007
excaliber
excalibu
excalibur
excalibur1
excellence
excellent
excellent1
excelsior
excess
exchange
excite
exclusive
exclusive1
executive
executor
exercise
exeter
exit_window
exodus
exotic
expedition
expensive
experience
experienced
experiment
expert
expert12
exploited
explore
explore1
explorer
explorer1
explosion
export
express
express1
expresso
extensa
extension
extra
extreme
extreme1
eybdthcbntn
eyeball1
eyeballs
eyecandy
eyecandy1
eyeliner1
eyes
eyeshield
eyeshield21
eyphed
ezekiel1
ezekiel11989
ezekiel11991
ezequiel
ezequiel1
f**k
f00tba11
f00tball
f0lhvbok
f1234567
f12345678
f123456789
f14tomcat
f15eagle
f1f2f3f4
f1f2f3f4f5
f1uuhza723
f22raptor
f246865h
f5ghyjqhav
f75s83nqk3
f76t93nqk3
f76t94prm4
fabian
fabian12
fabian123
fabienne
fabietto
fabio123
fabiola1
fabolous
fabolous1
fabregas
fabregas4
fabricio
fabrizio
fabulous
fabulous1
faca210898
face
face2face
faceb00k
facebook
facebook1
facebook11
facebook12
facebook123
facebook2
facial
factory
factory1
fade2black
faggot
faggot12
faggot123
faggot69
fahjlbnf
fahrenheit
fairbanks
fairfield
fairfield1
fairies1
fairlady
fairlane
fairmont
fairplay
fairview
fairways
fairy123
fairydust
fairydust1
fairytail
fairytale
fairytale1
faisal123
faisalabad
faith
faith1
faith101
faith123
faith777
faithful
faithful1
faithfull
faithingod
faithless
fake1234
fakeass1
fakebitch1
fakefake
fakefake1
fakegirl1
fakename
fakename1
fakeone1
fakepage1
fakespace1
falcon
falcon01
falcon1
falcon10
falcon11
falcon12
falcon123
falcon13
falcon16
falcon69
falcons
falcons07
falcons1
falcons12
falcons2
falcons7
fall2007
fall2008
fall2011
fallen
fallen12
fallen123
fallen13
fallen_angel
fallenange
fallenangel
falling
falling1
fallinlove
fallon
fallout
fallout1
fallout2
fallout3
falloutboy
falp5050
famar219948
famiglia
familia1
familia10
familia123
familia4
familia5
families
familiyafamiliya
family
family#1
family01
family03
family04
family05
family06
family07
family08
family09
family10
family101
family11
family12
family123
family1234
family13
family14
family15
family1st
family21
family22
family23
familyguy
familyguy1
familyguy2
familylove
familyof4
familyof5
familyof6
famous
famous11
famous12
famous123
famous13
famous21
famous23
fanatic
fancypants
fandango
fandango1
fandome1
fang
fang2008
fangfang
fanny
fanny123
fanta123
fantasia
fantasia1
fantasies
fantasma
fantastic
fantastic1
fantastic4
fantastico
fantasy
fantasy1
fantasy12
fantasy2
fantasy7
fantasy8
fantomas
farah123
fardubay
farewell
farfalla
farfallina
farhan123
farley
farm
farmacia
farmboy
farmboy1
farmer
farmers1
farmgirl
farmhouse
farmville
farrell
farrell1
farscape
farscape1
farside
farside1
fart
fartface
fartface1
fartfart
farthead
farthead1
farting1
fartman
fartman1
fashion
fashion!
fashion1
fashion101
fashion12
fashion123
fashion2
fashion7
fashionist
fashionista
fast
fastback
fastball
fastball1
fastcar1
fastcars
fastcars1
faster
fastfood
fastlane
fastrack
fasttrack
fatal1ty
fatality
fatamorgana
fatass
fatass12
fatass123
fatass13
fatass69
fatbastard
fatbitch
fatbitch1
fatboy01
fatboy10
fatboy11
fatboy12
fatboy123
fatboy13
fatboy21
fatboy23
fatboy69
fatboy99
fatboyslim
fatcat
fatcat12
fatcat123
fatdaddy
fatdaddy1
fatfuck1
fatgirl1
fathead1
father
father12
father123
father12345
fatima
fatima12
fatima123
fatluvr69
fatman
fatman12
fatman123
fatoumata
fatpussy
fatty
fatty123
faulkner
faust
faustina
faustine
faustino
favored1
favorite
favorite1
favorite2
favorite6
favorites
favoured
favourite
fazer600
fbi11213
fbu89bxx5f
fcbarcelona
fcbayern
fcbayern1
fckgwrhqq2
fdcnhfkbz
fdfyufhl
fdm7ed
fdsa
fdsafdsa
fear
fearless
fearless1
feather
feather1
feathers
feathers1
febbraio
februari
february
february1
february10
february11
february12
february13
february14
february15
february16
february17
february18
february19
february2
february20
february21
february22
february23
february24
february26
february27
february28
feder_1941
federal
federal1
federation
federer1
federica
federica1
federico
federico1
fedorov717
fedorova
fedotovsa76
feedback
feelgood
feeling
feelings
feelmylove
feet
felicia
felicia1
feliciano
felicidad
felicidad1
felicidade
felicidades
felicita
felicitas
felicity
felicity1
feline
felipe
felipe01
felipe10
felipe12
felipe123
felipe13
felix
felix.1957
felix1
felix123
felix1952
felixthecat
fellatio
fellow
fellowes
fellowship
female
females
femist22
fenchel55
fender
fender01
fender1
fender11
fender12
fender123
fender69
fener1907
fenerbahce
fenerbahce1907
feng
fengfeng
fengshui
fenohasina39
fenomeno
fenris
fenway
ferdinand
ferdinand1
ferdinando
fergie
fergie12
fergus
ferguson
ferguson1
fericire
feride51
fernand0
fernanda
fernanda1
fernanda12
fernande
fernandes
fernandez
fernandez1
fernandito
fernando
fernando.
fernando1
fernando10
fernando12
fernando123
fernando13
fernando2
fernando9
fernandotorres
ferndale
ferrari
ferrari01
ferrari1
ferrari12
ferrari123
ferrari2
ferrari355
ferrari360
ferrari430
ferrari7
ferrarif1
ferrarif40
ferrarif430
ferrarif50
ferreira
ferret
ferris
fester
festival
festival1
fetish
fettish
feuerwehr
feuerwehr1
fever
feyenoord
feyenoord1
ff123456
ffff
fffff
fffff1
ffffff
ffffff1
fffffff
ffffffff
fffffffff
ffffffffff
ffffffffffff
ffvdj474
fgdfgdfg
fgfr56hfve6
fggjkbyfhbq007
fghfghfgh
fgjrfkbgcbc
fgjrfkbgcbc34
fgrd58es24
fgtkmcby
fgtkmcbyrf
fh1hm1wl
fhbyjxrf
fhnehxbr
fhntv1998
fhutynbyf
fhvfutljy
fiatpunto
fibonacci
fick
fickdich
fickdich1
ficken
ficken123
ficken666
ficken69
ficken76
fiction
fiction1
fiddle
fidelidade
fidelio
fidelio1
fidelity
fidodido
field
fields
fiesta
fiesta01
fietsbel
fifa2000
fifa2002
fifa2005
fifa2006
fifa2007
fifa2008
fifa2009
fifa2010
fifa2011
fifafifa
fifteen15
fiftycent
figaro
fight
fight123
fightclub
fightclub1
fighter
fighter1
fighters
fighting
fighting1
figueroa
figueroa1
figure
fihdfv
filatov_and
filatovaev1981
filefront
filip123
filipina
filipino
filipino1
filippo1
fillmore
film
films
films+pic+galeries
filomena
filosofia
filsdepute
filter
filthy
filudskou
final
final123
finalfanta
finalfantasy
finalfantasy7
finally
finally1
finance
finance1
financial
financial123
find1234
find_pass
findajob
finder
findlove
fine
finestra
finger
finger11
fingerig
fingers
fingers1
finish
finland
finland1
finlandia
finnegan
finnigan
fiona123
fiorella
fiorellino
fiorello
fiorentina
firakoki
fire
fire1
fire1234
fireandice
fireball
fireball1
fireball12
fireball2
firebird
firebird1
fireblad
fireblade
fireblade1
firebolt
firecracker
firedog
firedog1
firedragon
firefigh
firefighte
firefighter
firefire
firefire1
fireflies
firefly
firefly1
firefox
firefox1
firehawk
firehouse
firehouse1
fireman
fireman1
fireman12
fireman2
firenze
firenze1
fireplace
firestar
firestar1
firestarter
firestone
firestone1
firestorm
firestorm1
firetruck
firetruck1
firewall
firewall1
firewater
firewire
firewood
firework
fireworks
fireworks1
first
firstborn
firstlady
firstlove
firstlove1
fischer
fischer1
fish
fish1234
fishbaracuda
fishbone
fishbone1
fishbowl
fishcake
fisher
fisher12
fisherma
fisherman
fisherman1
fishes
fishface
fishface1
fishfish
fishfish1
fishfood
fishfood1
fishhead
fishhead1
fishin
fishing
fishing!
fishing01
fishing1
fishing101
fishing11
fishing12
fishing123
fishing2
fishing3
fishing4
fishing5
fishing69
fishing7
fishlips
fishman
fishman1
fishon
fishpond
fishstick1
fishsticks
fishtank
fishtank1
fishy
fishy123
fisioterapia
fist
fister
fisting
fit4life
fitness
fitness1
fitter
fitzgerald
five
fivekids
fivestar
fivestar1
fj5tx19hit
fjodorova-natashenka
fk3456abc
fkbyf001
fkbyjxrf
fkg7h4f3v6
fkmnthyfnbdf
fktdnbyf
fktrcfylh
fktrcfylh1
fktrcfylhf
fktrcfylhjdbx
fktrcfylhjdyf
fktrcttdf
fktyeirf
fktyjxrf
flame
flame123
flameboy
flameboy1
flamenco
flamenco1
flamengo
flamengo1
flamengo10
flames
flames12
flamingo
flamingo1
flanagan
flanders
flange
flanker
flapjack
flapjack1
flaquita
flaquito
flash
flash1
flash123
flashback
flasher
flashlight
flashman
flashpoint
flatblocker
flathead
flatland
flatline
flatron1
flawless
flawless1
fleetwood
fleetwood1
flego0815
fleming
fleming1
flemming
fler_2351
flesh
fletch
fletcher
fletcher1
flex
flexible
flexible1
flhtyfkby
flicks
flight
flight23
fling123
flint
flintstone
flip
flipflop
flipflop1
flipmode
flipmode1
flipper
flipper1
flipper2
flipside
flipside1
floortje
floppy
florcita
florecita
florence
florence1
florencia
florencia1
florencio
florentin
florentina
florentino
flores
flores12
flores123
flores13
floresta
florian
florian1
floriana
floriane
floricienta
florida
florida!
florida01
florida06
florida07
florida08
florida09
florida1
florida10
florida11
florida12
florida123
florida13
florida2
florida22
florida3
florida4
florida5
florida6
florida7
florida8
florida9
florinda
florzinha
flossie1
flounder
flounder1
flow
flower
flower01
flower08
flower09
flower1
flower10
flower101
flower11
flower12
flower123
flower1234
flower13
flower14
flower15
flower16
flower17
flower18
flower2
flower21
flower22
flower23
flower24
flower33
flower45
flower69
flower77
flower88
flower99
flowergirl
flowerpot
flowerpot1
flowerpowe
flowerpower
flowers
flowers!
flowers.
flowers1
flowers11
flowers12
flowers123
flowers2
flowers22
flowers3
flowers4
flowers5
flowers7
flowers8
floyd
floyd123
flubber
flubber1
fluff
fluffy
fluffy01
fluffy10
fluffy11
fluffy12
fluffy123
fluffy13
fluffy22
fluffy69
fluminense
flutterby
fluturas
flvbybcnhfnjh
flyaway1
flyboy
flyer
flyers
flyers88
flyfish
flyfish1
flyfishing
flygirl1
flyhigh1
flying
flyleaf1
fmale
fnkfynblf
focus
focus123
focused1
foks8484
folashade
folletto
follow
followme
fomalex10
fontaine
foobar
food
food1234
foodfood
foofighter
foofighters
fool
foolish
foolish1
foolproof
foosball
foot
footba11
footbal1
football
football!
football#1
football.
football0
football00
football01
football02
football03
football04
football05
football06
football07
football08
football09
football1
football10
football101
football11
football12
football123
football13
football14
football15
football16
football17
football18
football19
football2
football20
football21
football22
football23
football24
football25
football26
football27
football28
football29
football3
football30
football31
football32
football33
football34
football35
football36
football37
football38
football4
football40
football41
football42
football43
football44
football45
football46
football47
football48
football49
football5
football50
football51
football52
football53
football54
football55
football56
football57
football58
football59
football6
football60
football61
football62
football63
football64
football65
football66
football67
football68
football69
football7
football70
football71
football72
football73
football74
football75
football76
football77
football78
football79
football8
football80
football81
football82
football83
football84
football85
football86
football87
football88
football89
football9
football90
football91
football92
football93
football94
football95
football96
football97
football98
football99
footballer
foothill
footjob
footloose
footprints
forbes
forbidden
forbidden1
force
ford
ford1234
ford2000
ford2001
fordescort
fordf100
fordf150
fordf250
fordf350
fordfiesta
fordfocus
fordfocus1
fordford
fordgt40
fordman1
fordmondeo
fordmustang
fordranger
fordtruck
fordtruck1
foreman
foreman1
forensic
foreplay
foresight
foreskin
forest
forest12
forest123
forester
forever
forever!
forever.
forever0
forever01
forever07
forever08
forever09
forever1
forever10
forever11
forever12
forever123
forever13
forever14
forever15
forever16
forever17
forever18
forever2
forever21
forever22
forever23
forever24
forever25
forever27
forever3
forever4
forever5
forever6
forever69
forever7
forever8
forever9
foreveralone
foreverand
foreverlov
foreverlove
forevermor
foreveryou
foreveryoung
forfun
forget
forget12
forget123
forgetful
forgetful1
forgetit
forgetit1
forgetme
forgetmenot
forgive1
forgiveme
forgiven
forgiven1
forgot
forgotit
forgotten
forgotten1
forklift
forlife
forlife1
format
formation
forme
formentera
formula
formula1
formule1
forreal1
forrest
forrest1
forsaken
forsaken1
forsberg
forsberg21
forsythe
fortaleza
fortress
fortuna
fortuna1
fortuna95
fortunate
fortunato
fortune
fortune1
fortune12
fortytwo
forum
forum123
forumwp
forward
forward1
forzainter
forzaitalia
forzajuve
forzalazio
forzalecce
forzamilan
forzanapoli
forzaroma
forzatoro
foshizzle
foshizzle1
fossil
foster
fosters
fosters1
fotinia-66
fotograf
fotografia
foufoune
foundation
fountain
fountain1
four
four4444
fourboys
fourfour
fourkids
fourkids4
fourteen
fourteen14
fourtwenty
fowler
foxfire
foxfire1
foxglove
foxhound
foxmulder
foxracing
foxracing1
foxracing2
foxtrot
foxtrot1
foxy
foxylady
foxylady1
foxyroxy
foxyroxy1
fozzie
fpna23aas1
fqi3p8arjg
fqkw5m
fqrg7cs493
fraggle1
fragile1
fragolina
framboise
frame
fran
francais
france
france12
france123
france98
frances
frances1
frances2
francesc
francesca
francesca1
francesco
francesco1
franchesca
francheska
franchise
franchise1
francine
francine1
francis
francis1
francis12
francis123
francis2
francis3
francisca
francisca1
francisco
francisco1
francisco2
franco
franco123
francois
francois1
francoise
frank
frank1
frank123
frank1234
frankenstein
frankfurt
frankfurt1
frankie
frankie!
frankie01
frankie1
frankie11
frankie12
frankie123
frankie13
frankie2
frankie3
frankie4
frankie5
frankie7
frankiero1
frankies
franklin
franklin1
franklin12
franklin2
franklyn
frankreich
franks
franky
frankzappa
frannie1
frant_nat
franziska
fraser
fratello
frazier
frazier1
frdfhbev
frdfvfhby
freak
freak101
freak123
freak666
freakazoid
freaked
freakout
freaks
freakshow
freakshow1
freaky
freaky12
freaky123
freaky69
frechdachs
freckles
freckles1
fred
fred1234
fred1994
freddie
freddie1
freddie123
freddie2
freddurst
freddy
freddy01
freddy1
freddy11
freddy12
freddy123
freddy13
frederic
frederic1
frederick
frederick1
frederico
frederik
frederique
fredfred
fredfred1
fredperry
fredrick
fredrick1
free
free1234
free2beme
free2bme
free2rhyme
free4all
free4ever
free4life
freeatlast
freebies
freebird
freebird1
freedom
freedom!
freedom.
freedom0
freedom01
freedom06
freedom07
freedom08
freedom09
freedom1
freedom10
freedom101
freedom11
freedom12
freedom123
freedom13
freedom2
freedom200
freedom201
freedom2010
freedom21
freedom22
freedom23
freedom3
freedom4
freedom4me
freedom5
freedom55
freedom6
freedom69
freedom7
freedom77
freedom8
freedom88
freedom9
freedoms
freee
freefall
freefall1
freefood
freefree
freefree1
freelance
freelancer
freeland
freelander
freelife
freelove
freemail
freeman
freeman1
freeman2
freemind
freemoney
freemusic
freepass
freeporn
freeport
freeport1
freeride
freerider
freesex
freespirit
freestuff
freestyle
freestyle1
freestyler
freetime
freetown
freeuser
freeway
freeway1
freewill
freewilly
freeze
freeze112
freiburg
freiheit
freiheit89
fremont1
french
frenchfrie
frenchfries
frenchfry
frenchfry1
frenchie
frenchie1
frenchkiss
frenchy
frenchy1
fresh
fresh101
fresh123
fresh2def
freshboy
freshman
freshman09
freshman1
freshmen
freshstart
fresita1
fresno
fresno559
freunde1
frfltvbz
fri3q9arjg
friday
friday01
friday11
friday12
friday123
friday13
fridge
fridolin
friedrich
friend
friend11
friend12
friend123
friendly
friendly1
friendofarriane
friendofearning$1
friendofemily
friendofeveryemailyouproc
friendofgerly
friendofjoan
friendofthenext18peoplew
friendofyoucanmake$200-
friends
friends!
friends.
friends0
friends01
friends06
friends07
friends08
friends09
friends1
friends10
friends101
friends11
friends12
friends123
friends13
friends14
friends15
friends16
friends2
friends21
friends22
friends23
friends3
friends33
friends4
friends4ev
friends4ever
friends4li
friends4me
friends5
friends6
friends7
friends8
friends9
friendsfor
friendsforever
friendship
friendship1
friendss
friendster
friendster1
friendz1
fright
frighten
frijolito
frimousse
fringe
fripouille
frisbee
frisbee1
frisco
frisco415
frisky
fritz
fritz123
frodo
frodo1
frodo123
frog
frog1234
frogfrog
frogger
frogger1
frogger2
froggie
froggie1
froggies
froggies1
froggy
froggy01
froggy101
froggy11
froggy12
froggy123
froggy13
froggy22
froggy69
froglegs
froglegs1
frogman
frogman1
frogs
frogs123
front242
frontech
frontera
frontier
frontier1
frontline
frontline1
frosch
frost
frostbite
frosty
frosty12
frosty123
frozen
frqnj0zf5p
fruit
fruitbat
fruitcake
fruitcake1
fruitloop
fruitloop1
fruitloops
fruity
frusciante
fsd9shtyut
ftbfrvlg17
ftrcvh5732
fu7u4a#$$$
fuaqz4
fubar
fubar1
fuchurli
fucing
fuck
fuck-off
fuck-you
fuck.you
fuck1
fuck123
fuck1234
fuck12345
fuck123456
fuck1you
fuck69
fuck_inside
fuck_off
fuck_you
fuckabitch
fuckaduck
fuckaduck1
fuckall1
fuckass1
fuckbitch1
fuckbitche
fuckbitches
fuckbuddy
fucked
fuckedup
fuckedup1
fuckemall
fucker
fucker01
fucker1
fucker11
fucker12
fucker123
fucker13
fucker21
fucker22
fucker23
fucker666
fucker69
fuckers
fuckers!
fuckers1
fuckevery1
fuckface
fuckface1
fuckface2
fuckfuck
fuckfuck1
fuckfuckfuck
fuckhaters
fuckhead
fuckhead1
fuckher
fuckher1
fuckher2
fuckhim1
fuckhoes1
fuckin
fucking
fucking1
fucking123
fucking2
fucking69
fuckingshit
fuckinside
fuckit
fuckit11
fuckit12
fuckit123
fuckit13
fuckit420
fuckit69
fuckitall
fuckitall1
fuckl0v3
fuckl0ve
fucklife
fucklife1
fucklov3
fucklove
fucklove!
fucklove09
fucklove1
fucklove10
fucklove12
fucklove13
fucklove14
fucklove2
fucklove21
fucklove23
fucklove3
fucklove4
fucklove69
fucklove7
fuckme
fuckme1
fuckme11
fuckme12
fuckme123
fuckme13
fuckme2
fuckme21
fuckme22
fuckme23
fuckme420
fuckme666
fuckme69
fuckmehard
fuckmenow
fuckmyass
fuckmylife
fuckmyspac
fucknut1
fuckoff
fuckoff!
fuckoff.
fuckoff0
fuckoff01
fuckoff09
fuckoff1
fuckoff11
fuckoff12
fuckoff123
fuckoff13
fuckoff2
fuckoff21
fuckoff22
fuckoff23
fuckoff3
fuckoff4
fuckoff420
fuckoff5
fuckoff6
fuckoff666
fuckoff69
fuckoff7
fuckoff8
fuckoff88
fuckoff9
fucks
fuckshit
fuckshit1
fuckstick
fuckstick1
fucktard
fucktard1
fuckth1s
fuckthat
fuckthat1
fuckthemall
fuckthewor
fucktheworld
fuckthis
fuckthis!
fuckthis1
fuckthis12
fuckthis2
fuckthissh
fuckthisshit
fucktop8
fucku
fucku123
fucku2
fucku666
fuckuall
fuckuall1
fuckubitch
fuckyeah
fuckyeah1
fuckyou
fuckyou!
fuckyou!!
fuckyou.
fuckyou0
fuckyou00
fuckyou01
fuckyou02
fuckyou06
fuckyou07
fuckyou08
fuckyou09
fuckyou1
fuckyou10
fuckyou100
fuckyou101
fuckyou11
fuckyou111
fuckyou12
fuckyou123
fuckyou13
fuckyou14
fuckyou15
fuckyou16
fuckyou17
fuckyou18
fuckyou187
fuckyou19
fuckyou2
fuckyou20
fuckyou21
fuckyou22
fuckyou23
fuckyou24
fuckyou25
fuckyou26
fuckyou27
fuckyou3
fuckyou32
fuckyou321
fuckyou33
fuckyou4
fuckyou420
fuckyou44
fuckyou45
fuckyou5
fuckyou55
fuckyou6
fuckyou66
fuckyou666
fuckyou69
fuckyou7
fuckyou77
fuckyou78
fuckyou8
fuckyou86
fuckyou87
fuckyou88
fuckyou89
fuckyou9
fuckyou90
fuckyou92
fuckyou99
fuckyouall
fuckyouass
fuckyoubit
fuckyoubitch
fuckyoutoo
fucmy69
fudge
fudge123
fugazi
fujifilm
fujitsu1
fujitvpass
fuk19600
fuking
fuku00198
fulham
full
fullaccess
fullback
fuller
fullerton
fullerton1
fullhouse
fullhouse1
fullmetal
fullmetal1
fullmoon
fullmoon1
fumanchu
function
funeral1
funfun
funfunfun
fungible
fungus
funhouse
funk
funky
funky123
funkymonkey
funkytown
funkytown1
funmilayo
funmilola
funny
funny1
funny123
funnybunny
funnyface
funnygirl
funnygirl1
funnyguy
funnyman
funnyman1
funstuff
funtime
funtime1
funtimes
funtimes1
fupyuxta66
fupyuxtb66
furball
furball1
furious
furious1
furniture
furniture1
fusion
fusion12
fussball
fussball1
futbol
futbol10
futurama
futurama1
future
future12
future123
futyn007
fuzzball
fuzzball1
fuzzy
fuzzy1
fuzzy123
fvcnthlfv
fwsadn
fx3tuo
fxnocp14
fxzz75$yer
fxzz75yer
fy.njxrf
fybcbvjdf
fyfcnfcbz
fyfnjkbq
fyfnjkbq777
fyfnjkmtdyf
fyfrjylf
fylh.irf
fylhtq12
fylhtqrf
fylhttdf
fylhttdyf
fynjybyf
fynjyjdf
fysihz5g
fyujk.fyukf.87
fyutkbyf
fyutkjxtr
fzappa
g00dluck
g00dpa$$w0rd
g0ldfish
g1234567
g12345678
g123456789
g13916055158
g3ujwg
g76t94prm4
g76u94prm4
g86u94psn5
g86ua5qsn5
g9l2d1fzpy
g9zns4
g_alisa1502
gaar_vitalik73
gaara123
gabber
gabbiano
gabby
gabby123
gabriel
gabriel.
gabriel01
gabriel05
gabriel06
gabriel07
gabriel08
gabriel09
gabriel1
gabriel10
gabriel11
gabriel12
gabriel123
gabriel13
gabriel14
gabriel15
gabriel17
gabriel2
gabriel21
gabriel22
gabriel23
gabriel3
gabriel4
gabriel5
gabriel6
gabriel7
gabriel8
gabriel9
gabriela
gabriela1
gabriela12
gabriela2
gabriela7
gabriele
gabriele1
gabrielito
gabriell
gabriella
gabriella1
gabrielle
gabrielle1
gabrielle2
gadget
gadjieva.gulmira
gaelic
gagagaga
gagged
gagging
galactica
galadriel
galaktika
galant
galapagos
galary
galatasara
galatasaray
galatasaray1905
galaxy
galaxy123
galeries
galileo
galileo1
galina-davidyuk
galina9181
galinka_korneeva
galinkaru
gallagher
gallagher1
gallardo
gallardo1
gallaries
gallegos
gallery1
galloway
galore
galway
gamaliel
gambion32
gambit
gamble
gambler
gambler1
game
game1234
gameboy
gameboy1
gameboy2
gamecock
gamecock1
gamecocks
gamecocks1
gamecube
gamecube1
gamefreak
gamefreak1
gamegame
gamemaster
gameover
gameover1
gameplay
gamer123
gamer4life
games
games123
gamestar
gamestop
gamestop1
gametime
gametime1
gamma
gammaray
ganapathi
ganapathy
ganapati
gandaako
gandako1
gandakoh
gandalf
gandalf1
ganesh
ganesh123
ganesha1
ganeshji
gang
gangbang
gangbang1
gangbanged
ganggang
gangsta
gangsta!
gangsta.
gangsta01
gangsta1
gangsta10
gangsta101
gangsta11
gangsta12
gangsta123
gangsta13
gangsta14
gangsta15
gangsta2
gangsta21
gangsta22
gangsta23
gangsta3
gangsta4
gangsta5
gangsta6
gangsta69
gangsta7
gangsta74
gangsta8
gangsta9
gangstah
gangstar
gangstar1
gangster
gangster!
gangster1
gangster10
gangster11
gangster12
gangster13
gangster14
gangster2
gangster23
gangster3
gangster4
gangster5
gangster6
gangster7
gangsters
ganja
ganja123
ganja420
ganjaman
ganjubas
ganondorf
ganster1
ganteng1
garage
garbage
garbage1
garcia
garcia10
garcia12
garcia123
garcia13
garden
gardener
gardenia
gardening
gardner
gardner1
gareth
garfield
garfield1
garfield12
garfield2
garfield7
gargamel
gargoyle
garibaldi
garion
garland
garland1
garlic
garner
garnet
garnett21
garnett5
garrett
garrett1
garrett12
garrett123
garrett2
garrett3
garrison
garrison1
gary
gary1234
gasman
gasolina
gasoline
gasparin
gaston
gate
gatekeeper
gates
gateway
gateway1
gateway11
gateway12
gateway123
gateway2
gateway200
gateway2000
gateway3
gateway5
gateway7
gathering
gatina_albina
gatogato
gatonegro
gator
gator1
gator123
gatorade
gatorade1
gators
gators01
gators1
gators11
gators12
gators123
gators15
gatsby
gatubela
gauloises
gaurav123
gauthier
gavin
gavin123
gavroche
gawker
gay4life
gayassfagpastebinleaks
gayathri
gayboy
gaygaygay
gaylord1
gaymen
gayness1
gaypride
gaypride1
gb15kv99
gbemisola
gbgbcmrf
gbhcf2
gbhfvblf
gblfhfcs
gbljhfcs
gbolahan
gcheckout
gdcc9921
gearhead
gearsofwar
gearsofwar2
gecko
geelong1
geetanjali
geezer
gefccgag
geheim
geheim123
geibcnbr
geil
gemini
gemini01
gemini06
gemini11
gemini12
gemini123
gemini13
gemini17
gemini18
gemini21
gemini22
gemini23
gemini69
gemini77
gemini88
gemma123
gemstone
gendarme
gene
general
general01
general1
general123
general2
generale
generallee
generals
generals1
generation
generator
generic
generic1
genesis
genesis01
genesis1
genesis11
genesis12
genesis123
genesis2
genesis3
genesis7
genetics
geneva
geneviev
genevieve
genevieve1
geng
genius
genius12
genius123
geniusnet
gennadiy
genoa1893
genocide
genoveva
gentle
gentleman
genuine1
geoffrey
geoffrey1
geografia
geography
geometra
geometry
geordie1
george
george01
george06
george07
george08
george09
george1
george10
george11
george12
george123
george1234
george13
george14
george15
george16
george17
george18
george21
george22
george23
george24
george25
george27
george69
george77
george99
georgetown
georgette
georgia
georgia01
georgia1
georgia11
georgia12
georgia123
georgia2
georgia3
georgia7
georgiana
georgie
georgie1
georgina
georgina1
geppetto
gerald
gerald123
geraldine
geraldine1
geranium
gerard
gerard12
gerard123
gerardo1
gerardway
gerardway1
gerber
gerbil
gerhard
gerhardt
gerlinde
germaine
german
german123
germania
germany
germany1
germany123
germany2
geronimo
geronimo1
gerrard08
gerrard1
gerrard8
gerry
gershwin
gertrude
gertrude1
geryfe
gesperrt
gesundheit
get2work
getalife
getalife1
getatme1
getcrunk1
getfucked
getfucked1
gethigh1
gethigh420
getit
getlikeme1
getlost1
getmoney
getmoney!
getmoney$
getmoney07
getmoney08
getmoney09
getmoney1
getmoney10
getmoney11
getmoney12
getmoney2
getmoney21
getmoney22
getmoney23
getmoney24
getmoney3
getmoney4
getmoney5
getmoney6
getmoney7
getoff
getout
getpaid1
getrdone
getrdone1
getrich1
getsdown
getsilly1
getsmart
getsome
getsome1
gettherefast
getting
gettysburg
gewinner
gfccdjhl
gfgfgfgf
gfgfvfvf
gfhfljrc
gfhjk123
gfhjkm11
gfhjkm12
gfhjkm123
gfhjkm12345
gfhjkm13
gfhjkm1998
gfhjkm777
gfhjkmgfhjkm
gfhjkmrf
gfhjkmxbr
gfhjkzytn
gfhkfvtyn
gfhnbpfy
gforce
gfs2z6wb
gfxqx686
gfyfcjybr
gfyt63gd
gg123456
gggg
ggggg
ggggg1
gggggg
gggggg1
ggggggg
gggggggg
ggggggggg
gggggggggg
ghalina_1971
ghana123
ghbdtn12
ghbdtn123
ghbdtnbr
ghbdtnbrb
ghbdtndctv
ghbdtnekmrb
ghbdtnghbdtn
ghbdtngjrf
ghbdtnrfrltkf
ghbjhbntn
ghblehjr
ghblehrb
ghbrjkbcn
ghbrjkmyj
ghbywtccf
gheniagabb
gheorghe
ghetto
ghetto12
ghetto123
ghfplybr
ghghghgh
ghhh47hj7649
ghislain
ghislaine
ghjcgtrn
ghjcnbnenrf
ghjcnbvtyz
ghjcnj123
ghjcnjgfhjkm
ghjcnjghjcnj
ghjcnjkjk
ghjcnjnfr
ghjcnjqgfhjkm
ghjcnjrdfibyj
ghjcnjrdfif
ghjdthrf
ghjghjghj
ghjnjnbg
ghjnjrjk
ghjrehfnehf
ghjrehjh
ghjuhfvvbcn
ghjuhfvvf
ghjuhtcc
gholovach75
ghost
ghost1
ghost123
ghost666
ghostdog
ghostface
ghostface1
ghostman
ghostrecon
ghostrider
ghosts
ghrimachiova64
ghtdtl123
ghtktcnm
ghtpbltyn
ghusieva1958
giacomino
giacomo1
giancarlo
gianfranco
gianluca
gianmarco
gianni
giant
giants
giants08
giants1
giants10
giants11
giants12
giants123
giants21
giants25
giants56
gibraltar
gibson
gibson01
gibson1
gibson12
gibson123
gibsonsg
gibsonsg1
gideon
gidget
gidrometeoburo
gigabyte
gigaman8891
giggity1
giggle
giggles
giggles1
giggles12
giggles123
giggles13
giggles2
gigglez1
gigi
gigigigi
gilbert
gilbert1
gilbert2
gilberto
gilberto1
gilgamesh
gilipollas
gilles
gillespie
gillette
gillian
gillian1
gilligan
gilligan1
gillingham
gilmore
gilmore1
gina
ginagina
ginger
ginger00
ginger01
ginger02
ginger06
ginger07
ginger08
ginger09
ginger1
ginger10
ginger101
ginger11
ginger12
ginger123
ginger1234
ginger13
ginger14
ginger15
ginger16
ginger17
ginger18
ginger21
ginger22
ginger23
ginger24
ginger33
ginger69
ginger77
ginger88
ginger99
gingerale
gingerbread
gingersnap
gingging
ginogino
ginscoot
gintonic
ginuwine
ginuwine1
gioconda
giordano
giorgina
giorgio
giorgio1
giovanna
giovanna1
giovanni
giovanni1
giovanni123
giovanny
giraffe
giraffe1
girasole
girassol
giratina
giresun28
girfriend
girl
girl1234
girlfriend
girlgirl
girlie
girlies
girlpower
girlpower1
girls
girls1
girls101
girls123
girlsrock
girlsrock1
girlsrule
girlsrule1
girly123
girlygirl
girlygirl1
girsl
giselle1
gisselle
gitrdone
gitrdone1
giuditta
giuliana
giuliano
giulietta
giuseppe
giuseppe1
giuseppina
giveit2me
giveitup
giveme
givenchy
gizmo
gizmo1
gizmo123
gizmodo
gizmodo1
gizzmo
gjcaixxx
gjhjctyjr
gjikbdctyf
gjkbyjxrf
gjkzrjdf
gjlcnfdf
glacier
glacier1
gladbach
gladiador
gladiato
gladiator
gladiator1
gladiatore
gladiolus
gladstone
gladys
glafira110169
glamorous
glamorous1
glamour1
glasgow
glasgow1
glass
glass123
glasses
glasses1
glassjaw
glassman
gldmeo
gleiser4
glen
glenda
glendale
glendale1
glenn
glenn123
glennwei
glenwood
glenwood1
glitter
glitter1
glitter2
global
global123
glock
gloria
gloria12
gloria123
glorioso
glorious
glorious1
glory
glory123
glory2god
glorytogod
glotest
gloucester
glover
gloves
glow
gluxov70
gmail.com
gmail123
gman
gmoney
gn9gu44s
gnasher23
go4itnow
goal
goalie
goalkeeper
goat
goats
goaway
gobears
gobears1
gobigred
goblin
goblue
gobucks
gobucks1
gocards1
gocats
gocubs
god12345
god4ever
god4life
godawgs1
godbless
godbless1
godblessme
godblessu
godblessus
godblessyou
godboy
godchild
goddamn1
goddess
goddess1
goderdzikarxjxv
godfathe
godfather
godfather1
godfather2
godfirst
godfirst1
godfrey1
godgrace
godhelpme
godhelpme1
godim001
godisable
godisgood
godisgood!
godisgood1
godisgood2
godisgood7
godisgr8
godisgreat
godislove
godislove1
godislove2
godislove7
godisone
godiva
godjesus
godknows
godlike1
godlove1
godloveme
godloves
godloves1
godlovesme
godofwar
godofwar1
godofwar2
godofwar3
godrocks
godrocks1
godrules
godrules1
godschild
godschild1
godsfavor
godsgift
godsgift1
godsgirl
godsgrace
godslove
godslove1
godsmack
godsmack1
godspeed
godspeed1
godsson1
godswill
godswill1
goducks1
godzilla
godzilla1
godzilla2
goeagles
gofast
gofish
gofman_osk
goforit
goforit1
gofuckyour
gofuckyourself
gogators
gogators1
gogetta1
gogetter
gogiants
gogo
gogogo
gogogogo
gogreen1
gohabsgo
gohan
gohome
goirish
goirish1
goku
gokussj4
golaso64
gold
gold1234
goldberg
goldberg1
goldcoast
golddigger
golden
golden01
golden1
golden11
golden12
golden123
golden22
goldenboy
goldenboy1
goldeney
goldeneye
goldeneye1
goldengate
goldengirl
goldensun
goldfing
goldfinger
goldfish
goldfish1
goldfish12
goldfish2
goldflake
goldgold
goldie
goldie12
goldie123
goldilocks
goldleaf
goldmember
goldmine
goldorak
goldrush
goldsmith
goldstar
goldstar1
goldwing
goldwing1
goleafsgo
golf
golf1
golf1234
golf4fun
golfball
golfball1
golfclub
golfcourse
golfer
golfer01
golfer1
golfer11
golfer12
golfer123
golfer69
golfgolf
golfgti
golfing
golfing1
golfinho
golfman
golfnut
golfpro
golfpro1
golga.70
goliath
goliath1
gollum
golosa69
golovizina_elena
golubinskij.87
goluboglazka08
goman1985
gomets
gomez
gomez123
gonavy
goncalves
gone
gonefishin
gonefishing
gong
gonoles1
gonzaga1
gonzales
gonzales1
gonzalez
gonzalez1
gonzalez12
gonzalo1
gonzo
gonzo1
gonzo123
goober
goober12
goober123
goochi
good
good1234
good12345
good123456
good123654
good4now
good4you
goodboy
goodboy1
goodboy123
goodbullet
goodbye
goodbye1
goodbye2
goodcharlotte
goodday
goodday1
goodfell
goodfella1
goodfellas
goodfood
goodfriend
goodgame
goodgirl
goodgirl1
goodgod1
goodgood
goodgood1
goodguy1
goodie
goodies1
goodison
goodlife
goodlife1
goodlooking
goodlord
goodlove
goodluck
goodluck1
goodluck123
goodman
goodman1
goodmorning
goodmother
goodness
goodness1
goodnews
goodnight
goodnight1
goodpussy
goodpussy1
goodrich
goodsex
goodstuff
goodtime
goodtime1
goodtimes
goodtimes1
goodtogo
goodwife
goodwill
goodwill1
goodwin1
goodwoman
goodwood
goody2shoe
goodyear
goodyear1
goofball
goofball1
goofy
goofy1
goofy123
google
google.com
google01
google10
google11
google12
google123
google1234
google13
google21
google22
google23
google69
googlecheckout
googletester
googoo
goon4life
gooner
goonies1
goonsquad1
goose
goose1
goose123
goosebumps
gooseman
gopack
gopher
gopher12
gopinath
gordita1
gordito1
gordo
gordo123
gordon
gordon12
gordon123
gordon24
gore
gorgeous
gorgeous1
gorilla
gorilla1
gorillas
gorillaz
gorillaz1
gorlonis
gosiaczek
gossipgirl
gotcha
goten
gotenks
gotenks1
goth
gotham
gothic
gothic12
gothic123
gothic13
gothic666
gotigers
gotigers1
gotmilk
gotmilk1
gotmilk2
gotmilk?
gotmoney1
gotohell
gotohell1
gotribe
gotyoass
gouranga
government
governor
govols
goxyboib
goyj2010
gr33nday
grace
grace1
grace123
grace4me
grace777
graceful
graceland
graceland1
gracie
gracie01
gracie03
gracie05
gracie06
gracie07
gracie08
gracie09
gracie10
gracie11
gracie12
gracie123
gracie13
gracie22
graciela
graciela1
gracious
grad2006
grad2007
grad2008
grad2009
grad2010
graduate
graduate08
graduate1
graduation
graffiti
graffiti1
graham
gramma
grammy
granada
granada1
grand
grandad1
grandam
grandam1
grandchase
grandchildren
grande
grandkids
grandkids1
grandkids2
grandkids3
grandkids4
grandkids5
grandkids6
grandkids7
grandma
grandma!
grandma01
grandma1
grandma11
grandma12
grandma123
grandma2
grandma3
grandma4
grandma5
grandma6
grandma7
grandma8
grandmaster
grandmom
grandmom1
grandmother
grandpa
grandpa1
grandpa2
grandprix
grandprix1
grandslam
grandson
grandson1
grandtheft
granger1
granite
granite1
granny
granny12
grant
grant123
granville
grapeape
grapefruit
grapes
grapevine
graphics
graphics1
grass
grasshoppe
grasshopper
grateful
grateful1
gratis
gratis123
gratitude
gravedigger
graves
graveyard
gravity
gravity1
gray
grayson1
graywolf
graziano
graziella
grease
great
great1
great123
greatdane
greatday
greatday1
greater1
greatest
greatest1
greatgod
greatman
greatness
greatness1
greatone
greatone1
greatwhite
greece
greedisgood
greedy
greek
green
green1
green100
green101
green111
green123
green1234
green12345
green321
green420
green777
greenapple
greenbay
greenbay1
greenbay4
greenbean
greenbean1
greenday
greenday!
greenday.
greenday1
greenday10
greenday11
greenday12
greenday123
greenday13
greenday14
greenday2
greenday21
greenday3
greenday4
greenday5
greenday6
greenday7
greenday9
greendog
greene
greeneggs
greeneyes
greeneyes1
greeneyes2
greenfield
greenfrog
greenfrog1
greengirl
greengrass
greengreen
greenhouse
greenland
greenlantern
greenleaf
greenlight
greenman
greenman1
greenpeace
greens
greentea
greentea1
greentree
greentree1
greenville
greenway
greenwich
greenwood
greenwood1
greetings
greg
greg1234
gregoire
gregor
gregorio
gregory
gregory1
gregory123
gregory2
gregory3
gregory7
gremlin
gremlin1
gremlins
grendel
grendel1
grenoble
grenouille
greshnik
gretchen
gretchen1
gretzky
gretzky99
greygoose
greygoose1
greyhound
greyhound1
greywolf
gribouille
griffey
griffey1
griffey24
griffin
griffin1
griffith
grih-rom
grils
grimace
grimreaper
grinch
grindcore
grinder
grinder1
grinding
grinface
gringo
griselda
griselda1
grisette
grishin0308
grizzly
grizzly1
groceries
gromit
groningen
groove
groovy
groucho
groucho1
ground
grounded
grounded1
groundhog
groupd2013
groups
grover
grumpy
grumpy13
grunt
gryffindor
gryphon
grzegorz
grzesiek
gspot
gstring
gsxr1000
gsxr1100
gsxr1300
gsxr750
gtasanandreas
gtavicecity
gthtcnhjqrf
gtkmvtyb
gtkmvtym
gtnheirf
gtnhjczy
gtnhjdbx
gtnhjdyf
gtxtymrf
guacamole
guadalajar
guadalajara
guadalupe
guadalupe1
guadalupe2
guadeloupe
guai
gualapmi
guan
guanajuato
guang
guard
guardian
guardian1
guardian101
guardians
guatemala
guatemala1
guatemala2
guayaquil
gubber
gucci
gucci123
guccimane
guccimane1
guerreiro
guerrero
guerrero1
guess
guess123
guessit1
guessit22
guessthis1
guesswhat
guesswhat1
guesswho
guesswho1
guest
guevara1
guevarra
guido
guildwars
guildwars1
guilherme
guilherme1
guillaume
guillaume1
guillermo
guillermo1
guimaraes
guineapig
guiness
guiness1
guinness
guinness1
guitar
guitar01
guitar1
guitar10
guitar101
guitar11
guitar12
guitar123
guitar13
guitar14
guitar15
guitar21
guitar22
guitar23
guitar666
guitar69
guitar77
guitare1
guitarhero
guitarist
guitarist1
guitarman
guitarman1
guitarra
guitarra1
guitars
guitars1
gujunpyo
guldaniya.galina
gulliver
gumball1
gumbo
gumby
gumdrop1
gummybear
gummybear1
gummybears
gumption
gunblade
gunbound
gundam
gundam00
gundam01
gundam123
gundamseed
gundamwing
gungrave
gunit123
gunnar
gunner
gunner01
gunner11
gunner12
gunner123
gunners
gunners1
guns
gunslinger
gunsmoke
gunsnroses
gunther
gunther1
gurpreet
guru
guru1234
guruguru
gurunanak
gusanito
gustav
gustavo
gustavo1
gustavo12
gustavo123
gutentag
gutierrez
gutierrez1
gutschein
gutter
guwahati
guyg56fghf
guyssuck
guyssuck1
guyver
guzel.t.f
gv5235523532
gvinpinka123
gvqjvxvb76
gvqzvxub76
gwada971
gwapings
gwapo123
gwapoako
gwarmonster
gwendoline
gwendolyn
gwendolyn1
gwerty123
gwju3g
gy3yt2rgls
gygypyfyyyposhy
gymnast
gymnast1
gymnastic
gymnastics
gypsy
gypsy123
gznybwf13
h0llyw00d
h1234567
h12345678
h123456789
h1992iding
h1xp2z2duk
h2slca
h2vwdubjx4
h36js3ggof
h3llokitty
h4hgaipgzu
h4t3cr3w
h87va5rtp6
h97e7ijwwb
ha123456
ha8fyp
habbo123
habitat1
hacienda
hack
hacked123
hacker12
hacker123
hackers1
hackthis1
hadassah
hadouken
hagakure
haggard1
haggis
haha
haha1234
haha12345
hahabitch1
hahaha
hahaha11
hahaha12
hahaha123
hahahaha
hahahaha1
hahahahaha
hahahehe
hahalol1
hailey
hailey01
hailey03
hailey04
hailey05
hailey06
hailey07
hailey08
hailey11
hailey12
hailey123
hailey13
hailmary
hair
hairball
hairball1
haircut1
hairdresser
hairspray
hairspray1
hairy
haitian1
hakkinen
hakr
hakunamatata
hal9000
halamadrid
haleigh1
haleluya
haley
haley123
halflife
halflife1
halflife2
halfmoon
halfpint
halfpint1
halifax
halifax1
hall
hallelujah
hallie
hallihallo
halliwell
halliwell1
hallmark
hallo
hallo123
hallo1234
hallo12345
hallodu1
halloduda
hallohallo
hallombn001
hallowee
halloween
halloween1
halloween2
halloween3
hallucinationse
halo1234
halo12345
halo3odst
halo3rocks
halo3rules
halohalo
halohalo007
haloreach
halowars
halowars1
hamasaki
hambone
hambone1
hamburg
hamburg1
hamburg15
hamburger
hamburger1
hamilton
hamilton1
hamish
hamlet
hammarby
hammer
hammer01
hammer1
hammer11
hammer12
hammer123
hammer69
hammerfall
hammerhead
hammers
hammers1
hammertime
hammond
hammond1
hammy123
hamper
hampshire
hampster
hampster1
hampton
hampton1
hamradio
hamster
hamster1
hamster12
hamster123
hamster2
hamster3
hamsters
hamsters1
hamtaro1
hamulakvitaly
hamza123
hanahana
hanakimi
hancock
hancock1
hand
handball
handball1
handicap
handsome
handsome1
handyman
handyman1
hang
hangar18
hanger18
hangman1
hangover
hanhphuc
hanihani
hank
hanna
hanna123
hannah
hannah00
hannah01
hannah02
hannah03
hannah04
hannah05
hannah06
hannah07
hannah08
hannah09
hannah1
hannah10
hannah101
hannah11
hannah12
hannah123
hannah1234
hannah13
hannah14
hannah15
hannah16
hannah17
hannah18
hannah19
hannah20
hannah21
hannah22
hannah23
hannah24
hannah25
hannah69
hannah77
hannah88
hannah95
hannah96
hannah97
hannah98
hannah99
hannahmont
hannahmontana
hannelore
hannes
hannibal
hannibal1
hannover
hannover96
hanover1
hans
hans4queck
hansen
hanshans
hansolo
hansolo1
hanson
hanspeter
hanswurst
hantu123
hanuman1
hanumanji
hao123456
hapiness
happening
happines
happiness
happiness!
happiness1
happiness2
happiness7
happy
happy1
happy100
happy101
happy111
happy123
happy1234
happy12345
happy2
happy2007
happy2008
happy2009
happy2010
happy2011
happy2be
happy2bme
happy2day
happy321
happy420
happy4ever
happy4me
happy777
happybirth
happybirthday
happyboy
happybunny
happycat
happyday
happyday1
happydays
happydays1
happydog
happyface
happyface1
happyfamily
happyfeet
happyfeet1
happyfeet2
happygirl
happygirl1
happyhappy
happyhour
happylife
happylove
happyman
happyman1
happyme1
happyness
happyness1
happynewyear
happyone
happytime
harajuku
harakiri
harald
harbor
harcore
hard
hardaway
hardball
hardbody1
hardc0re
hardcock
hardcore
hardcore!
hardcore.
hardcore1
hardcore12
hardcore13
hardcore2
hardcore3
hardcore4
hardcore69
hardcore7
hardcore88
harddick
harder
hardhead
hardhead1
harding1
hardon
hardone
hardrock
hardrock1
hardstyle
hardstyle1
hardware
hardware1
hardwood
hardwork
hardwork1
hardy
hardy123
harekrishna
harekrsna
harerama
hariharan
harlem
harlequin
harley
harley00
harley01
harley02
harley03
harley04
harley05
harley06
harley07
harley08
harley09
harley1
harley10
harley101
harley11
harley12
harley123
harley13
harley14
harley15
harley17
harley21
harley22
harley23
harley24
harley33
harley55
harley66
harley69
harley77
harley88
harley883
harley95
harley96
harley97
harley98
harley99
harleyd1
harleydavidson
harleydog
harman
harmonia
harmonica
harmonie
harmony
harmony1
harmony2
harmony7
harold
harold123
harper
harpoon
harpreet
harrier
harriet
harriet1
harrington
harris
harris123
harrison
harrison1
harrison12
harrison2
harry
harry1
harry123
harry1234
harrydog
harrypotte
harrypotter
harrypotter1
harrystyles
harsh123
harshini
harshita
hart
hartford
hartford1
hartley
hartmann
hartnett
harvard
harvard1
harvest
harvest1
harvey
harvey01
harvey12
harvey123
harvick29
has202020
hasan123
haslo123
hassan
hassan12
hassan123
hastalavista
hastings
hastings1
hatchet1
hate
hate2love
hatebreed
hatebreed1
hatelife
hatelove
hatelove1
hater123
haters12
haters123
hateyou1
hateyou2
hatfield
hatred
hatter
hatteras
hattrick
haunted1
havana
haveaniceday
havefaith
havefaith1
havefun
havefun1
having
havingfun
hawaii
hawaii01
hawaii05
hawaii06
hawaii07
hawaii08
hawaii09
hawaii11
hawaii12
hawaii123
hawaii50
hawaii808
hawaii99
hawaiian
hawaiian1
hawk
hawk1020
hawkesbury93
hawkeye
hawkeye1
hawkeyes
hawkeyes1
hawkins
hawkins1
hawks
hawks1
hawkwind
hawthorn
hawthorn1
hawthorne
hawthorne1
hayabusa
hayabusa1
hayastan
hayden
hayden01
hayden05
hayden06
hayden07
hayden08
hayden09
hayden11
hayden12
hayden123
hayleigh
hayley
hayley12
hayley123
hayward1
hayward510
hazard
hazel123
hazeleyes
hazelnut
hazmat
hbhc8290826
hcleeb
hd764nw5d7e1vb1
hdfcbank
he635789
head
headache
headbanger
headhunter
headphones
headshot
headshot1
headstrong
healing1
health
healthcare
healthy1
heart
heart123
heartagram
heartbeat
heartbeat1
heartbreak
heartbreaker
heartbroke
heartbroken
heartland
heartless
heartless1
hearts
hearts11
hearts12
hearts123
hearts13
heat
heater
heather
heather!
heather.
heather01
heather07
heather08
heather09
heather1
heather10
heather11
heather12
heather123
heather13
heather14
heather15
heather16
heather17
heather18
heather2
heather21
heather22
heather23
heather3
heather4
heather5
heather6
heather69
heather7
heather8
heather9
heatwave
heaven
heaven01
heaven07
heaven08
heaven09
heaven10
heaven11
heaven12
heaven123
heaven13
heaven17
heaven22
heaven77
heaven777
heavenly
heavenly1
heavensent
heavy
heavymetal
hebrides
heckfyxbr
hector
hector12
hector123
hector13
hedgehog
hedgehog1
hedges
hedimaptfcorp
heeled
heels
heeren981a
hehehaha
hehehe
hehehe123
hehehehe
heidelberg
heidi
heidi1
heidi123
heineken
heineken1
heinlein
heinrich
heitor250493
hejhej123
hejhejhej
hejmeddig
hejsan123
heka6w2
helen
helen123
helena
helena123
helene
helga_557634
helicopter
helikopter
helium
hell
hell0kitty
hellas
hellbound
hellboy1
hellboy123
hellboy2
hellboy666
hellfire
hellfire1
hellgate
hellhell
hellhound
hellno
hello
hello007
hello1
hello100
hello101
hello111
hello123
hello1234
hello12345
hello2
hello2me
hello2u2
hello2you
hello321
hello456
hello666
hello777
hello999
helloall
hellobaby
hellodolly
hellogoodbye
hellohel
hellohello
hellohi1
hellokitty
hellokitty1
hellokitty123
helloman
hellomate
hellome1
hellomoto
hellomoto1
helloo
hellos
hellosimon
hellothere
helloween
helloworld
helloyou
helloyou1
hellraiser
hellsbells
hellsing
hellsing1
hellspawn
hellyea1
hellyeah
hellyeah1
helmet
helmut
help
help1234
helpdesk
helper
helphelp
helpme
helpme11
helpme12
helpme123
helpmegod
helpmelord
helsinki
hemalatha
hemicuda
hemingway
hemlock
hemmelig
henderson
henderson1
hendrix
hendrix1
hendrix2
hendrix69
heng
hennessy
hennessy1
henni1907
henrietta
henriette
henrik
henrique
henry
henry1
henry123
hentai
henti
herbalife
herbalife1
herbert
herbert1
herbie
herbie53
hercules
hercules1
here
hereford
heretic
herewego
heriberto
heritage
heritage1
herkules
herman
hermann1
hermanos
hermes
hermina617berno1990f6i
herminia
hermione
hermione1
hermitage
hermosa1
hernandez
hernandez1
hernandez2
hernando
hero
herobrine
heroes
herohero
herohonda
herpderp
herrera1
herring
hershey
hershey1
hershey12
hershey123
hershey2
hershey3
hershey7
hersheys
heslo123
hesloheslo
hesoyam1
hesoyam123
hester
hester23
heterosexual
hetfield
hevhk43n9j
hevnm4
hewitt
hewlett
hewlett1
hey12345
heybabe1
heybaby1
heydude1
heygirl1
heyhey
heyhey11
heyhey12
heyhey123
heyheyhey
heyheyhey1
heyjude1
heynow
heythere
heythere1
heyyou
hezekiah
hfcgbplzq
hfvd3425f
hgf4h3fhf
hgfdsa
hgrfqg4577
hgxnewx11
hh123456
hhhh
hhhhh
hhhhh1
hhhhhh
hhhhhh1
hhhhhhh
hhhhhhhh
hhhhhhhhh
hhhhhhhhhh
hi123456
hiawatha
hibernia
hibernian
hibiscus
hickory1
hidalgo1
hidden
higgins
higgins1
high
highbury
highbury1
higher
highfive
highheel
highheels
highland
highland1
highlander
highlands
highlife
highlife1
highschool
highspeed
hightimes
hightimes1
highway
highway1
highway61
highwind
hihihi
hihihi12
hihihi123
hihihihi
hihihihi1
hihje863
hijodeputa
hijoputa
hiking
hilary
hilaryduff
hildegard
hilfiger
hill
hillary
hillary1
hillbill
hillbilly
hillbilly1
hillcrest
hillcrest1
hills
hillside
hillside1
hillsong
hilltop
hilltop1
hillview
hilton
himalaya
himanshu
himawari
hindustan
hindustani
hiphop
hiphop01
hiphop10
hiphop101
hiphop11
hiphop12
hiphop123
hiphop13
hiphop23
hipolito
hipopotamo
hippie
hippo
hippo123
hirondelle
hiroshima
hiroyuki
hisgrace
hismatdan
histoire
historia
history
history1
history278
hitachi
hitachi1
hitchcock
hithere
hithere1
hitler
hitler123
hitler666
hitler88
hitman
hitman11
hitman12
hitman123
hitman23
hitman47
hitokiri
hitsugaya
hitter
hiuyt75f
hiziad
hjcnbckfd
hjkl
hjlbntkb
hjvfyjdf
hjvfynbrf
hlubkoj1
hm9958123
hoang123
hoanganh
hobbes
hobbit
hobiecat
hochzeit
hockey
hockey00
hockey01
hockey07
hockey08
hockey09
hockey1
hockey10
hockey101
hockey11
hockey12
hockey123
hockey13
hockey14
hockey15
hockey16
hockey17
hockey18
hockey19
hockey20
hockey21
hockey22
hockey23
hockey24
hockey25
hockey26
hockey27
hockey28
hockey29
hockey30
hockey31
hockey33
hockey35
hockey44
hockey55
hockey66
hockey69
hockey77
hockey87
hockey88
hockey89
hockey91
hockey97
hockey99
hocuspocus
hoes
hoffman
hoffman1
hoffmann
hoffnung
hogan
hogehoge
hogtied
hogwarts
hogwarts1
hohoho
hohohoho
hoilamgi
hokies
hola
hola1234
hola12345
hola123456
holahola
holahola1
holaquetal
holden
holden01
holden05
holden123
holdenv8
hole
holein1
holeinone
holes
holger
holiday
holiday1
holiday123
holiday2
holidays
holidays1
holidaysecure123
holidaysecure123$
holiness
holla
holla123
hollaback
hollaback1
holland
holland1
holliday
hollie
hollie99
hollister
hollister!
hollister.
hollister0
hollister1
hollister2
hollister3
hollister4
hollister5
hollister6
hollister7
hollister8
hollister9
hollow
holloway
hollowman
holly
holly1
holly123
hollydog
hollydog1
hollywoo
hollywood
hollywood!
hollywood0
hollywood1
hollywood2
hollywood3
hollywood4
hollywood5
hollywood6
hollywood7
hollywood8
hollywood9
holmes
holstein
holuha00
holybible
holybible1
holycow
holycow1
holycrap
holycrap1
holycross
holyghost
holyghost1
holyholy
holymoly
holysh!t
holyshit
holyshit!
holyshit1
holyspirit
home
home0401
home1234
home12345
homealone
homebase
homeboy
homeboy1
homebrew
homedepot
homedepot1
homegirl
homegirl1
homegrown
homehome
homeland
homeless
homeless1
homelesspa
homely
homemade
homepage
homepage-
homer
homer1
homer123
homerj
homers
homersimpson
homerun
homerun1
homeschool
homeslice1
homestar
homestar1
homestead
homestead1
homesweethome
hometown
hometown1
homework
homework1
homeworld
homie123
homies13
homosexual
honda
honda1
honda100
honda123
honda1234
honda125
honda150
honda2000
honda250
honda300
honda400
honda400ex
honda450
honda450r
honda500
honda600
honda750
hondaaccord
hondacbr
hondacity
hondacivic
hondacr125
hondacr250
hondacrv
hondacrx
hondas
hondas2000
honduras
honduras1
honduras12
honesty
honesty1
honey
honey1
honey101
honey123
honey1234
honey143
honey215
honeybabe
honeybaby
honeybear
honeybear1
honeybee
honeybee1
honeybun
honeybun1
honeybunch
honeybunny
honeycoh
honeycomb
honeydew
honeydip1
honeydog
honeygirl
honeygirl1
honeyhoney
honeykoh
honeylove
honeymoon
honeypie
honeypot
honeys
honeywell
hong
hongkong
hongkong1
honolulu
honolulu1
honor
hoobastank
hoochie
hoochie1
hoodnigga1
hoodrat1
hoodrich1
hoodstar1
hook
hookem
hooker
hooker69
hookers
hookup
hooligan
hooligan1
hooligans
hooper
hoops
hoosier
hoosier1
hoosiers
hoosiers1
hooter
hooters
hooters1
hooters2
hooters69
hootie
hoover
hoover74
hooyah
hope
hope1234
hopeful
hopeful1
hopefull
hopehope
hopeless
hopeless1
hopewell
hopkins
hopkins1
hopper
hopscotch
horace
hores
horizon
horizon1
horizons
horn
horndog
hornet
hornet01
hornet600
hornets
hornets1
horney
horny
horny1
horny123
hornyman
horror
horse
horse1
horse123
horselover
horseman
horsemen
horsepower
horses
horses01
horses10
horses101
horses11
horses12
horses123
horses13
horses22
horseshit
horseshoe
horseshoe1
hortense
horton
hose
hoser
hospital
hospital1
hostmaster
hot2trot
hot97hot
hotass
hotbabe1
hotbabes
hotbaby1
hotbitch
hotbitch1
hotbox
hotboy
hotboy12
hotboy123
hotboy23
hotboys1
hotboyz1
hotcakes
hotchick
hotchick1
hotchick12
hotchicks
hotchicks1
hotdog
hotdog01
hotdog11
hotdog12
hotdog123
hotdog22
hotdog23
hotdog69
hotdogs1
hotel
hotel6
hotgirl
hotgirl1
hotgirl12
hotgirl123
hotgirl2
hotgirls
hotgirls1
hotgurl1
hothot
hothothot
hotlegs
hotline1
hotlips
hotlips1
hotmail
hotmail.
hotmail.co
hotmail.com
hotmail0
hotmail1
hotmail11
hotmail12
hotmail123
hotmail2
hotmail3
hotmail5
hotmail7
hotmails
hotmama1
hotmama12
hotmama123
hotmama2
hotmamma
hotmamma1
hotmomma
hotmomma1
hotness1
hotone
hotpants
hotpants1
hotpink1
hotpink2
hotpocket1
hotpussy
hotrats
hotred
hotrod
hotrod12
hotrod123
hotrod69
hotsauce
hotsauce1
hotsex
hotsex69
hotshit1
hotshot
hotshot1
hotshots
hotspur
hotstuff
hotstuff!
hotstuff1
hotstuff10
hotstuff12
hotstuff2
hotstuff69
hott
hotter
hottest
hottest1
hottie
hottie#1
hottie00
hottie01
hottie05
hottie06
hottie07
hottie08
hottie09
hottie10
hottie101
hottie11
hottie12
hottie123
hottie1234
hottie13
hottie14
hottie15
hottie16
hottie17
hottie18
hottie19
hottie20
hottie21
hottie22
hottie23
hottie24
hottie25
hottie27
hottie33
hottie34
hottie44
hottie45
hottie4u
hottie55
hottie69
hottie88
hottie911
hottie92
hottie93
hottie94
hottie95
hottie99
hotties
hotties1
hottness
hottness1
hottopic
hottopic1
hottstuff
hottstuff1
hotty101
hotty123
hotwater
hotwheels
hotwheels1
hotwings
houdini
houdini1
houghton
houhou
hound
hounddog
hounddog1
hounds
house
house1
house123
housemusic
houses
housewife
housewifes
houston
houston1
houston12
houston123
houston13
houston2
houston23
houston281
houston3
houston5
houston7
houston713
hover
howard
howard12
howard123
howareyou
howareyou1
howareyou123
howdy
howdy123
howell
howie
hpg2n89qif
hph2n89qif
hpk2qc
hppavilion
hr3ytm
hrenota1
hrfzlz
hrustem65
hrvatska
hs16andi3z
hshn7669
htown713
htt//members.cumfiesta.com/
http://www
htubcnhfwbz
huai
huan
huang
huang123
huangfeisuny
huangjin1987
huanhuan
hubbabubba
hubbard1
hubert
hubertus
huckleberry
hudson
huf7dkgd
hufmqw
huge
hugetits
huggies1
huggybear
hughes
hugo
hugo1234
hugo854lataille1988
hugoboss
hugoboss1
hugohugo
huguette
huhbbhzu78
hulaanmo
hulagirl
hulk
hulkhogan
hulkhogan1
hulkster
hulkster1
hullcity
hullcity1
humanity
humanoid
humberto
humberto1
humboldt
humbug
humility
hummer
hummer12
hummer123
hummer69
hummerh1
hummerh2
hummerh3
hummingbir
hummingbird
humphrey
humphrey1
hun999
hung
hungry
hunnybunny
hunt
hunter
hunter00
hunter01
hunter02
hunter03
hunter04
hunter05
hunter06
hunter07
hunter08
hunter09
hunter1
hunter10
hunter101
hunter11
hunter12
hunter123
hunter1234
hunter13
hunter14
hunter15
hunter16
hunter17
hunter18
hunter19
hunter20
hunter21
hunter22
hunter23
hunter24
hunter25
hunter26
hunter27
hunter28
hunter33
hunter44
hunter45
hunter55
hunter66
hunter666
hunter69
hunter77
hunter88
hunter89
hunter94
hunter95
hunter96
hunter97
hunter98
hunter99
hunters1
hunting
hunting1
hunting101
hunting12
hunting123
hunting2
huntington
huntress
hurensohn
hurensohn1
hurley
hurrican
hurricane
hurricane1
hurricane2
hurricanes
husan0890
husband
husband1
husker
huskers
huskers1
huskies
huskies1
husky
husqvarna
hussain1
hustler
hustler1
hustlin1
hutchins
hutchinson
hvqjvxvb76
hwriwxwc76
hx28o9e646
hyacinth
hybrid
hyderabad
hydro
hydro420
hydrogen
hyperion
hyperlite
hyperlite1
hyphy101
hysteria
hyundai1
hzze929b
i&lt:3you
i.love.you
i1234567
i123456789
i18bzbk3ay8
i234i234i234
i4ifbinfyu
i5stwf1rcx
i62gbq
i84avh9lti
i97wb6sxq7
i98xb7sxr7
i_love_you
iam2cool
iamalone
iamawesome
iamblessed
iamcool!
iamcool1
iamcool123
iamcool2
iamcrazy
iamgod
iamgreat
iamhappy
iaminlove
iamlegend
iamlegend1
iamlucky
iamnumber1
iamsexy1
iamsocool
iamsocool1
iamthebest
iamthebest1
iamtheking
iamtheman
iamtheman1
iamtheone
iamtheone1
iamwhatiam
ianuarie
iawgk2
ib6ub9
ibanez
ibanezjs
ibelieve
ibicguwjic
ibilltes
ibrahim1
ibrahim123
ibrahima
ibrahimovic
ibxnsm
icandoit
icare123
ice-cream
iceberg
iceberg1
icecold1
icecream
icecream!
icecream.
icecream1
icecream10
icecream11
icecream12
icecream123
icecream13
icecream2
icecream22
icecream23
icecream3
icecream4
icecream5
icecream6
icecream7
icecream8
icecream9
icecube
icecube1
icehockey
icehouse
icehouse1
iceicebaby
iceland
iceland1
iceman
iceman01
iceman1
iceman11
iceman12
iceman123
iceman13
iceman21
iceman22
iceman23
iceman69
icequeen
icewater
ichbincool
ichiro51
ichliebedi
ichliebedich
ichunddu
icthus01
icu812
icxkyb7972
id6c3wr6un
iddqdidkfa
idefix
identity
idinahui
idiot
idiot123
idlewild
idon'tknow
idontcare
idontcare1
idonthave1
idontkno
idontknow
idontknow!
idontknow.
idontknow1
idontknow2
idontknow3
idontno1
idspispopd
idunno
ifeoluwa
iforget
iforget1
iforgot
iforgot!
iforgot1
iforgot2
iforgotit
ifuckyou1987
ifycjyhekbn
ig4abox4
igetmoney
igetmoney1
igetmoney2
iglesias
ignacio1
ignatius
ignatova_1978_09
ignition
ignoranto
igor
igorek-filatov
igorigor
igot5onit
igromania
iguana
ihateboys
ihateboys1
ihateher1
ihatehim
ihatehim1
ihatelife
ihatelife1
ihatelove
ihatemen
ihatemen1
ihatemylif
ihatemylife
ihatemyself
ihateschool
ihatethis
ihatethis1
ihatethisgame
ihateu12
ihateu123
ihatey0u
ihateyou
ihateyou!
ihateyou.
ihateyou1
ihateyou11
ihateyou12
ihateyou2
ihateyou22
ihateyou3
ihateyou4
ihateyou5
ihateyou6
ihateyou7
ihateyou9
ihave2kids
ihave3kids
ihave4kids
iheartu2
iheartyou
iheartyou1
iheartyou2
iiii
iiiii
iiiiii
iiiiii1
iiiiiii
iiiiiiii
iiiiiiiiii
ijfrnhf7yhcy54bhy0cd
ijrjkflrf
ikaa4kr257
ikbengek
ike02banaa
ikechukwu
ikickass
ikillyou
il0v3y0u
il0vehim
il0vey0u
il0veyou
ilcerchio
ilds4edad
ilia16739
ilikecheese
ilikeeggs
ilikegirls
ilikeit
ilikepie
ilikepie!
ilikepie1
ilikepie12
ilikepie123
ilikepie2
ilikesex
ilikeu123
ilikeyou
ilikeyou1
illini
illinois
illinois1
illmatic
illmatic1
illuminati
illusion
illusion1
illusions
ilmiocane
ilov3you
ilove...
ilove123
ilove1234
ilove143
ilove420
iloveaaron
iloveadam
iloveadam1
ilovealex
ilovealex!
ilovealex1
ilovealex2
iloveallah
iloveallman
iloveamber
iloveamy
iloveamy1
iloveandre
iloveandy
iloveandy1
iloveangel
iloveanime
iloveanna
iloveanna1
iloveash1
iloveashle
iloveausti
ilovebeer
ilovebeer1
iloveben
iloveben1
ilovebill
ilovebilly
iloveblue
ilovebob
ilovebobby
iloveboobi
iloveboobs
iloveboys
iloveboys!
iloveboys1
iloveboys2
ilovebrad1
ilovebrand
ilovebrian
ilovebritt
ilovebryan
ilovecake
ilovecandy
ilovecats
ilovecats1
ilovechad
ilovechad1
ilovecheese
ilovechris
ilovecock
ilovecock1
ilovecody
ilovecody1
ilovedad
ilovedad1
ilovedaddy
ilovedan
ilovedan1
ilovedance
ilovedanie
ilovedanny
ilovedave
ilovedave1
ilovedavid
ilovedick
ilovedick1
ilovedogs
ilovedogs1
ilovedogs2
ilovedylan
iloveemily
iloveemma
iloveeric
iloveeric1
ilovefood
ilovefood1
ilovegirls
ilovegod
ilovegod!
ilovegod1
ilovegod12
ilovegod2
ilovegod7
ilovegreen
ilovegreg
iloveher
iloveher!
iloveher1
iloveher12
iloveher2
ilovehim
ilovehim!
ilovehim.
ilovehim08
ilovehim09
ilovehim1
ilovehim10
ilovehim11
ilovehim12
ilovehim13
ilovehim14
ilovehim2
ilovehim22
ilovehim23
ilovehim3
ilovehim4
ilovehim5
ilovehim7
ilovehorses
iloveian
iloveindia
iloveit
iloveit1
ilovejack
ilovejack1
ilovejacob
ilovejake
ilovejake1
ilovejames
ilovejamie
ilovejason
ilovejay
ilovejay1
ilovejeff
ilovejeff1
ilovejen
ilovejen1
ilovejenny
ilovejess
ilovejess1
ilovejesse
ilovejessi
ilovejesus
ilovejim
ilovejimmy
ilovejoe
ilovejoe1
ilovejoey
ilovejoey1
ilovejohn
ilovejohn1
ilovejon
ilovejon1
ilovejorda
ilovejose
ilovejose1
ilovejosh
ilovejosh!
ilovejosh1
ilovejosh2
ilovejuan1
ilovejusti
ilovejustin
ilovekate
ilovekatie
ilovekayla
ilovekelly
ilovekevin
ilovekim
ilovekim1
ilovekiss
ilovekyle
ilovekyle1
ilovelaura
ilovelee
ilovelife
ilovelife1
ilovelisa
ilovelisa1
iloveliz1
ilovelove
ilovelucy
ilovelucy1
iloveluis
iloveluis1
iloveluke
iloveluke1
ilovemama
ilovemaria
ilovemark
ilovemark1
ilovemary
ilovemary1
ilovematt
ilovematt!
ilovematt1
ilovematt2
ilovemax
ilovemax1
iloveme!
iloveme.
iloveme01
iloveme08
iloveme09
iloveme1
iloveme10
iloveme101
iloveme11
iloveme12
iloveme123
iloveme13
iloveme14
iloveme15
iloveme16
iloveme18
iloveme2
iloveme21
iloveme22
iloveme23
iloveme3
iloveme4
iloveme5
iloveme6
iloveme69
iloveme7
iloveme8
iloveme9
ilovemegan
ilovemen
ilovemen1
ilovemicha
ilovemike
ilovemike!
ilovemike1
ilovemike2
ilovemom
ilovemom!
ilovemom1
ilovemom12
ilovemom2
ilovemommy
ilovemoney
ilovemum
ilovemusic
ilovemybab
ilovemybaby
ilovemyboo
ilovemyboy
ilovemycat
ilovemydad
ilovemydog
ilovemyfam
ilovemyfamily
ilovemyindia
ilovemykid
ilovemykids
ilovemylif
ilovemylife
ilovemymom
ilovemymother
ilovemymum
ilovemysel
ilovemyself
ilovemysis
ilovemyson
ilovemyspa
ilovemywif
ilovemywife
ilovenick
ilovenick!
ilovenick1
ilovenick2
ilovenikki
iloveno1
iloveny1
ilovepat
ilovepaul
ilovepaul1
ilovepie
ilovepie1
ilovepink
ilovepink1
ilovepizza
iloveporn
ilovepussy
ilovericky
iloverob
iloverob1
iloverock
iloveryan
iloveryan!
iloveryan1
ilovesam
ilovesam!
ilovesam1
ilovesara
ilovesara1
ilovesarah
ilovescott
ilovesean
ilovesean1
ilovesex
ilovesex1
ilovesex2
ilovesex69
iloveshane
iloveshawn
iloveshoes
ilovesocce
ilovesoccer
ilovesome1
ilovesos
ilovesos1
ilovesteph
ilovesteve
ilovetaylo
ilovethisgame
ilovetim
ilovetim1
ilovetom
ilovetom1
ilovetony
ilovetony1
ilovetyler
iloveu
iloveu01
iloveu07
iloveu08
iloveu09
iloveu10
iloveu101
iloveu11
iloveu12
iloveu123
iloveu1234
iloveu13
iloveu14
iloveu143
iloveu15
iloveu16
iloveu17
iloveu18
iloveu21
iloveu22
iloveu23
iloveu24
iloveu4eva
iloveu4eve
iloveu69
iloveu88
iloveubaby
iloveumummy
iloveweed
iloveweed1
ilovewill
ilovewill1
ilovey0u
iloveyew
iloveyou
iloveyou!
iloveyou!!
iloveyou*
iloveyou.
iloveyou..
iloveyou0
iloveyou00
iloveyou01
iloveyou02
iloveyou03
iloveyou04
iloveyou05
iloveyou06
iloveyou07
iloveyou08
iloveyou09
iloveyou1
iloveyou10
iloveyou11
iloveyou12
iloveyou123
iloveyou1234
iloveyou13
iloveyou14
iloveyou143
iloveyou15
iloveyou16
iloveyou17
iloveyou18
iloveyou19
iloveyou2
iloveyou20
iloveyou21
iloveyou22
iloveyou23
iloveyou24
iloveyou25
iloveyou26
iloveyou27
iloveyou28
iloveyou29
iloveyou3
iloveyou30
iloveyou31
iloveyou32
iloveyou33
iloveyou34
iloveyou4
iloveyou42
iloveyou44
iloveyou45
iloveyou4e
iloveyou4ever
iloveyou5
iloveyou55
iloveyou56
iloveyou6
iloveyou66
iloveyou69
iloveyou7
iloveyou77
iloveyou78
iloveyou8
iloveyou87
iloveyou88
iloveyou89
iloveyou9
iloveyou90
iloveyou91
iloveyou92
iloveyou93
iloveyou94
iloveyou95
iloveyou96
iloveyou97
iloveyou98
iloveyou99
iloveyou<3
iloveyoual
iloveyouba
iloveyoubaby
iloveyouda
iloveyouf
iloveyoufo
iloveyouja
iloveyoujo
iloveyouma
iloveyoumo
iloveyouso
iloveyousomuch
iloveyouto
iloveyoutoo
iloveyouu
iloveyouu1
iloveyoux3
ilovezac1
ilovezach
ilovezach1
ilovezack1
iluvchris1
iluvgod1
iluvher1
iluvhim!
iluvhim1
iluvhim2
iluvjesus
iluvjesus1
iluvme123
iluvmlml
iluvmom1
iluvmymom1
iluvmyself
iluvsum1
iluvu123
iluvu4eva
iluvu4ever
iluvyou!
iluvyou1
iluvyou2
ily4ever
ilya_al_80
imabeast
imabeast1
imabitch
imabitch1
image
imagination
imagine
imagine1
imaloser
imaloser1
imapimp1
imaslut1
imation
imation1
imawesome
imawesome1
imback
imbored1
imcool12
imcool123
imgay123
iminlove
iminlove1
iminlove2
imissyou
imissyou!
imissyou1
imissyou2
immaculate
immanuel
immortal
immortal1
imnumber1
impact
impala
impala64
impalass
imperator
imperial
imperial1
imperium
implants
important
important1
imposible
impossible
impression
impretty
impreza
impreza1
impulse1
impulse101
imran123
imrankhan
imsingle
imsocool
imsocool1
imsofly1
imsohood1
imsohot1
imsosexy
imthebest
imthebest1
imtheman
imtheman1
imtheone
imtheshit1
imyaimyaimya
in2806rbk
inactive1996aug
incase322
inception
incest
inchallah
incognito
incognito1
incoming
incomplete
incorrect
incorrect1
increase
incredible
incubus
incubus1
indain
independen
independence
independent
independiente
index0088
india
india123
india1234
india1947
india321
indian
indian12
indian123
indiana
indiana1
indianajones
indianalib
indianer
indians
indians1
indigo
indochine
indon
indonesia
indonesia1
industrial
industry
indy
indya123
indya123d
indycar
ineedajob
ineedlove
ineedmoney
ineedyou
infamous
infamous1
infantry
infantry1
infected
infernal
inferno
inferno1
inferno666
infierno
infinite
infinite1
infiniti
infiniti1
infinito
infinity
infinity1
infinity8
infirmiere
inflames
inflames1
info
infoinfo
informatica
informatika
informatio
information
informatique
infotech
ingeborg
ingegnere
ingenieria
ingeniero
ingenieur
inglaterra
inglewood
ingo10477
ingoditrust
ingodwetrust
ingrid
inibif47
initiald
initiald09
inkognito
inlinked
inlove07
inlove08
inlove09
inlove12
inlove123
inlove13
inlovewith
inmaculada
inmortal
innainna
innamorata
innocence
innocent
innocent1
innocuous
innov8510
innovation
innovision
innuendo
insane
insanity
insanity1
insecure
insert
insertion
insertions
inshallah
inside
insider
insight
insight1
insignia
insomnia
insomnia1
insomniac
inspector
inspector1
inspiration
inspire1
inspired
inspiron
inspiron1
install
instant
instant1
instinct
institute
instructor
instrument
insurance
insurance1
integra
integra1
integral
integrity
integrity1
intel
intel123
inteligente
intelinside
intelligent
intense1
inter
inter123
inter1908
interacial
intercourse
interdit
interest
interesting
interests
interface
interior
interiors
interista
intermilan
intern
internacional
internal
internatio
international
internazionale
internet
internet!
internet.
internet01
internet1
internet11
internet12
internet123
internet2
internet3
internet5
internet7
interpol
interpol1
intheend
intimate
intj3a
intranet
intrepid
intrepid1
intrigue
intruder
intruder1
intuition
inuyasha
inuyasha!
inuyasha.
inuyasha1
inuyasha10
inuyasha11
inuyasha12
inuyasha123
inuyasha13
inuyasha15
inuyasha2
inuyasha3
inuyasha5
inuyasha6
inuyasha7
invader1
invaderzim
invasion
inventor
inverness
invest
investment
investor
invictus
invincible
invis
invisible
invisible1
invu4uraqt
iomega
iopjkl12
iphone123
iphone3g
iphone3gs
iphone4s
ipodnano
ipodnano1
ipodtouch
ipodtouch1
ipswich
ipswich1
iqzzt580
ira.klopot
ira202909
ireland
ireland1
ireland2
ireland3
ireland7
irene
irene123
irfan123
irina123
irina280374
irinabrig
irish
irish1
irish123
irishman
irochka-ova
irock101
irock123
iron
ironfist
ironhead
ironhorse
ironmaiden
ironman
ironman1
ironman12
ironman123
ironman2
ironman3
irule123
irving
isaac
isaac123
isabel
isabel01
isabel11
isabel12
isabel123
isabel13
isabel972
isabela1
isabelita
isabell1
isabella
isabella01
isabella07
isabella08
isabella09
isabella1
isabella10
isabella11
isabella12
isabella13
isabella2
isabella3
isabella4
isabella5
isabella7
isabelle
isabelle1
isacs155
isaiah
isaiah01
isaiah05
isaiah06
isaiah07
isaiah08
isaiah11
isaiah12
isaiah123
isaulov.a
iscool
iseedeadpeople
iseeyou2
ishmael
iskandar
iskander
islam123
islamabad
island
islander
islander1
islanders
islandgirl
islcollective
ismail123
israel
israel12
israel123
istanbul
istanbul1
istanbul34
istheman
isuckdick1
itachi123
italia
italia06
italia10
italia2006
italia90
italian
italian1
italiana
italiano
italiano1
italy
italy123
itdxtyrj
itiswell
itsallgood
itsasecret
itsme
itsme123
itsmylife
itsover1
ittybitty
ittybitty1
iubireamea
iurkeawov
iuytrewq
ivan
ivan1234
ivan1980
ivan1989
ivan1990
ivan1991
ivan1992
ivan1993
ivan1994
ivan1995
ivan1996
ivan2010
ivancito
ivanivan
ivankaterinchenko
ivanov2305
ivanovamotya
ivanovich
iverson
iverson03
iverson1
iverson23
iverson3
ivor631996
iw14fi9j
iw14fi9jwqa
iw14fi9jxl
iwantsex
iwantu
iwantyou
iwantyou1
iwashere
iwillwin
ixrhx2xc87
izabella
izabella1
j0nathan
j1234567
j12345678
j123456789
j1v1fp2bxm
j38ifubn
j3nn1f3r
j3nnif3r
j3nnifer
j3qq4h7h2v
j4n4jel4
j5644574
j7777777
j8675309
ja123456
ja8xb7txr8
ja8yc7txs8
ja8yc8uxsx
jabalpur
jabber
jabberwocky
jabroni
jabroni1
jabulani
jacaranda
jachin
jacinta1
jack
jack1
jack1234
jack12345
jack2000
jack2005
jack2006
jack2007
jack2008
jack2009
jack2010
jack5225
jackal
jackandjill
jackaroo
jackass
jackass!
jackass.
jackass01
jackass1
jackass101
jackass11
jackass12
jackass123
jackass13
jackass2
jackass22
jackass23
jackass3
jackass4
jackass5
jackass69
jackass7
jackass9
jackbauer
jackblack
jackblack1
jackdaniel
jackdaniels
jackdog1
jacket
jacket025
jackets1
jackfrost
jackhammer
jackie
jackie01
jackie08
jackie09
jackie10
jackie11
jackie12
jackie123
jackie13
jackie14
jackie15
jackie16
jackie17
jackie18
jackie21
jackie22
jackie23
jackie69
jackiechan
jackjack
jackjack1
jackjill
jackman1
jackmore1
jackoff
jackoff1
jackpot
jackpot1
jackrabbit
jackryan
jackson
jackson!
jackson.
jackson01
jackson05
jackson06
jackson07
jackson08
jackson09
jackson1
jackson10
jackson11
jackson12
jackson123
jackson13
jackson14
jackson2
jackson21
jackson22
jackson23
jackson24
jackson3
jackson4
jackson5
jackson6
jackson7
jackson8
jackson9
jacksonville
jacksparrow
jackster
jacky123
jacob
jacob1
jacob101
jacob123
jacob1234
jacobblack
jacobs
jacqueline
jacques
jacques1
jadakiss
jadakiss1
jadawera
jade
jade1234
jadebibou
jadejade
jaden123
jadensmith
jaeger
jaejoong
jafjkshf7y6w34rjd
jagannath
jagger
jaguar
jaguar1
jaguar12
jaguar123
jaguares
jaguars
jaguars1
jahbless
jaiganesh
jaigurudev
jaihanuman
jailbird
jailbird1
jaimatadi
jaimatadi1
jaimataki
jaime
jaime123
jaisairam
jaishreeram
jaishriram
jaisriram
jajajaja
jakarta
jakarta1
jakarta10
jake
jake1234
jake2000
jake2006
jake2008
jake5253
jakedog1
jakejake
jakejake1
jakester
jakester1
jakeyboy
jalapeno
jalisco1
jalisco13
jamaica
jamaica1
jamaica12
jamaica123
jamaica2
jamaica7
jamaican
jamaican1
jamal123
jamboree
james
james007
james1
james101
james111
james123
james1234
james12345
james143
james2007
james2008
james2009
james2010
james420
james666
jamesbon
jamesbond
jamesbond0
jamesbond007
jamesbond1
jamesbond7
jamesbrown
jamesdean
jamesdean1
jamesjames
jameslee
jameson
jameson1
jamess
jamestown
jamezerazz
jamie
jamie1
jamie123
jamielee
jamielynn
jamieson
jamiroquai
jamison1
jammer
jammin
jamrock1
jamshedpur
janajana
jandikkz
jandre007
jane
jane1234
janejane
janelle
janelle1
janessa1
janet
janet123
janette1
janganlupa
janice
janice123
janine
janiyah1
janjanjan
jannaarhipova
jansport
jansport1
january
january01
january08
january09
january1
january10
january11
january12
january13
january14
january15
january16
january17
january18
january19
january2
january20
january21
january22
january23
january24
january25
january26
january27
january28
january29
january3
january30
january31
january4
january5
january6
january7
january8
january9
japan
japan123
japanees
japanes
japanese
japanese1
japanese92
japierdole
jaqueline
jaqueline1
jaramillo
jared
jared123
jaredleto
jaredleto1
jarhead
jarhead1
jarjar
jaroslav
jarox1301!
jarrett
jarrett1
jarrett88
jarrod
jarvis
jasmin
jasmin-ris
jasmin01
jasmin11
jasmin12
jasmin123
jasmin13
jasmina1
jasmine
jasmine!
jasmine.
jasmine01
jasmine02
jasmine03
jasmine04
jasmine05
jasmine06
jasmine07
jasmine08
jasmine09
jasmine1
jasmine10
jasmine101
jasmine11
jasmine12
jasmine123
jasmine13
jasmine14
jasmine15
jasmine16
jasmine17
jasmine18
jasmine19
jasmine2
jasmine20
jasmine21
jasmine22
jasmine23
jasmine24
jasmine29
jasmine3
jasmine4
jasmine5
jasmine6
jasmine69
jasmine7
jasmine8
jasmine9
jasmine99
jason
jason1
jason101
jason123
jason1234
jason143
jason420
jasonjason
jasonlee
jasons
jasper
jasper01
jasper08
jasper09
jasper10
jasper11
jasper12
jasper123
jasper13
jasper21
jasper22
jasper23
jasper99
jaspreet
jaspyb1990
java
javajava
javelin
javier
javier01
javier10
javier11
javier12
javier123
javier13
javier15
javier23
jaw138whet330
jawbreaker
jay12345
jayanthi
jayashree
jayasree
jaybird
jaybird1
jayden
jayden01
jayden02
jayden03
jayden04
jayden05
jayden06
jayden07
jayden08
jayden09
jayden10
jayden11
jayden12
jayden123
jayden13
jayden21
jayden22
jayden23
jayhawk
jayhawk1
jayhawks
jayhawks1
jayjay
jayjay01
jayjay10
jayjay11
jayjay12
jayjay123
jayjay13
jayjay14
jayjay22
jayjay23
jaylynn1
jayman
jaymataji
jayshree
jayson
jazmin12
jazmin123
jazmine1
jazmine2
jazz
jazz1234
jazzbass
jazzjazz
jazzman
jazzman1
jazzmin1
jazzmine
jazzmine1
jazzy
jazzy101
jazzy123
jb123456
jbgr3v7n3b
jbond007
jc123456
jcdenis1
jcfs32014
jd123456
jdd04257
jdnazp972x
jdq4j8lu3a
jealous1
jean
jean1234
jeancarlos
jeanclaude
jeanette
jeanette1
jeanine1
jeanjean
jeanlouis
jeanmarc
jeanmarie
jeanne
jeannette
jeannette1
jeannie
jeannie1
jeannine
jeanpaul
jeanpierre
jedi
jedidiah
jediknig
jediknight
jedimaster
jeep
jeeper
jeepers
jeepers1
jeepjeep
jeepster
jeetkunedo
jeferson
jeff
jeff1234
jefferso
jefferson
jefferson1
jefferson2
jeffery
jeffery1
jeffgordon
jeffhardy
jeffhardy1
jeffhardy2
jeffjeff
jeffrey
jeffrey1
jeffrey12
jeffrey123
jeffrey2
jeffrey3
jeffrey7
jehovah1
jehovah7
jeka-ka85
jekan860803
jello
jello123
jelly
jelly123
jellybaby
jellybea
jellybean
jellybean!
jellybean1
jellybean2
jellybean3
jellybean7
jellybeans
jellybelly
jellyfish
jellyfish1
jellytots
jemoeder
jemoeder1
jenifer
jenifer1
jeniffer
jenjen
jenkins
jenkins1
jenn
jenn1fer
jenn5366
jenna
jenna123
jennaj
jenni123
jennie
jennifer
jennifer!
jennifer.
jennifer01
jennifer07
jennifer08
jennifer09
jennifer1
jennifer10
jennifer11
jennifer12
jennifer123
jennifer13
jennifer14
jennifer15
jennifer16
jennifer17
jennifer18
jennifer19
jennifer2
jennifer20
jennifer21
jennifer22
jennifer23
jennifer24
jennifer25
jennifer3
jennifer4
jennifer5
jennifer6
jennifer69
jennifer7
jennifer8
jennifer88
jennifer9
jennings
jennings1
jennjenn
jenny
jenny1
jenny101
jenny123
jenny1234
jennyfer
jennylyn
jensen
jeopardy
jeremiah
jeremiah1
jeremiah12
jeremiah2
jeremiah29
jeremiah2911
jeremiah3
jeremiah7
jeremias
jeremy
jeremy01
jeremy06
jeremy07
jeremy08
jeremy09
jeremy1
jeremy10
jeremy11
jeremy12
jeremy123
jeremy13
jeremy14
jeremy15
jeremy16
jeremy17
jeremy18
jeremy21
jeremy22
jeremy23
jeremy24
jeremy69
jericho
jericho1
jerk
jerkface
jerkface1
jerkoff
jerkoff1
jerky
jermaine
jermaine1
jerome
jerome12
jerome123
jeronimo
jerrey232x
jerry
jerry1
jerry123
jerrylee
jersey
jersey12
jerseygirl
jerusalem
jerusalem1
jesaispas
jess
jess1234
jess5377
jesse
jesse1
jesse101
jesse123
jesse1234
jessejames
jessi123
jessica
jessica!
jessica.
jessica0
jessica00
jessica01
jessica02
jessica03
jessica04
jessica05
jessica06
jessica07
jessica08
jessica09
jessica1
jessica10
jessica101
jessica11
jessica12
jessica123
jessica13
jessica14
jessica15
jessica16
jessica17
jessica18
jessica19
jessica2
jessica20
jessica21
jessica22
jessica23
jessica24
jessica25
jessica26
jessica27
jessica28
jessica3
jessica33
jessica4
jessica5
jessica6
jessica69
jessica7
jessica77
jessica8
jessica87
jessica88
jessica89
jessica9
jessica90
jessica91
jessica92
jessica93
jessica94
jessica95
jessica99
jessie
jessie01
jessie07
jessie08
jessie09
jessie10
jessie11
jessie12
jessie123
jessie13
jessie14
jessie15
jessie16
jessie21
jessie22
jessie23
jessie69
jessika1
jessjess
jessy123
jester
jesucristo
jesuisla
jesus
jesus001
jesus007
jesus1
jesus100
jesus101
jesus111
jesus123
jesus1234
jesus12345
jesus143
jesus1st
jesus2000
jesus2006
jesus2007
jesus2008
jesus2009
jesus2010
jesus2011
jesus247
jesus316
jesus333
jesus4ever
jesus4life
jesus4me
jesus666
jesus777
jesuschris
jesuschrist
jesuschrist1
jesuscrist
jesuscristo
jesusfreak
jesusgod
jesusis#1
jesusis1
jesusislor
jesusislord
jesusislove
jesusito
jesusjesus
jesuslives
jesuslord
jesuslove
jesuslove1
jesusloveme
jesusloves
jesuslovesme
jesusmary
jesusmeama
jesusrocks
jesusrules
jesussaves
jesusteama
jesusteamo
jet'aime
jetaime1
jetbalance
jeter2
jethro
jets
jetski
jetsmets
jetta
jettavr6
jewel
jewel123
jewell
jewelry1
jewels
jewish
jezebel
jezebel1
jfgvcqbuzug
jg3h4hfn
jgordon24
jgthfnjh
jh5thrwgefsdfs
jhonatan
jhoncena
jhonjhon
ji394su3
jian
jianfei000
jiang
jiang520
jiang8kevin
jianjian
jiao
jibopogie
jiefang007
jiefang998
jigga
jiggaman
jiggaman1
jigglypuff
jilipollas
jill
jillian
jillian1
jillybean
jimbeam
jimbeam1
jimbo
jimbo1
jimbo123
jimbob
jimboy123
jimenez1
jimi
jimihendrix
jimjim
jimjones
jimjones1
jimmie
jimmie48
jimmorrison
jimmy
jimmy1
jimmy123
jimmy1234
jimmyboy
jimmyjimmy
jimmypage
jimmys
jing
jingjing
jingle
jingles
jingles1
jinkazama
jiong
jitendra
jitterbug
jitterbug1
jiujitsu
jiujitsu1
jiushiaini
jj123456
jjcg16dj5k
jjjj
jjjjj
jjjjj1
jjjjjj
jjjjjj1
jjjjjjj
jjjjjjjj
jjjjjjjjj
jjjjjjjjjj
jk123456
jkiuztdftl57
jktctymrf
jlbyjxrf
jlbyjxtcndj
jledfyxbr
jm123456
jmfxl78nhe
jmfxl78phe
jnkwear1
jo9k2jw2
joan
joaninha
joanna
joanna12
joanna123
joanne
joanne123
joaopaulo
joaopedro
joaovitor
joaquin1
jobsearch
jobsearch1
jobseeker
jobshop2002
jocelyn
jocelyn1
jocelyne
jockey
jodie123
joe123
joe12345
joeblack
joeblow
joebob
joeboxer
joecool
joecool1
joedirt1
joejoe
joejoe12
joejoe123
joejoejoe
joejonas
joejonas!
joejonas1
joejonas12
joejonas2
joel
joel1234
joelle
joelmadden
joemalyn15
joemama
joemama1
joey
joey1234
joeyjoey
jogabonito
johan123
johann
johanna
johanna1
johannes
johannes1
john
john!20130605at1753
john0316
john1
john1010
john123
john1234
john12345
john123456
john2567
john316
john3:16
john5646
john7502gee
johnathan
johnathan1
johnathon
johnathon1
johnboy
johnboy1
johncarlo
johncena
johncena!
johncena01
johncena1
johncena10
johncena11
johncena12
johncena13
johncena2
johncena23
johncena3
johncena5
johncena54
johncena7
johncena8
johncena9
johndavid
johndeer
johndeer1
johndeere
johndeere1
johndeere2
johndoe
johndoe1
johngalt
johnjohn
johnjohn1
johnlennon
johnlock
johnmark
johnmayer
johnmish
johnnie
johnnie1
johnny
johnny01
johnny07
johnny08
johnny1
johnny10
johnny11
johnny12
johnny123
johnny13
johnny14
johnny15
johnny16
johnny18
johnny1959
johnny21
johnny22
johnny23
johnny5
johnny55
johnny69
johnny77
johnny99
johnnyboy
johnnyboy1
johnnycash
johnnydepp
johnpaul
johnpaul1
johnsmith
johnson
johnson1
johnson11
johnson12
johnson123
johnson2
johnson3
johnson4
johnson48
johnson5
johnson7
johnston
johnston1
johnwayne
johnwayne1
jojo
jojo1234
jojojo
jojojojo
joke
joker
joker007
joker1
joker101
joker123
joker1234
joker420
joker666
joker777
jokerjoker
jokerman
jokers
jolene
jolinek33
jollibee
jolly
jolly123
jollyroger
jomacapa
jomama
jonas
jonas101
jonas123
jonasbros1
jonasbroth
jonasbrothers
jonathan
jonathan!
jonathan.
jonathan01
jonathan07
jonathan08
jonathan09
jonathan1
jonathan10
jonathan11
jonathan12
jonathan123
jonathan13
jonathan14
jonathan15
jonathan16
jonathan17
jonathan18
jonathan19
jonathan2
jonathan20
jonathan21
jonathan22
jonathan23
jonathan3
jonathan4
jonathan5
jonathan6
jonathan69
jonathan7
jonathan8
jonathan9
jonathon
jonathon1
jonbonjovi
jonboy
jones
jones1
jones123
jonesy
jongjong
jonjon
jonny
jonny123
jonnyboy
jopajopa
jor23dan
jordan
jordan00
jordan01
jordan02
jordan03
jordan04
jordan05
jordan06
jordan07
jordan08
jordan09
jordan1
jordan10
jordan101
jordan11
jordan12
jordan123
jordan1234
jordan13
jordan14
jordan15
jordan16
jordan17
jordan18
jordan19
jordan20
jordan21
jordan22
jordan23
jordan2323
jordan2345
jordan24
jordan25
jordan26
jordan27
jordan28
jordan29
jordan32
jordan33
jordan34
jordan44
jordan45
jordan55
jordan69
jordan77
jordan88
jordan89
jordan90
jordan91
jordan92
jordan93
jordan94
jordan95
jordan96
jordan97
jordan98
jordan99
jordans1
jordans23
jorden23
jordon
jordon23
jorge
jorge123
jorgeluis
jorgito1
jose
jose1234
jose12345
jose123456
jose1995
joseangel
joseantonio
josecarlos
josefina
josefina1
josefine
josejose
joselito
joselito1
joseluis
joseluis1
joselyn1
josemanuel
josemaria
josemiguel
joseph
joseph00
joseph01
joseph02
joseph03
joseph04
joseph05
joseph06
joseph07
joseph08
joseph09
joseph1
joseph10
joseph11
joseph12
joseph123
joseph1234
joseph13
joseph14
joseph15
joseph16
joseph17
joseph18
joseph19
joseph20
joseph21
joseph22
joseph23
joseph24
joseph25
joseph69
joseph77
joseph88
joseph89
joseph99
josephin
josephine
josephine1
josesito
josette1
josh
josh1234
joshjosh
joshua
joshua00
joshua01
joshua02
joshua03
joshua04
joshua05
joshua06
joshua07
joshua08
joshua09
joshua1
joshua10
joshua11
joshua12
joshua123
joshua1234
joshua13
joshua14
joshua15
joshua16
joshua17
joshua18
joshua19
joshua20
joshua21
joshua22
joshua23
joshua24
joshua25
joshua26
joshua27
joshua28
joshua69
joshua77
joshua88
joshua89
joshua95
joshua96
joshua97
joshua98
joshua99
josiah
josie
josie123
josue123
joung
journalist
journey
journey1
joyce
joyce123
joyjoy
joystick
jp123456
jp72l05w
jr123456
jr1234567
jrcfyjxrf
js123456
jsbach
juan
juan1234
juancamilo
juancarlos
juancito
juandavid
juandiego
juanita
juanita1
juanito1
juanjose
juanjuan
juanluis
juanmanuel
juanmiguel
juanpablo
juanpablo1
jubilee
jubilee1
judaspriest
judge
judgement
judith
judy
juggalette
juggalo
juggalo1
juggalo123
juggalo13
juggalo17
juggalo2
juggalo420
juggalo6
juggalo666
juggalo69
juggernaut
jughead
jughead1
juice
juice123
juicebox
juicebox1
juicy
juicy123
juicyfruit
juju
juju1987
jujubean
jujubee1
jujujuju
jujuvivi
jukebox1
jules
julia
julia.olga
julia123
julia_eduardovna
juliadronina1996
juliajulia
julian
julian01
julian05
julian06
julian07
julian08
julian09
julian10
julian11
julian12
julian123
julian13
julian14
julian15
julian1705
julian22
julian23
juliana
juliana1
juliana123
julianna
julianna1
julianne
julianne1
julie
julie1
julie123
julie2811
julieann
julieanne
julien
julienne
juliet
juliet123
julieta1
julietta
juliette
juliette1
julija2010x
julio
julio123
juliocesar
julissa1
julius
julius123
july
july0788
july1980
july1982
july1983
july1984
july1985
july1986
july1987
july1988
july1989
july1990
july1991
july1992
july1993
july1994
july1995
july1996
july1997
july2004
july2005
july2006
july2007
july2008
july2009
july2801!
jumanji1
jumbo
jump
jump4joy
jumper
jumping1
jumpjump
jumpman1
jumpman23
jumpoff1
jumpstart
jumpstyle
junction
jundian2011xr
june
june1979
june1980
june1981
june1982
june1983
june1984
june1985
june1986
june1987
june1988
june1989
june1990
june1991
june1992
june1993
june1994
june1995
june1996
june1997
june1998
june1999
june2000
june2002
june2003
june2004
june2005
june2006
june2007
june2008
june2009
june2010
juneau
junebug
junebug1
junebug2
junejune
jungfrau
jungle
junglist
junior
junior00
junior01
junior02
junior03
junior04
junior05
junior06
junior07
junior08
junior09
junior1
junior10
junior11
junior12
junior123
junior1234
junior13
junior14
junior15
junior16
junior17
junior18
junior19
junior20
junior21
junior22
junior23
junior24
junior25
junior26
junior27
junior28
junior33
junior420
junior69
junior77
junior88
junior99
juniper
juniper1
junk
junkfood
junkie
junkjunk
junkmail
junkmail1
junkyard
junkyard1
jupiter
jupiter1
jupiter2
jupiter5
jupiter7
jurassic
jurassic5
just4fun
just4me
just4now
just4you
justblaze1
justdance
justdoit
justdoit1
justforfun
justforme
justforyou
justice
justice01
justice1
justice11
justice12
justice123
justice2
justice3
justice4
justice7
justicia
justin
justin00
justin01
justin02
justin03
justin04
justin05
justin06
justin07
justin08
justin09
justin1
justin10
justin101
justin11
justin12
justin123
justin1234
justin13
justin14
justin15
justin16
justin17
justin18
justin19
justin20
justin21
justin22
justin23
justin24
justin25
justin26
justin27
justin28
justin31
justin33
justin69
justin77
justin87
justin88
justin89
justin91
justin92
justin94
justin95
justin96
justin97
justin98
justin99
justina1
justinbeib
justinbibe
justinbieb
justinbieber
justincase
justindrew
justine
justine1
justine123
justinlove
justintime
justlooking
justlove
justme
justme12
justme123
justus
justyna1
justynka
juvenile
juvenile1
juventini
juventino
juventus
juventus1
juventus10
jxsgx2yd87
jys6wz
jysgy2yd87
jza90supra
k.,k.nt,z
k1234567
k12345678
k123456789
k1k2k3k4
k1mberly
k2010302
k25061405u
k2trix
k3zechmext
k3zedhmexs
k43a5vztox
k47rizxt2g
k7777777
k9g2xpce1e
ka_djkhjsy6
kaboom
kabouter
kacper123
kacperek
kadence1
kafedra_oisp
kagandahan
kahitano
kahlua
kahraman
kahuna
kaibigan
kaifer124
kaiser
kaitlin1
kaitlyn
kaitlyn1
kaitlyn12
kaitlyn123
kaitlyn2
kaitlyn3
kaitlyn7
kaitlynn
kaitlynn1
kajak
kaka1234
kakakaka
kakaroto
kakashi1
kakashi12
kakashi123
kakashi21
kakashka
kakka123
kalafior
kalamata
kalamazoo
kalambur
kalashnikov
kaleb123
kaleigh1
kalender
kalhonaho
kaliber44
kalifornia
kaligula
kalimantan
kalimera
kalimero
kalinina
kaliningrad
kalle123
kalleanka
kamal123
kamasutra
kamasutra1
kamazist.tsobenko
kambing1
kamehameha
kameleon
kamenrider
kameron1
kamikadze
kamikaze
kamikaze1
kamikazee
kamil123
kamil555
kamilek1
kamiloza
kamisama
kamogelo
kanchana
kandice1
kane
kang
kangar00
kangaroo
kangaroo1
kangaroo2
kangaroos
kangkang
kangourou
kanishka
kansas
kansascity
kantutan
kanyewest
kanyewest1
kapej111
kappa
kappa1911
kara
kara2711
karachi
karachi1
karachi123
karadeniz
karaganda
karakartal
karamelka
karan123
karandash
karaoke
karaoke1
karappinha
karate
karate12
karate123
karatedo
karateka
karatekid
karatekid1
kardelen
karebear
karebear1
karen
karen1
karen123
karencita
karenina
karim123
karin
karina
karina01
karina10
karina11
karina12
karina123
karina13
karina14
karina15
karine
karine73
karishma
karissa1
karl
karla123
karlita1
karlitos
karlmarx
karma
karma123
karnataka
karol123
karolcia
karolina
karolina1
karoline
karolinka
karolinka1
karpenko
kartal1903
karthick
karthika
kartoffel
kartoffelpuffer
kartoshka
karukera
karusev_spb
kasabian
kasablanka
kasandra
kasandra1
kasey123
kashmir
kashmir1
kashmoney1
kasia123
kasiunia
kasparov
kasper
kasper123
kaspersky
kassandra
kassandra1
kassidy1
katalina
katana
katarina
katarina1
katarzyna
katarzyna1
katasandi
katastrofa
kate
kate1234
katekate
katelyn1
katelyn12
katelyn2
katelynn
katelynn1
katerina
katerina1
katerine
katerinka
katharina
katharina1
katharine
katherin
katherine
katherine0
katherine1
katherine2
katherine3
katherine7
kathleen
kathleen1
kathleen12
kathmandu
kathmandu1
kathrina
kathrine
kathryn
kathryn1
kathy
kathy1
kathy123
kati-leva
katie
katie1
katie101
katie123
katie1234
katiebug
katiebug1
katmandu
katrin
katrina
katrina1
katrina12
katrina123
katrina2
katrinka
katushka
katya123
katyakatya
katyperry
katyusha
kaulitz1
kaulitz89
kawasaki
kawasaki1
kawasaki12
kawasaki7
kayaking
kaydence
kaydence1
kaydenlee
kaykay12
kaykay123
kayla
kayla101
kayla123
kayla1234
kaylee
kaylee01
kaylee06
kaylee07
kaylee08
kaylee11
kaylee12
kaylee123
kayleigh
kayleigh1
kaylynn1
kayseri38
kazakhstan
kazakova
kazanova
kazantip
kb9zc8uxtx
kbnthfnehf
kbpfdtnf
kcchiefs
kcj9wx5n
kdwcnpa362
keebler1
keegan
keenan
keeper
keepit100
keepitreal
keepout
keepout1
keepout8
keepsmiling
keerthana
kehinde1
keineahnung
keisha
keith
keith1
keith123
keksa12
kelantan
keller
kelley
kellie
kelly
kelly1
kelly101
kelly123
kelly1234
kellyann
kellykelly
kelsey
kelsey01
kelsey10
kelsey11
kelsey12
kelsey123
kelsey13
kelsey14
keluarga
kelvin
kelvin123
kendall
kendall1
kendall2
kendra
kendra12
kendra123
kendrick
kendrick1
keng
kenken
kennedi1
kennedy
kennedy1
kennedy12
kennedy123
kennedy2
kenneth
kenneth1
kenneth12
kenneth123
kenneth2
kenneth3
kenneth7
kennwort
kennwort1
kenny
kenny1
kenny123
kenobi
kenseth17
kenshi21
kenshin
kenshin1
kenshiro
kensington
kent
kentucky
kentucky1
kenwood
kenwood1
kenworth
kenworth1
kenyatta
kenyatta1
kenzie
kenzie11
kenzie12
kenzie123
kenzie14
kepompong
kerberos
kermit
kermit1
kernel
kerouac
kerrigan
kerry
kerry123
kerstin
kerstin1
keshawn1
kestrel
ketchup1
kevin
kevin1
kevin101
kevin123
kevin1234
kevin12345
kevinbg01
kevnwo128
keyblade
keyblade1
keyboard
keyboard1
keyshawn
keystone
keystone1
keywest
keywest1
kfcnjxrf
kfvgjxrf
khadija1
khadijah
khalid123
khan
khan1234
khankhan
khongbiet
khongnho
khuljasimsim
khushboo
kiara123
kibbles1
kick
kickass!
kickass1
kickass123
kickass2
kickball
kickboxer
kickboxing
kicker
kickflip
kickflip1
kidney
kidrock
kidrock1
kids
kids1234
kidskids
kiekeboe
kieran
kieran123
kiersten
kiersten1
kifj9n7bfu
kikakika
kikelomo
kikeunyw
kiki
kiki1234
kikiki
kikikiki
kikimora
kikiriki
kikokiko
kikugalanetroot
kikumaru
kilimanjaro
kilkenny
kill
kill1234
killa
killa123
killa187
killacam
killacam1
killah
killall1
killbill
killbill1
killbill2
killemall
killemall1
killer
killer00
killer007
killer01
killer07
killer08
killer09
killer1
killer10
killer100
killer101
killer11
killer12
killer123
killer1234
killer12345
killer13
killer14
killer15
killer16
killer17
killer18
killer187
killer19
killer20
killer21
killer22
killer23
killer24
killer25
killer27
killer321
killer33
killer34
killer420
killer44
killer45
killer55
killer56
killer66
killer666
killer69
killer77
killer777
killer78
killer87
killer88
killer89
killer90
killer91
killer911
killer92
killer93
killer94
killer95
killer96
killer98
killer99
killerbee
killerbee1
killerboy
killerin66
killerman
killerman1
killers
killers1
killers123
killers2
killian
killian1
killing1
killjoy
killjoy1
killkill
killkill1
killme
killme123
killme666
killmenow
killswitch
killyou1
killzone
killzone1
killzone2
kilokilo
kilroy
kim12345
kimball
kimber
kimber45
kimberley
kimberley1
kimberly
kimberly01
kimberly1
kimberly10
kimberly11
kimberly12
kimberly13
kimberly2
kimberly3
kimberly5
kimberly7
kimerald
kimikimi
kimkim
kimmie
kimmy
kimmy123
kinder
kinderen
kindergarten
kindness
king
king1234
king12345
king123456
king4life
kingarthur
kingcobra
kingdavid
kingdom
kingdom1
kingdom12
kingdom123
kingdom2
kingdom7
kingdomhea
kingdomhearts
kingdomhearts2
kingfish
kingfish1
kingfish11
kingfisher
kingjames
kingjames1
kingjames2
kingjames23
kingkhan
kingking
kingking1
kingkong
kingkong1
kingkong12
kingkong2
kinglove
kinglove1
kinglove5
kingmaker
kingman1
kingofking
kingofkings
kingofpop
kingpin
kingpin1
kingrich
kings
kings123
kingsize
kingsley
kingsley1
kingston
kingston1
kingston12
kingsway
kingswood
kingtut1
kinky
kinomoto89
kinshasa
kinyabuzova.eleonora
kipper
kir-ettk
kirakira
kiran123
kirankumar
kirby
kirby123
kirienko_svetlana
kirik26trimyasov
kirill.kirillov.2013
kirill123
kirill1990
kirill1998
kirill999_97
kirk
kirkland
kirkland1
kirkwood
kirsten
kirsten1
kirstie1
kirstin1
kirsty
kisakisa
kiska123
kismet
kiss
kiss1234
kiss1947
kissa123
kissable
kissarmy
kissass1
kisses
kisses01
kisses11
kisses12
kisses123
kisses13
kisses22
kisses23
kisses4u
kisses69
kissing
kissing1
kisskiss
kisskiss1
kisskiss12
kisskiss2
kisslove
kissme
kissme11
kissme12
kissme123
kissme13
kissme22
kissme23
kissme69
kissmebaby
kissmoko
kissmyass
kissmyass!
kissmyass1
kissmyass2
kissthis
kissthis1
kitchen
kitchen1
kiteboy
kitesurf
kitkat
kitkat11
kitkat12
kitkat123
kitkat13
kitsune1
kitten
kitten01
kitten10
kitten11
kitten12
kitten123
kitten13
kitten22
kitten69
kittens
kittens1
kittens12
kittens123
kittens2
kittens3
kittie
kitties1
kitties2
kittiwake
kitty
kitty1
kitty101
kitty123
kitty1234
kitty666
kittycat
kittycat!
kittycat1
kittycat12
kittycat2
kittycat3
kittygirl
kittykat
kittykat1
kittykat12
kittykat2
kittykitty
kittylove
kittys
kiwi
kiwikiwi
kjhgfdsa
kjkszpj1
kjrjvjnbd
kk123456
kkkk
kkkkk
kkkkkk
kkkkkkk
kkkkkkkk
kkkkkkkkk
kkkkkkkkkk
kl098709
kl123456
klaatu
klaipeda
klapaucius
klaudia01
klaudia1
klaus
kleenex
kleenex1
kleopatra
klimenko
klinger1
klingon
klingon1
klondike
klondike1
klootzak
klopklop
klubnichka
klubnika
kluivert
kmzwa8awaa
kmzway87aa
knackwurst8853
knickerless
knickers
knicks
knicks33
knife
knight
knight01
knight1
knight11
knight12
knight123
knightrider
knights
knights1
knitting
knock
knockers
knockknock
knockout
knockout1
knopo4ka
knopochka
knowledge
knowledge1
knoxville
knoxville1
knuckles
knuckles1
knulla
koala123
koala_1995
koalabear
kobayashi
kobe
kobebryant
kobebryant24
kochamcie
kochamcie1
kochanie
kochanie1
kodabear
kodaira523
kodiak
kohinoor
kojak
kokakola
koko
koko1234
kokoko
kokokoko
kokoloko
kokomo
kokopelli
kokowawa
kolakola
kolawole
kolejorz
kolesnik
kolkol90
kolokolo
kolovrat
komarova
komltptfcorp
komnatnyy88
komodo
kompages4u
komputer
komputer1
komputer12
konakona
konfetina-kis
konfetka
kong
kongkong
konichiwa
konnichiwa
konstantin
kontol123
konyor
kool
kool-aid
kool1234
koolaid
koolaid1
koolaid2
kooldude
koolkat1
koolkid1
koolkool
koolsavas
kopa1961
kopernik
kopretina
kordell1
korean
korn
korn1234
kornelia
kornkorn
korokozabr
koroleva
korostelev_3333
koshechka
kosova123
kostroma
kotaku
koteczek
kotikova_n_m
kotkova37
kotmichanik
kotopes_o
kotova.69
kotova_74
kotovam85
kotovas-70
kotovichvalentina
kottayam
kotya_bagdan
koupelna
kourtney
kourtney1
kovalenko
kovaleva
kovalevagn2057
kovalienko63
kovalskaya-t
kovrnatasha
kovshikova1981
kowalski
kp9v1ro7lh
kpkp1ee9w
kr6sjhs412
kraftwerk
kram
kramer
krasavchik
krasavica
krasnodar
krasotka
kravchenko
kretsaha53
krick.bk
kris
kris1234
krish123
krishana
krishna
krishna1
krishna123
krishnaa
krishnan
krissy
krista
kristal1
kristall
kristen
kristen1
kristen12
kristen123
kristen2
kristen3
kristen7
kristi
kristian
kristian1
kristie
kristie1
kristin
kristin1
kristina
kristina1
kristina12
kristina2
kristine
kristine1
kristinka
kristofer
kristoffer
kristopher
kristy
krokodil
krokodyl
kronos
krusty
krypton
krypton1
kryptonite
krystal
krystal1
krystal2
krystian
krystian1
krystle1
krystyna
krystyna56
krzysiek
krzysiek1
krzysztof
ks120473
ksushapanda
kswbdu
ksyukha1990
ksyusha.kulagina.91
ksyuta76
kthfkthf
ktitymrf
ktnj2010
ktvt6tn9
ktybyuhfl
ktyecmrf
ktyfktyf
kuai
kuan
kuana230345
kuang
kubrick
kuchelaeva
kuchierova1994
kuchinovao
kucing123
kucingku
kudakova.83
kudielia.anna
kudrina1962
kudrjashova62
kudryavcevavalya
kugm7b
kujawka98
kukareku
kukatov86
kukuruku
kukuruza
kukushka
kulangot
kuliiev.79
kulikova
kulkarni
kumar123
kumar1989
kume
kundalini
kungfu
kunimi92
kuningan
kunkle70
kuponatora
kupukupu
kurakura
kurapika
kurdistan
kurdistan1
kurmangazieva_gulmira
kurniawan
kuroneko
kurosaki
kurt
kurtcobain
kurwa123
kurwamac
kurwamac1
kusanagi
kuznecovviktorr
kuzya-ser
kvartira
kwiatek1
kwiatuszek
kxdw0980
kyle
kyle1234
kyleigh1
kylekyle
kylie123
kyokushin
kytfy2xd97
kytfy2xd98
l0llip0p
l0vel0ve
l1234567
l12345678
l123456789
l1nk3d1n
l1nked1n
l1o2v3e4
l1qoh9wq2u
l1v3rp00l
l1verp00l
l1verpool
l2g7k3
l33tsupah4x0r
l58jkdjp!m
l6ho3tg7wb
l8v53x
la123456
labas123
labia
labirint
laboratorio
labrador
labrador1
labtec
labyrinth
lacey123
lachlan1
lachula1
lacoste1
lacrimosa
lacrimosa1
lacrosse
lacrosse1
lacrosse11
lacrosse12
lacrosse13
lacrosse2
lacrosse21
lacrosse22
lacrosse3
lacrosse4
lacrosse5
lacrosse7
lacrosse9
ladder
ladder49
laddie
ladies
ladiesman
ladiesman1
ladiesman2
lady
lady.procenko71
lady1234
ladybird
ladybird1
ladyblue
ladyboy
ladybug
ladybug!
ladybug01
ladybug08
ladybug1
ladybug10
ladybug11
ladybug12
ladybug123
ladybug13
ladybug2
ladybug22
ladybug3
ladybug4
ladybug5
ladybug6
ladybug7
ladybug8
ladybug9
ladybugs
ladybugs1
ladydog1
ladygaga
ladygaga1
ladygaga12
ladygirl
ladyinred
ladyjane
ladykiller
ladylady
ladylove
ladylove1
ladyluck
ladyluck1
ladysman1
laetitia
lafamilia
lafamilia1
lafayette
lafayette1
laffytaffy
lafouine
lafrance
lagartija
lager
lagnaf
lagrange
laguna
lagwagon
lahore123
lahoumti
laila123
lake
lakehouse
lakeland
lakeland1
lakers
lakers#1
lakers01
lakers08
lakers09
lakers1
lakers10
lakers11
lakers12
lakers123
lakers13
lakers15
lakers21
lakers22
lakers23
lakers24
lakers32
lakers33
lakers34
lakers88
lakeshore
lakeside
lakeside1
laketahoe
lakeview
lakeview1
lakewood
lakewood1
lakilaki
lakota
lakshmi1
lala
lala1234
lalakers
lalakers1
lalakers24
lalala
lalala11
lalala12
lalala123
lalala13
lalala22
lalala99
lalalala
lalalala1
lalalalala
lalaland
lalaland1
lamalama
lamar123
lambchop
lambchop1
lambda
lambert
lambert1
lambofgod
lambofgod1
lamborghin
lamborghini
lamborgini
lambretta
lambretta1
lamejor1
lamer
lamination
lamont
lampard08
lampard1
lampard123
lampard8
lampshade
lampshade1
lanalana
lancaster
lancaster1
lance
lance123
lancelot
lancelot1
lancer
lancers1
lancia
lancia037
land
landcruiser
lander
landlord
landmark
landon
landon01
landon05
landon06
landon07
landon08
landon09
landon12
landon123
landrover
landrover1
landscape
landscape1
lane
lang
langka04
langlang
langston
language
lanlan1234
lansing
lansing1
lantern
lanzarote
laobidenko
lapierre
lapochka
laptop
laptop12
laptop123
lara
lara1308
laracroft
laracroft1
laralara
large
larissa
larissa1
larissa123
larkin
larousse
larry
larry1
larry123
larrybird
larryboy
larson
larsson7
lasalle1
laser
laser1
laser123
laserjet
lashawn1
laspalmas
lassie
last
lastborn
lastchance
lastchaos
lastfm123
lastfmpass
lastname
lastochka
lastpass
lasttime
lasvegas
lasvegas1
lasvegas12
lasvegas2
lasvegas7
latasha1
lateralus
lateralus1
latex
latin
latina
latina12
latina123
latina13
latinas
latinking1
latinking5
latinlover
latino
latinoheat
latisha1
latitude
latitude1
latrell1
latrice1
laughing
laughing1
laughter
laughter1
laura
laura1
laura123
laura1234
laurel
laurel12creek
lauren
lauren00
lauren01
lauren02
lauren05
lauren06
lauren07
lauren08
lauren09
lauren1
lauren10
lauren11
lauren12
lauren123
lauren13
lauren14
lauren15
lauren16
lauren17
lauren18
lauren19
lauren21
lauren22
lauren23
lauren24
lauren69
lauren88
lauren99
laurence
laurence1
laurent
laurent1
laurentiu
lauretta
laurette
lauriane
laurie
laurinha
laurita1
lausanne
lavalamp
lavalamp1
lavander
lavender
lavender1
laverne1
lavidaesbella
lavidaloca
lavieestbelle
lavigne1
lawless1
lawman
lawnmower
lawnmower1
lawrence
lawrence1
lawrence2
lawson
lawyer
lax4life
layla123
layouts!
layouts.
layouts1
layouts123
lazareva
lazarus
lazarus1
lazio1900
lazy
lazyboy1
lback
lbfyjxrf
lbhtrnjh
lbvekmrf
lbvflbvf
lbyjpfdh
lc519qlpuu
lctstens
lcv7bry1cf
le_den_ec
leader
leadership
leandra1
leandro1
leandro123
leanne
leapfrog
learning
learning1
leather
leather1
leavemealo
leavemealone
lebanon1
lebedeva
lebesgue
lebowski
lebron23
lebronjame
lebronjames
lebronjames23
leckmich
lecturer
lectures
ledzep
ledzeppeli
ledzeppelin
lee12345
leeann
leeds
leeds123
leedsunited
leedsutd
leedsutd1
leelee
leelee12
leelee123
leeminho
leet1337
left
left4dead
left4dead2
lefthand
lefty
legacy
legalize
legend
legend01
legend12
legend123
legend22
legenda1
legendary
legendary1
legends
legends1
legia1916
legion
legioner
legman
legoland
legolas
legolas1
legolas2
legolego
legoman1
legos
legs
leicester
leicester1
leigh
leigh123
leighann
leighann1
leighton
leighton1
leilani1
leinad
lekker
lekkerding
leland
lelewa123
leliane50934
lemans
lemieux66
lemmein
lemmings
lemon
lemon123
lemonade
lemonade1
lemondrop
lemondrop1
lemonhead
lemonhead1
lemonlime
lemonlime1
lemons
lemons123
lemontree
len4ik31
len_nik44
len_rin_kagamine_02
lena1234
lena2010
lena5stars
lenalena
leng
leningrad
lennon
lennox
lenny
lenny123
lenochka
leo12345
leo123456
leoleoleo
leolong1985
leomessi
leomessi10
leon
leon1234
leonard
leonard1
leonardo
leonardo1
leonardo10
leonardo12
leonardo123
leonardo2
leoncino
leoncito
leonessa
leonhart
leonidas
leonidas1
leonleon
leopard
leopard1
leopard2
leopardo
leopards
leopold1
leopoldo
leothelion
leprechaun
leralera
lerochka
lerolero
leroy
leroy123
lesbain
lesbean
lesbens
lesbian
lesbian1
lesbian2
lesbian69
lesbiana
lesbians
lesbians1
lesbos
lesley
leslie
leslie01
leslie11
leslie12
leslie123
leslie13
lespaul
lespaul1
lessthan3
lestat
lester
lester123
lethal
leticia1
leticia123
letme1n
letmein
letmein!
letmein.
letmein0
letmein01
letmein1
letmein11
letmein12
letmein123
letmein2
letmein22
letmein3
letmein69
letmein7
letmein9
letmein99
letmeinn
letmeinnow
letmeout
letmesee
leto-nataly
leto2010
letsdoit
letsfuck
letsgetit1
letsgo
letsplay
letsrock
letter
letters
letters1
lettuce1
levana928
levenyatko2007
leverkusen
leviathan
levis501
levski1914
lewis
lewis123
lexa-let4ik
lexa.maxus
lexa290195
lexaafanasiev84
lexie123
lexingky
lexington
lexington1
lexir777
lexmark
lexmark1
lexor123
lexus
lexus123
lexus300
lexusis300
lfc4life
lfiekmrf
lfiflfif
lfitymrf
lfplhfgthvf
lfybkjdf
lgnu9d
lh6209lh
lh6rjx44qb
lhbjkjubz2957704
li123456
liaisons
lian
liang
liao
liarliar
liarliar1
libby123
libellula
libellule
libelula
liberate
liberation
liberdade
libertad
libertad1
libertas
libertine
liberty
liberty1
liberty123
liberty2
liberty7
libra123
librarian
library
library1
lichking
lick
licker
licking
lickit
lickme
lickme69
licorice
licorice1
liebling
life
life1234
lifeboat
lifegoeson
lifeguard
lifeguard1
lifehack
lifehouse
lifehouse1
lifeisgood
lifeislife
lifeless
lifelife
lifeline
liferocks
lifesgood
lifestyle
lifestyle1
lifesucks
lifesucks!
lifesucks1
lifesucks2
lifesux1
lifetime
lifetime1
light
light1
light123
lightblue
lightbulb
lightbulb1
lighter
lighter1
lightfoot
lighthou
lighthouse
lightimes
lighting
lighting1
lightnin
lightning
lightning1
lightning2
lightpower12345
lights
lightsaber
lightyear
likeaboss
likehouse
likemike
lilangel
lilangel1
lilbaby1
lilbear1
lilbit
lilbitch
lilbitch1
lilboosie
lilboosie1
lilchris
lilchris1
lilcutie1
lildaddy1
lildevil
lildevil1
lildude1
lilfizz1
lilflip1
lilgirl1
lili1234
lilian
liliana1
lilibeth
lililili
lilith
liljohn1
lilli2006
lillian
lillian1
lillian2
lilliana
lillie
lilliput
lilly
lilly123
lillypad
lilmama01
lilmama07
lilmama08
lilmama09
lilmama1
lilmama10
lilmama11
lilmama12
lilmama123
lilmama13
lilmama14
lilmama15
lilmama2
lilmama23
lilmama3
lilmama4
lilmama5
lilmama7
lilmamma1
lilman07
lilman08
lilman11
lilman12
lilman123
lilman13
lilman23
lilmike1
lilmomma
lilmomma1
lilmoney1
lilnigga1
lilolilo
lilone13
lilpimp1
lilromeo
lilsaint
lilsexy1
lilshorty1
lilwayne
lilwayne09
lilwayne1
lilwayne10
lilwayne11
lilwayne12
lilwayne13
lilwayne2
lilwayne23
lilwayne3
lilwayne4
lilwayne5
lilwayne7
lilweezy1
lily
lily1234
lilylily
lilypad1
lilyrose
limabean
limanlly
limaperu
limegreen
limegreen1
limegreen2
limelight
limerick
limestone
limewire
limewire1
limited
limited1
limited2
limonada
limonade
limpbizkit
limpone
linalina
lincogo1
lincoln
lincoln1
lincoln2
lincoln8187
linda
linda1
linda123
lindalinda
linden
lindinha
lindros
lindros88
lindsay
lindsay1
lindsay12
lindsay123
lindsay2
lindsay7
lindsey
lindsey!
lindsey1
lindsey12
lindsey123
lindsey2
lindsey3
lindsey7
line
lineage2
linebacker
lineman1
ling
lingerie
lingling
lingling1
link
link1234
link123456
link2011
linkbuild
linked01
linked11
linked123
linked1n
linked2011
linked4me
linkedin
linkedin.com
linkedin01
linkedin1
linkedin10
linkedin11
linkedin12
linkedin123
linkedin1234
linkedin13
linkedin2
linkedin2010
linkedin2011
linkedin2012
linkedin22
linkedin23
linkedin4me
linkedin69
linkedin7
linkedin77
linkedin8
linkedin99
linkedinlinkedin
linkedinpass
linkedinpassword
linkedinpw
linkedln
linkedout
linkedpass
linkin
linkin12
linkin123
linkinpark
linkinpark1
linklink
linkmein
linkpass
links
links123
links234
linksys1
linux
linux123
linwood1
lion
lion1234
lionel
lionelmessi
lioness1
lionhear
lionheart
lionheart1
lionking
lionking1
lionking2
lionlion
lions
lions123
lipgloss
lipgloss1
lipgloss12
lipgloss2
lipovv70
lips
lipstick
lipstick1
lipy110593
liquid
lisa
lisa1234
lisalisa
lisalisa1
lisamarie
lisamarie1
lisandro
lisbon67
lisenkogv
lisette1
lisichka
lisicyna704
lissette
lissette1
list
listen
lister
listopad
listopad.iuliia
lite
literatura
literature
lithium
lithium1
lithuania
litle
little
little1
little11
little12
little123
littleangel
littlebear
littlebit
littlebit1
littlebit2
littleboy
littleboy1
littled1
littledog
littlefoot
littlegirl
littleguy
littlelady
littlema
littleman
littleman1
littleman2
littleman3
littlemiss
littleone
littleone1
littlered
littlered1
littlestar
liu123456
liuchang
live
live2die
live2love
live2ride
live4ever
live4god
live4him
live4life
live4love
livefree
livelaughl
livelaughlove
livelife
livelife1
livelife2
livelove
livelove1
liverp00l
liverpoo
liverpool
liverpool!
liverpool.
liverpool0
liverpool01
liverpool05
liverpool08
liverpool09
liverpool1
liverpool10
liverpool11
liverpool12
liverpool123
liverpool1892
liverpool2
liverpool3
liverpool4
liverpool5
liverpool6
liverpool7
liverpool8
liverpool9
liverpoolf
liverpoolfc
lives
livestrong
livewire
livewire1
living
livinglife
livingston
lizaliza
lizard
lizard12
lizard123
lizardking
lizasp07
lizaveta
lizbeth1
lizette1
lizottes
lizzard
lizzard1
lizzie
lizzie01
lizzie12
lizzie123
lizzy
lizzy123
lj352d1ib31
ljames23
ljxtymrf
lk123456
lkj65b6666
lkjh
lkjhg
lkjhgf
lkjhgfds
lkjhgfdsa
lkjhgfdsa1
ll123456
llama123
llamas
llcoolj1
llewellyn
llll
lllll
llllll
lllllll
llllllll
llllllllll
lloyd
lloyd123
lm292979
lmapacey
lmfao123
lmnop123
load
loaded
lobkova.1979
lobo
lobster
lobster1
localoca
location
lochness
lock
lockdown
lockdown1
lockerroom
lockhart
lockheed
lockout
locks
locksmith
lockwood
loco
loco1234
locoloco
locomotive
locust
locutus
logan
logan1
logan123
logcabin
logger
logical1
login123
logistics
logitech
logitech1
logitech12
logitech123
logitech2
loirinha
loislane
lokaloka
loki
lokiloki
lokita13
lokoloko
lokomoko
lokomotiv
lokomotiva
lokoporti
lokote13
lol123123
lol12345
lol123456
lol123456789
lol123lol
lola
lola1234
lolalola
lolalola1
lolek123
lolipop
lolipop0
lolipop1
lolipop12
lolipop123
lolipop2
lolita12
lolita123
lolliepop
lolliepop1
lollies1
lollip0p
lollipop
lollipop!
lollipop.
lollipop0
lollipop00
lollipop1
lollipop10
lollipop11
lollipop12
lollipop123
lollipop13
lollipop2
lollipop3
lollipop5
lollipop69
lollipop7
lollipop8
lollipop9
lollipops
lollol
lollol11
lollol12
lollol123
lollollol
lollollol1
lolly123
lollypop
lollypop!
lollypop1
lollypop12
lollypop2
lolman123
lolo
lolo1234
lolol123
lololo
lololol1
lolololo
loloxx
lolsmileyf
lombard
lombardi
lombardo
london
london00
london01
london05
london06
london07
london08
london09
london1
london10
london11
london12
london123
london1234
london13
london20
london2008
london2009
london2010
london2011
london2012
london21
london22
london23
london24
london44
london55
london66
london77
london88
london99
londonboy
londoner
loneliness
lonely
lonelygirl
lonesome
lonestar
lonestar1
lonewolf
lonewolf1
long
longbeach
longbeach1
longboard
longboard1
longbow
longdick
longdong
longer
longfellow
longhair
longhair1
longhorn
longhorn1
longhorns
longhorns1
longhorns2
longhorns3
longhorns7
longisland
longjohn
longlegs
longlife
longlive
longlong
longshot
longtime
longview
longview1
longwood
lonnie
lonsdale
lonsdale1
looby123
look
lookatme
lookatme1
looker
lookin
looking
looking1
looking123
looking2
looking4
looking4u
lookingforlove
looklook
lookout
lookout1
loomis
looney
loop
loop1206ssdsff
looploop
loose
looser
looser123
lop1346781
lopas123
lopez
lopez123
loquesea
loquillo
lord
lord1234
lordjesus
lordjesus1
lordlord
lordoftherings
lordshiva
lordvader
loredana
lorena
lorena12
lorena123
lorenita
lorenzo
lorenzo1
lorenzo123
lorenzo2
loretta
loretta1
lori
lorik197110
lorikeet
lorraine
lorraine1
losangel
losangeles
losenord
loser
loser1
loser101
loser123
loser1234
loser12345
loser4life
loserface
loserface1
losers
lost
lost4815162342
lost4ever
lostlove
lostlove1
lostsoul
lostsoul1
lothlorien
lotion
lottery1
lottie
lotus
lotus123
lotusnotes
loud
louie
louie123
louis
louis123
louis12345
louise
louise01
louise11
louise12
louise123
louise13
louise14
louise21
louise22
louise23
louisiana
louisiana1
louisville
louisvuitton
loulou
loulou12
loulou123
loulou22
louloute
louloutte
lounge
lourdes1
lovable1
love
love&hate
love&lt:3
love1
love1004
love1010
love1111
love12
love1212
love123
love1234
love12345
love123456
love123456789
love1313
love1314
love1980
love1981
love1982
love1983
love1984
love1985
love1986
love1987
love1988
love1989
love1990
love1991
love1992
love1993
love1994
love1995
love1996
love1997
love1998
love1999
love1god
love1love
love2000
love2001
love2002
love2003
love2004
love2005
love2006
love2007
love2008
love2009
love2010
love2011
love2012
love2013
love2dance
love2fuck
love2hate
love2live
love2love
love2shop
love2sing
love2you
love4all
love4eva
love4ever
love4ever1
love4god
love4him
love4life
love4love
love4real
love4you
love5683
love69
love6969
love777321777
love7777
love_you
loveable
loveable1
loveable2
lovealways
loveandhate
loveandpeace
loveangel
loveangel1
lovebaby
lovebaby1
lovebird
lovebird1
lovebirds
lovebirds1
lovebites
loveboat
lovebug
lovebug!
lovebug1
lovebug10
lovebug101
lovebug11
lovebug12
lovebug123
lovebug13
lovebug2
lovebug22
lovebug3
lovebug4
lovebug5
lovebug69
lovebug7
lovebugs
lovebunny
lovecats
lovechild
lovechild1
lovecraft
lovedetoi
lovedove
lovefamily
loveforeve
loveforever
lovegame
lovegirl
lovegirl1
lovegod1
loveguru
lovehate
lovehate1
loveheart
loveher1
lovehim1
lovehim2
lovehina
lovehina1
lovehurt
lovehurts
lovehurts!
lovehurts1
lovehurts2
lovehurts3
loveindia
loveisall
loveisblin
loveisblind
loveisgod
loveisgood
loveislife
loveislove
loveispain
loveisreal
loveit
lovejesus
lovejesus1
lovejones
lovejoy
lovejoy1
lovekids
lovekills
lovekills1
lovekiss
lovekita
lovekoto
lovelace
loveland
loveless
loveless1
lovelife
lovelife!
lovelife1
lovelife12
lovelife2
lovelife3
lovelife7
loveline
lovelost
lovelove
lovelove!
lovelove1
lovelove12
lovelove123
lovelove2
lovelove3
lovelove7
lovelovelo
lovelovelove
lovely
lovely01
lovely07
lovely08
lovely09
lovely10
lovely101
lovely11
lovely12
lovely123
lovely1234
lovely13
lovely14
lovely15
lovely16
lovely17
lovely18
lovely19
lovely20
lovely21
lovely22
lovely23
lovely24
lovely25
lovely69
lovely77
lovely88
lovelyboy
lovelyday
lovelygirl
lovelylady
lovelyme
lovemama
loveme
loveme01
loveme07
loveme08
loveme09
loveme10
loveme101
loveme11
loveme12
loveme123
loveme1234
loveme13
loveme14
loveme143
loveme15
loveme16
loveme17
loveme18
loveme19
loveme20
loveme21
loveme22
loveme23
loveme24
loveme25
loveme33
loveme4eva
loveme4eve
loveme4ever
loveme4me
loveme69
loveme77
loveme88
loveme89
loveme99
lovemebaby
lovemedo
lovemenot
lovemenow
lovemom1
lovemoney
lovemonkey
lovemusic
lovemusic1
lovemybaby
lovemykids
lovemylife
lovemyself
loveone1
lovepeace
lovepeace1
lovepink
lovepink1
lovepussy
lovepussy1
lover
lover1
lover101
lover123
lover1234
lover12345
lover4ever
lover4life
loverboy
loverboy1
loverboy12
loverboy2
loverboy3
loverboy69
loverboy7
lovergirl
lovergirl1
lovergirl2
lovergurl
lovergurl1
loverlover
loverman
loverman1
lovers
lovers01
lovers07
lovers08
lovers09
lovers10
lovers101
lovers11
lovers12
lovers123
lovers13
lovers14
lovers21
lovers22
lovers23
lovers4eve
lovers69
loves
loves123
lovesex
lovesex1
lovesex69
lovesexy
lovesick
lovesick1
lovesit1
lovesloves
lovesong
lovespell
lovespell1
lovestar
lovestinks
lovestory
lovestory1
lovestruck
lovesucks
lovesucks!
lovesucks1
lovesucks2
lovesux1
lovesyou
loveu123
loveu4ever
loveumom
loveworld
loveya
loveya12
loveya123
loveydovey
loveyou
loveyou!
loveyou.
loveyou01
loveyou08
loveyou09
loveyou1
loveyou10
loveyou11
loveyou12
loveyou123
loveyou13
loveyou14
loveyou143
loveyou15
loveyou2
loveyou21
loveyou22
loveyou23
loveyou3
loveyou4
loveyou5
loveyou6
loveyou69
loveyou7
loveyou8
loveyou9
loving
loving12
loving123
lovinglife
lovingme
lovingyou
lovingyou1
lovinlife
lovinlife1
lowell
lowlife1
lowrider
lowrider1
lowrider13
loxpider
loyalty1
loyola
lozinka1
lp123456
lppnldtzx
lpz93ssskqw8q
lqfg4hwt
lsutigers
lsutigers1
lthgfhjkm
ltybcrj1992
luan
luansantana
lubimaya
lucaluca
lucas
lucas1
lucas123
lucas1234
lucatoni
lucerito
lucia123
luciana1
luciano1
lucienne
lucifer
lucifer1
lucifer6
lucifer666
lucifero
lucille
lucille1
lucinda1
lucious1
luck
lucky
lucky007
lucky1
lucky100
lucky101
lucky111
lucky123
lucky1234
lucky13
lucky4me
lucky7
lucky777
lucky888
luckyboy
luckyboy1
luckycat
luckycharm
luckydog
luckydog1
luckyduck
luckygirl
luckygirl1
luckylady
luckylucky
luckyluke
luckyman
luckyme1
luckyone
luckyone1
luckys
luckystar
luckystar1
luckystrike
lucozade
lucrecia
lucretia
lucrezia
lucy
lucy1234
lucydog1
lucygirl
lucylou1
lucylucy
ludacris
ludacris1
ludhiana
ludi1234
ludivine
ludmilla
ludovica
ludovico
ludwig
luetdi
luft4
lufthansa
luigi123
luis
luis1234
luis123456
luisa123
luisalberto
luisangel
luiscarlos
luisfigo
luisito1
luisluis
luismiguel
luisteamo
lukaluka
lukas123
lukasz12
lukaszek
luke
luke1234
lukeluke
lukinhas
lulu
lulu1234
lulu889jdddd
lulubell
lulubelle
lululu
lulululu
luluzinha
lumber
lumberjack
lumina
luminita
luna
luna1234
lunallena
lunaluna
lunanueva
lunarossa
lunatic
lunatic1
lunatica
lunchbox
lunchbox1
lupashku89
lupita12
lupita123
lupita13
luscious
luscious1
lust
luther
lutheran
lutscher
luv2dance
luv2epus
luv2fish
luv2shop
luv2sing
luv4ever
luv4life
luvu4eva
luvu4ever
luzmaria
lvbnhbtdf
lwf1681688
lydcc20091314
lydia
lydia123
lyndsey1
lynette1
lynn
lynn1234
lynnette
lynnette1
lynnlynn
lynwood1
lyonnais
lyrical1
lytwa813ib
lyudmila
lz110110
lzhan16889
lztez2xe98
lzudz2xe98
m00nlight
m01759766727
m0t0r0la
m1234567
m12345678
m123456789
m123456m
m1am1b3ach
m1ch3ll3
m1chelle
m1chp00h
m1dn1ght
m1garand
m1i2k3e4
m1m2m3m4
m1m2m3m4m5
m1ul9x9i20
m2g7u6o397
m2ydegkdws
m3tallica
m5wkqf
m7777777
m8a8vhr6
m987654321
ma123123123
ma123456
maadurga
macarena
macaroni
macaroni1
macbeth
macbeth1
macbook1
macbookpro
macchina
macdaddy
macdaddy1
macdonald
macedonia
macegorova.mariya
macgyver
macherie
machine
machine1
machines
machines1
macho123
machoman
machoman1
machukreeva
machupichu
maciek06
maciek123
macintos
macintosh
macintosh1
mack
mackdaddy
mackdaddy1
mackenzie
mackenzie1
mackenzie2
mackie
macleod
macmac
macman
macross
madafaka
madagascar
madagaskar
madalena
madalina
madarchod
madcat
madcow
maddalena
madden
madden06
madden07
madden08
madden09
madden10
madden11
madden12
maddie
maddie01
maddie05
maddie06
maddie07
maddie08
maddie09
maddie10
maddie11
maddie12
maddie123
maddie13
maddie22
maddison
maddison1
maddog
maddog11
maddog12
maddog123
maddog2020
maddog69
maddux
maddux31
maddy123
madeinchina
madelaine
madeleine
madeleine1
madeline
madeline1
madelyn1
madhatter
madhatter1
madhavan
madhouse
madhouse1
madhu123
madhukar
madhumita
madinina
madinina972
madison
madison!
madison.
madison01
madison02
madison03
madison04
madison05
madison06
madison07
madison08
madison09
madison1
madison10
madison11
madison12
madison123
madison13
madison14
madison2
madison200
madison21
madison22
madison23
madison3
madison4
madison5
madison6
madison7
madison8
madison9
madison99
madisyn1
madmad
madman
madman123
madmax
madness
madness1
madness7
madonna
madonna1
madonna12
madonna2
madremia
madrid
madrid10
madrigal
madtubes
madyson1
maella1311
maestro
maestro1
maeteamo
mafalda1
mafia
mafia123
mafiawars
mafiawars1
magallanes
maganda1
magandaako
magazine
magazine1
magda123
magdalena
magdalena1
magdalene
magdeburg
magelan
magelang
magellan
magenta
magenta1
maggie
maggie00
maggie01
maggie02
maggie03
maggie04
maggie05
maggie06
maggie07
maggie08
maggie09
maggie1
maggie10
maggie101
maggie11
maggie12
maggie123
maggie1234
maggie13
maggie14
maggie15
maggie16
maggie17
maggie18
maggie21
maggie22
maggie23
maggie24
maggie25
maggie33
maggie55
maggie69
maggie77
maggie88
maggie99
maggiedog
maggiemae
maggiemae1
maggiemay
maggiemay1
maggot
maggot666
magic
magic-n12
magic1
magic101
magic123
magic32
magical
magical1
magicaroma
magician
magician1
magick
magicman
magicman1
magister
magma9824660
magnavox
magnet
magnetic
magneto
magnifico
magno456
magnolia
magnolia1
magnum
magnum357
magnum44
magnus
magodeoz
magodeoz1
magpie
magpies
magpies1
mahalakshmi
mahalaxmi
mahalcoh
mahalkita
mahalkita1
mahalkita2
mahalko1
mahalkoh
mahalo
mahalqoh
maharaja
maharani
maharashtra
mahaveer
mahendra
mahesh123
mahimahi
mahindra
mahler
mahmoud1
mahmudali1987
mahogany
maianbinh
maiden
maiden666
maik1996
maika2006
mail
mailbox1
mailkuliev
mailmail
mailman
mailman1
maimaiyeuem
maimouna
maine
mainland
mainstream
mainstreet
maintain
maintenance
maitland571ka1994
maiyeuem
majeczka
majestic
majestic1
majestic12
majesty1
majiajun
majiajun8888
major
major123
mak301988
makarena
makarenko
makaroni
makarova
makassar
makaveli
makaveli1
makaveli7
makavelli
makayla
makayla1
makayla2
makayla3
makayla5
makedonija
makeitso
makelove
makemoney
makemoney1
makemyday
makenna1
makenzie
makenzie1
maker
makimaki
maks.abramov.99.99
maksim.bychkov.1986
maksim123
maksim2425
maksimilian_nasirov
maksimka
maksimka876
maksimov
maksimus
maksmaks
maksus_2003
malachi
malachi1
malachi2
malaguti
malaikat
malaka
malakai1
malakas1
malamute
malatya44
malayalam
malaysia
malaysia1
malboro1
malcolm
malcolm1
malcolmx
maldini3
maldita1
malditah
maldives
maldonado
maldonado1
malgorzata
malgosia
malhotra
malhotra493ozzy1991282151
malibu
malice
malik123
malina_bratsk
malishka
malkin71
mallard
mallard1
mallorca
mallorca1
mallory
mallory1
mallrats
malmsteen
malone
maltese1
malyshka
mama
mama1234
mama12345
mama123456
mama1960
mama1961
mama1963
mama1964
mama1970
mama1995
mama1997
mama2000
mama2008
mama2009
mama2010
mama2011
mamababa
mamabear
mamabear1
mamacita
mamacita1
mamaliga
mamalove
mamamama
mamamama1
mamamary
mamamia1
maman123
mamanjetaime
mamanjtm
mamanpapa
mamapapa
mamapapa1
mamapapa123
mamas
mamasboy
mamasboy1
mamasgirl1
mamasita
mamasita1
mamatata
mamateamo
mamaypapa
mamichula1
mamika10
mamikawada
mamimami
mamipapi
mamma123
mammamia
mammamia1
mammoth
mammoth1
mamochka
mamounette
mamusia1
man12345
man123456
man55580
management
manager
manager1
manamana
manatee1
manchest
manchester
manchester1
manchester123
manchesterunited
manchita
manchitas
mancity
mancity1
manda123
mandalay
mandarin
mandarina
mandarine
mandarinka
mandarino
mandds1mg6bv8re
manders
mandingo
mandingo1
mandolin
mandragora
mandrake
mandy
mandy1
mandy123
maneater
maneater1
manfred
manfred1
mang
manga
manga123
mangalore
mango
mango123
mangos
mangusta
manhater
manhatta
manhattan
manhattan1
maniac
manifest
manikandan
manila
manimani
manish123
manitoba
manju123
manjunath
manjusha
manka198707
mankind
mankind1
manman
manman11
manman12
manman123
manmanman
manmohan
mann
mannheim
manning
manning1
manning10
manning18
mannn
manny
manny123
manofgod
manofsteel
manoj123
manojkumar
manolete
manolito
manolo
manomano
manorama
manouche
manovitskaya
manowar
manowar1
manpower
manpreet
mansfield
mansfield1
manson
manson666
manson69
mantis
mantle
mantra
manu
manu1234
manu4eva
manu4life
manuel
manuel01
manuel10
manuel11
manuel12
manuel123
manuel13
manuel14
manuel15
manuel18
manuel21
manuel22
manuel23
manuela
manuela1
manuelita
manuelito
manuelito1
manuella
manuliktatyana
manumanu
manunited
manunited1
manunited7
manutd
manutd01
manutd07
manutd10
manutd11
manutd12
manutd123
manutd99
manwhore
manwhore1
manzana1
manzanita
mapamapa7
maple
maple123
mapleleaf
mapleleafs
maplestory
maplewood
maprchem56458
mar_prod
maracaibo
maracuja
maradona
maradona1
maradona10
marajade
maramara
maranata
maranatha
maranda1
maranello
marathon
marathon1
marauder
maravilha
maravilhosa
maravilla
maravilla1
marbella
marble
marbles
marbles1
marc
marcel
marcel12
marcel123
marcela1
marcelina
marcelino
marcelita
marcell1
marcella
marcella1
marcelle
marcello
marcello1
marcelo1
marcelo123
march
march123
march1993
march2007
march2008
march2009
marchelle27
marcia
marciano
marcin123
marcinek
marcius2
marco
marco123
marcoantonio
marcolino
marcopolo
marcopolo1
marcos
marcos10
marcos12
marcos123
marcos13
marcus
marcus01
marcus06
marcus07
marcus08
marcus09
marcus10
marcus11
marcus12
marcus123
marcus13
marcus14
marcus15
marcus21
marcus22
marcus23
marcus99
mardigras
marduk666
marek123
marek14michal
maremare
margaret
margaret1
margareta
margareth
margarette
margarida
margarita
margarita1
margarita2
margaritka
margaux
margera1
margherita
margie
margo.emi
margosha
marguerite
mari1234
maria
maria-demidchik
maria-fam
maria1
maria123
maria1234
maria12345
maria2010
maria666
mariachi
mariaclara
mariaeduarda
mariaelena
mariafernanda
mariagoncharenko
mariagrazia
mariah
mariah01
mariah10
mariah11
mariah12
mariah123
mariah13
mariahcarey
mariaisabel
mariajose
mariajose1
marialuisa
marialuiza
mariamaria
marian
mariana
mariana1
mariana12
mariana123
mariana2
marianela
mariangela
marianita
marianna
marianna1
mariannaz2
marianne
marianne1
mariano1
mariapaula
mariapia
mariarita
mariarosa
mariateresa
maribel1
maribeth
maricarmen
maricela
maricela1
maricon1
maricris
marie
marie1
marie101
marie123
marie1234
mariela1
mariella
marielle
marielwfledlow
marietta
marietta1
mariette
marigold
mariguana
marihuana
marihuana1
marijana
marijuan
marijuana
marijuana1
marijuana2
marijuana4
marijuana420
marilena
marillion
marilyn
marilyn1
marilyn59
marilynmanson
marimari
marimax.85
marina
marina.shapovalo
marina.ushakovaznuv
marina01
marina10
marina11
marina12
marina123
marina13
marina2010
marina22
marina23
marina88
marina_stryazhkova
marinadeduxinaa
marinamarina
marinaorlova1991
marinara
marine
marine01
marine1
marine11
marine12
marine123
marine13
marinela
marinella
mariner
mariner1
marinero
mariners
mariners1
marines
marines1
marines12
marines2
marinette
marininys
marino
marino13
marino4ka
marinochka
marinochka.zhelannaya
mario
mario1
mario123
mario1234
mario140773
mario66
mariobros
mariokart
mariomario
marion
mariposa
mariposa1
mariposa11
mariposa12
mariposa2
mariposa7
mariposas
mariposita
mariquita
marisa
marisela
marisela1
marishka
marisol1
marissa
marissa1
marissa12
marissa123
marissa13
marissa2
marissa3
marissa5
marissa7
maritime
maritza1
marius
marius123
mariusz1
marjorie
marjorie1
mark
mark1
mark1234
mark12345
mark_963
markanthon
marker
market
marketing
marketing1
markie
markjohn
markjoseph
markmark
marko123
markovka
markus
markus123
markymark
marlboro
marlboro1
marlboro12
marlboro2
marlboro20
marlena1
marlene
marlene1
marley
marley01
marley08
marley09
marley10
marley11
marley12
marley123
marley13
marley22
marley420
marlin
marlins
marlins1
marlon
marlon123
marma
marmaduke
marmalade
marmalade1
marmaris
marmelad
marmelade
marmeladka
marmite1
marmotte
marocain
marques1
marquette
marquette1
marquez1
marquis
marquis1
marquise
marquise1
marrakech
marriage
marriage1
married
married06
married07
married08
married1
married2
marriott
marriott1
marruecos
mars
marseille
marseille1
marseille13
marsh
marsha
marsha11
marshal
marshal1
marshall
marshall1
marshall12
marshall2
marshall3
marshmallow
marshmello
marshmellow
marsmars
marsupilami
mart
marta123
martello
martha
martha12
martha123
martian
martin
martin01
martin06
martin07
martin08
martin09
martin1
martin10
martin11
martin12
martin123
martin1234
martin13
martin14
martin15
martin16
martin17
martin18
martin20
martin21
martin22
martin23
martin24
martin25
martin69
martin77
martin88
martin99
martina
martina1
martina123
martine
martine1
martinek
martinez
martinez1
martinez12
martinez13
martinez2
martinha
martini
martini1
martinique
martinka
martinko
martins1
martusia
marty
marty123
martyna1
martynka
marvel
marvel5454
marvellous
marvelous
marvelous1
marvin
marvin01
marvin11
marvin12
marvin123
marvin13
mary
mary1234
maryann
maryann1
maryanne
maryanne1
marybeth
marybeth1
maryellen
marygrace
maryj420
maryjan3
maryjane
maryjane!
maryjane.
maryjane1
maryjane12
maryjane13
maryjane2
maryjane3
maryjane4
maryjane42
maryjane420
maryjane69
maryjane7
maryjean
marykate
marykate1
marykay1
maryland
maryland1
maryline
marylou1
marymary
marymary1
marypoppins
maryrose
marysia1
marzipan
masahiro
masamasa
masamune
masamune1
mascotte
mase4ever
maserati
mash4077
masha123
masha1998
mashamasha
mashenka
mashimaro
masjnj67
maslo123
masloboinikova1987
mason
mason1
mason123
masquerade
massacre
massacre1
massage
massage1
masseffect
massena00
massilia
massimiliano
massimo
massimo1
massive
massive1
master
master00
master007
master01
master07
master08
master09
master1
master10
master101
master11
master12
master123
master1234
master12345
master13
master14
master15
master16
master17
master18
master20
master2006
master21
master22
master23
master24
master25
master33
master45
master55
master66
master666
master69
master77
master777
master88
master89
master99
masterbaiting
masterbate
masterbating
masterblaster
mastercard
masterchief
masterkey
masterman
mastermind
masterone
masterp
masterp1
masterpiece
masterplan
masters
masters1
masturbation
masyanya
matador
matador1
matahari
matamata
matarani
matchbox
matchbox20
mate
mate1.com
matematica
matematicas
matematik
matematika
mateo123
materazzi
material
mateus123
mateusz1
mateusz12
mateusz123
mateuszek
mathematic
mathematics
matheus1
matheus123
mathew
mathew12
mathew123
mathews1
mathias1
mathieu1
mathilda
mathilde
matias123
matilda
matilda1
matilde1
matisse1
matrassesotk
matrimonio
matrix
matrix00
matrix007
matrix01
matrix1
matrix10
matrix11
matrix12
matrix123
matrix13
matrix21
matrix22
matrix23
matrix69
matrix99
matt
matt1234
matt1988
matt6288
matteo
matter
matthardy
matthardy1
matthew
matthew!
matthew.
matthew0
matthew01
matthew02
matthew03
matthew04
matthew05
matthew06
matthew07
matthew08
matthew09
matthew1
matthew10
matthew11
matthew12
matthew123
matthew13
matthew14
matthew15
matthew16
matthew17
matthew18
matthew19
matthew2
matthew20
matthew21
matthew22
matthew23
matthew24
matthew25
matthew26
matthew3
matthew4
matthew5
matthew6
matthew69
matthew7
matthew77
matthew8
matthew88
matthew9
matthew95
matthew98
matthew99
matthews
matthews1
matthias
matthias1
matthieu
mattie
mattingly
mattman1
mattmatt
mattmatt1
matty
matty123
mature
matveev792010
matveeva
matyas2001
maulwurf
maureen
maureen1
maurice
maurice1
maurice2
maurice3
maurice4
mauricio
mauricio1
mauritius
maurizio
mautauaja
maver1ck
maverick
maverick1
maverick12
maverick2
maverick7
mavericks
mavericks1
mavipies
mavriciy
mavrick1
max.kirilov.90
max123
max12345
max123456
max_masha
maxamillion
maxchislov
maxdog
maxell
maxi
maxie123
maxim
maxim123
maxim1935
maxim3999
maxima
maxime
maximilian
maximiliano
maximius
maximo
maximova.60
maximova_elena77
maximovie
maximum
maximum1
maximus
maximus1
maximus123
maximus1393
maximus2
maxine
maxine123
maxix565656
maxmax
maxmax123
maxmaxmax
maxmotives
maxonina22
maxpayne
maxpower
maxpower1
maxpredator
maxthedog
maxwell
maxwell01
maxwell1
maxwell11
maxwell12
maxwell123
maxwell2
maxwell3
maxwell5
maxwell7
maxx
maxxxx
maya
maya1234
mayamaya
mayberry
mayday
mayfair
mayfair1
mayfield
mayfield1
mayflower
mayflower1
mayhem
mayhem666
maynard
maynard1
mayquinn2
mayra123
mayrik67
mazafaka
mazahaka
mazatlan
mazda
mazda123
mazda323
mazda323f
mazda6
mazda626
mazdamx3
mazdamx5
mazdamx6
mazdarx7
mazdarx8
mazinger
mb123456
mbahurip
mbtvibranike
mc123456
mc9ad9w2ux
mcabdaw2vx
mccabe
mccarthy
mccartney
mccormick
mcdonald
mcdonald1
mcdonalds
mcdonalds1
mcflurry!
mcfly123
mcgrady1
mcgregor
mchammer
mcintosh
mckayla1
mckenna1
mckenzie
mckenzie1
mckinley
mckinley1
mckinney
mclaren
mclaren1
mclarenf1
mclovin1
md1998pb
mdogg
me123456
meadow
meadows1
meagan
meaghan1
meandyou
meandyou1
meandyou2
meangirls1
meat
meatball
meatball1
meatball99
meatballs
meathead
meathead1
meatloaf
meatloaf1
meatwad1
mecanica
mecanico
mechanic
mechanic1
mechanical
mechelle
mede_voda
medecine
medeiros
medellin
medellin1
media
media123
mediawire
medic
medic1
medical
medical1
medicina
medicine
medicine1
medieval
medina
medion123
meditation
mediterraneo
medusa
medvedev
medvedeva
medvidek
meenakshi
meeting
mega
megabyte
megadeath
megadeth
megadeth1
megaman
megaman1
megaman12
megaman123
megaman2
megaman3
megamanx
megamega
megan
megan1
megan123
megane
meganfox
megaparol
megaparol12345
megapass
megapolis
megasecret
megastar
megatron
megatron1
meghan
meghan12
mehmet123
meier
meinschatz
meister
meister1
meiyoumima
melancia
melanie
melanie!
melanie01
melanie1
melanie11
melanie12
melanie123
melanie13
melanie2
melanie3
melanie7
melbourne
melbourne1
melchior
melendez
melimelo
melina
melinda
melinda1
melissa
melissa!
melissa.
melissa01
melissa07
melissa08
melissa09
melissa1
melissa10
melissa11
melissa12
melissa123
melissa13
melissa14
melissa15
melissa16
melissa17
melissa18
melissa19
melissa2
melissa21
melissa22
melissa23
melissa24
melissa25
melissa3
melissa4
melissa5
melissa6
melissa69
melissa7
melissa8
melissa9
mellissa
mellon
mellow
melnikova
melocoton
melodie1
melody
melody12
melody123
melon123
melons
melrose
melrose1
meltdown
melusine
melville
melvin
melvin12
melvin123
member
members
membership
meme
meme1234
mememe
mememe12
mememe123
memememe
memememe1
mementomori
memorex
memorex1
memorial
memorial1
memories
memories1
memory
memphis
memphis1
memphis10
memphis2
memphis901
memyself
memyself&i
memyself1
memyselfan
memyselfandi
memyselfi
menace
mendoza1
meng
mengmeng
meninblack
menmenmen
mensuck1
mental
menthol
menthol1
mentira1
mentiras
mentiroso
mentor
meow
meow1234
meowmeow
meowmeow1
meowmix1
mephisto
mercado1
merced209
mercedes
mercedes01
mercedes1
mercedes11
mercedes12
mercedes123
mercedes2
mercedes3
mercedes7
mercedesbenz
mercedez
mercedez1
mercer
merchant
mercredi
mercurial
mercurio
mercury
mercury1
mercury7
mercy123
merda123
merdaccia
meredith
meredith1
merengue
merganser
meridian
meridian1
merijaan
merlin
merlin01
merlin1
merlin11
merlin12
merlin123
merlin13
merlin69
merlot
merlyn
mermaid
mermaid1
mermaid2
mermaids
merrick1
merrill
merrill1
mersedes
merveille
meshmesh
message
message1
messages
messenger
messenger1
messi123
messiah
messiah1
messier
messier11
met2002
metal
metal1
metal123
metal4ever
metal4life
metal666
metalcore
metalgear
metalgear1
metalhead
metalhead1
metalica
metalica1
metalika
metall1ca
metallic
metallica
metallica!
metallica.
metallica0
metallica1
metallica123
metallica2
metallica3
metallica4
metallica5
metallica6
metallica666
metallica7
metallica8
metallica9
metalman
metatron
meteor
meteora1
method
methodist
methodman
methodman1
methos
metoo
metro
metro123
metro2033
metroid1
metropol
metropolis
mets
mets1986
mexicali
mexicali1
mexican
mexican1
mexican10
mexican12
mexican123
mexican13
mexican14
mexican15
mexican2
mexican3
mexican4li
mexican5
mexican7
mexicana
mexicana1
mexicano
mexicano1
mexicano13
mexico
mexico#1
mexico00
mexico01
mexico06
mexico07
mexico08
mexico09
mexico10
mexico100
mexico101
mexico11
mexico12
mexico123
mexico1234
mexico13
mexico14
mexico15
mexico16
mexico17
mexico18
mexico19
mexico20
mexico2009
mexico2010
mexico21
mexico22
mexico23
mexico24
mexico25
mexico619
mexico69
mexico77
mexico86
mexico88
mexico90
mexico99
mgreen39
mhaldita
mhinekoh
miahamm9
miami
miami1
miami123
miami305
miamibeach
miamiheat
miamiheat1
miamiheat3
mian
miao
miaomiao
miaumiau
micaela1
mich3ll3
michael
michael!
michael.
michael0
michael00
michael01
michael02
michael03
michael04
michael05
michael06
michael07
michael08
michael09
michael1
michael10
michael101
michael11
michael12
michael123
michael13
michael14
michael15
michael16
michael17
michael18
michael19
michael2
michael20
michael200
michael21
michael22
michael23
michael24
michael25
michael26
michael27
michael28
michael29
michael3
michael30
michael31
michael32
michael33
michael34
michael4
michael44
michael5
michael50
michael55
michael6
michael69
michael7
michael77
michael8
michael84
michael85
michael86
michael87
michael88
michael89
michael9
michael90
michael91
michael92
michael93
michael94
michael95
michael96
michael97
michael98
michael99
michaela
michaela1
michaelj
michaeljac
michaeljackson
michaels
michaels1
michal12
michal123
michalek
miche11e
micheal
micheal1
micheal12
micheal123
micheal2
micheal23
micheal3
micheal7
michel
michel123
michel69.69
michelangelo
michele
michele1
michele2
michelin
micheline
michelino
michell1
michelle
michelle!
michelle.
michelle0
michelle00
michelle01
michelle02
michelle03
michelle05
michelle06
michelle07
michelle08
michelle09
michelle1
michelle10
michelle11
michelle12
michelle123
michelle13
michelle14
michelle15
michelle16
michelle17
michelle18
michelle19
michelle2
michelle20
michelle21
michelle22
michelle23
michelle24
michelle25
michelle26
michelle27
michelle28
michelle29
michelle3
michelle30
michelle33
michelle4
michelle5
michelle6
michelle69
michelle7
michelle77
michelle8
michelle88
michelle89
michelle9
michelle99
michi123
michigan
michigan1
michigan12
michigan2
michoacan
michoacan1
mick
mickey
mickey00
mickey01
mickey02
mickey05
mickey06
mickey07
mickey08
mickey09
mickey1
mickey10
mickey101
mickey11
mickey12
mickey123
mickey1234
mickey13
mickey14
mickey15
mickey16
mickey17
mickey18
mickey19
mickey20
mickey21
mickey22
mickey23
mickey24
mickey25
mickey27
mickey28
mickey33
mickey69
mickey77
mickey88
mickey99
mickeymous
mickeymouse
micky
micky123
mickymouse
micorazon
micro
micro123
microbiology
microlab
microlad
micron
microphone
microsof
microsoft
microsoft1
microsoft2
microwave
microwave1
middle
middleton
midget
midland
midland1
midnight
midnight!
midnight01
midnight1
midnight10
midnight11
midnight12
midnight13
midnight2
midnight22
midnight3
midnight4
midnight5
midnight6
midnight69
midnight7
midnight8
midnight9
midnite
midnite1
midori
midway
midwest1
miercoles
mierda123
miespacio1
mifamilia
mifamilia1
mighty
mightymouse
migrationsandeep
migrationschool
miguel
miguel01
miguel10
miguel11
miguel12
miguel123
miguel13
miguel14
miguel15
miguel17
miguel18
miguel21
miguel22
miguel23
miguelange
miguelangel
miguelito
miguelito1
miha-nov
mihail-saratov
mihail_alekseevskiy406
mihailpezhemskii
mikael412
mikaela1
mikaella
mikalyalia
mikamika
mikayla1
mike
mike1
mike123
mike1234
mike12345
mike123456
mike1985
mike2000
mike2006
mike2007
mike2008
mike2009
mike2010
mike23
mike4ever
mike6453
mike69
mikejones
mikejones1
mikejones2
mikemike
mikemike1
miketyson
mikevick7
mikey
mikey1
mikey123
mikhailova-w
mikhayildopy
mikimaus
mikimiki
mikolaj1
mikomiko
mila90974
milagros
milagros1
milamber
milamila
milan123
milan1899
milan4ever
milanello
milanista
milanisti
milankasanakoeva
milano
milanova-kira
milashka
milay-ven2011
mildred
mildred1
mildseven
milena699803
milenium
miles
miles1
miles123
milesdavis
milestone
miley101
miley123
mileycyrus
milfnew
milford1
milhouse
militaire
military
military1
milk
milkbone
milkdud1
milkman
milkman1
milkmilk
milkshake
milkshake1
milkshake2
milkyway
milkyway1
millencolin
millenium
millenium1
millennium
miller
miller01
miller1
miller10
miller11
miller12
miller123
miller13
miller21
miller22
miller23
miller30
miller31
miller69
millerlite
millertime
millhouse
millicent
millie
millie01
millie11
millie12
millie123
milligan
million
million1
million2
millionair
millionaire
millioner
millions
millions1
millonario
millonarios
millos13
millsberry
millwall
millwall1
milly123
milo
milo1234
milomilo
milton
milwaukee
milwaukee1
mimamamemima
mimamima
mimi
mimi1234
mimimimi
minakshi
minamina
mind
mindanao
mindfreak
mindfreak1
mindgame
mindless
mindless1
mindy
mindy123
mine
mine1234
mine4ever
minecraft
minecraft1
minecraft12
minecraft123
minemine
minemine1
mineonly
minerva
minerva1
ming
mingming
mingus
minhamae
minhasenha
minhavida
mini
mini1234
minicalibra
miniclip
miniclip1
minicooper
minidisc
minimal1
miniman1
minime
minime123
minimini
minimoni
minimoto
minimum1
minister
minister1
ministry
ministry1
minkova_i
minnesot
minnesota
minnesota1
minnette
minnie
minnie01
minnie10
minnie11
minnie12
minnie123
minnie13
minnie22
minniemous
minniemouse
minombre
minority
minotaur
minotauro
minoucha
minouche
minstrel
mintal24
minute
mir-180991
miraa_84
mirabella
mirabelle
miracle
miracle1
miracle2
miracle7
miracles
miraflores
mirage
miramira
miranda
miranda1
miranda11
miranda12
miranda123
miranda13
miranda2
miranda3
miranda5
miranda7
miranda9
mirantte
mireille
mirellabroersma1987570
miriam
miriam123
mirlan_o
mironova
miroslav
miroslava
mirror
mirtillo
mis3amores
misamisa
misamores
misbebes
misch.sosnin
mischief
mischief1
misericordia
misery
misfit
misfit99
misfits
misfits1
misfits138
misha
misha123
mishaghbdtn
mishanna1936
mishanya
mishas001
mishijos
mishmish
mishutka
misiaczek
misiaczek1
misiek123
miss-evgeniya-93
miss.marina.nikolaeva.2013
missbitch1
misses
missing1
missingu
missingyou
mission
mission1
mission123
mission2
missionary
missions
mississi
mississipp
mississippi
mississippi1
misskitty
misskitty1
missmolly
missouri
missouri1
misspiggy
misspiggy1
misspriss
misspriss1
missthang
missthang1
missy
missy1
missy101
missy123
missy1234
missydog
missymoo
missyou1
missyou2
mistake1
mister
mister12
mister123
misterio
mistigri
mistral
mistress
mistress1
misty
misty1
misty123
mistyblue
mistycat
mistydog
mitch
mitch123
mitchel1
mitchell
mitchell1
mitchell12
mitchell2
mithrandir
mitia159
mitsubishi
mittens
mittens1
mittens2
mityukova.anya
miuaybecv
mividaloca
mixaxa2003
mixmaster
mixtape1
miyamoto
miyvarxar
mizio970
mizuno
mizzou
mj123456
mjordan23
mjuan5ogm
mk123456
mkal2707
mkalancea
mkjhgf1996
mklmkl22
mknaxhxeh8yp3tf
mko09ijn
mko0nji9
mkolendzyan
mlqdakf8yt
mm123123
mm123456
mm170667
mmakssimka
mmedinaa
mmmm
mmmmm
mmmmmm
mmmmmmm
mmmmmmm1
mmmmmmmm
mmmmmmmmm
mmmmmmmmmm
mmo110110
mnbmnbmnb
mnbv
mnbvc
mnbvcx
mnbvcxz
mnbvcxz1
mnbvcxz12
mnbvcxz123
mnenrad6983616
mo123456
mob4life
mobbdeep
mobile
mobile123
mobiline_b
mobster1
mobsters1
mobydick
moc.oohay
mocha
mocha123
mockingbird
mod7tygrysow
model
model123
modeling
modeling1
models
modelsne
modem
modena
modern
moderncombat
modernwarf
modernwarfare
modernwarfare2
modesto1
modesto209
modified
modles
mogwai
mogychajagopa
mohamed
mohamed1
mohamed12
mohamed123
mohammad
mohammad1
mohammed
mohammed1
mohammed123
mohan123
mohanlal
mohawk
mohitb123
moiettoi
moimoimoi
moinmoin
mojave
mojehaslo
mojisola
mojo
mojojojo
mojojojo1
mojomojo
mojurus5575566
molchanova_tlt
molko24bog
mollie
mollie01
mollie12
mollie123
molly
molly1
molly101
molly123
molly1234
mollycat
mollydog
mollydog1
mollygirl
mollygirl1
mollymolly
mollymoo
mollymoo1
molson
mom12345
mom4life
momanddad
momanddad1
momanddad2
momdad12
momdad123
momentum
momma123
mommasboy1
mommy
mommy1
mommy101
mommy123
mommy1234
mommy143
mommy2be
mommydaddy
mommygirl1
mommyof2
mommyof3
mommyof4
mommysgirl
momndad1
momo
momo1234
momomo
momomomo
momoney
momoney1
momsgirl1
momsuck
mona
mona1234
monaco
monaghan
monalisa
monalisa1
monaliza
monaliza2786
monamona
monamour
monarch
monarch1
moncheri
moncoeur
monday
monday01
monday1
monday11
monday12
monday123
mondeo
mondragon
mone
money
money007
money1
money100
money1000
money101
money111
money123
money1234
money12345
money2007
money2008
money2009
money2010
money2011
money247
money321
money420
money4940
money4life
money4me
money666
money777
money888
moneybag
moneybags
moneybags1
moneyboy
moneyboy1
moneymaker
moneyman
moneyman1
moneyman12
moneyman2
moneyman87
moneyme56
moneymike1
moneymoney
moneys
moneytalks
mongo
mongolia
mongoose
mongoose1
monica
monica01
monica1
monica10
monica11
monica12
monica123
monica13
monica14
monica15
monica21
monica22
monica23
monica69
monies
monika
monika11
monika12
monika123
monimoni
monique
monique01
monique1
monique11
monique12
monique123
monique13
monique2
monique21
monique23
monique3
monique4
monique5
monique7
monitor
monitor1
monk
monkey
monkey00
monkey007
monkey01
monkey02
monkey03
monkey04
monkey05
monkey06
monkey07
monkey08
monkey09
monkey1
monkey10
monkey100
monkey101
monkey11
monkey111
monkey12
monkey123
monkey1234
monkey12345
monkey13
monkey14
monkey15
monkey16
monkey17
monkey18
monkey19
monkey20
monkey21
monkey22
monkey23
monkey24
monkey25
monkey26
monkey27
monkey28
monkey29
monkey30
monkey31
monkey32
monkey321
monkey33
monkey34
monkey42
monkey420
monkey44
monkey45
monkey55
monkey56
monkey66
monkey666
monkey67
monkey68
monkey69
monkey76
monkey77
monkey777
monkey78
monkey79
monkey80
monkey81
monkey82
monkey83
monkey84
monkey85
monkey86
monkey87
monkey88
monkey89
monkey90
monkey91
monkey911
monkey92
monkey93
monkey94
monkey95
monkey96
monkey97
monkey98
monkey99
monkeyass1
monkeyball
monkeyballs
monkeybo
monkeyboy
monkeyboy1
monkeybut1
monkeybutt
monkeyface
monkeygirl
monkeylove
monkeyman
monkeyman1
monkeyman2
monkeynuts
monkeypoo
monkeys
monkeys!
monkeys1
monkeys101
monkeys11
monkeys12
monkeys123
monkeys13
monkeys2
monkeys3
monkeys4
monkeys5
monkeys7
monkfish
monkies1
monkmonk
monmouth
monolith
monomono
mononoke
monopoli
monopoly
monopoly1
monoxide17
monp5haynes
monroe
monserrat
monsieur
monsoon
monsoon1
monster
monster!
monster.
monster0
monster01
monster08
monster09
monster1
monster10
monster101
monster11
monster12
monster123
monster13
monster14
monster15
monster16
monster17
monster18
monster2
monster21
monster22
monster23
monster24
monster3
monster33
monster4
monster5
monster6
monster666
monster69
monster7
monster77
monster8
monster88
monster9
monster99
monstercha
monsters
monsters1
montag
montagna
montagne
montague
montana
montana1
montana12
montana123
montana16
montana2
montana3
montana7
montblanc
monte
montecar
montecarlo
montecristo
monteiro
montella
montenegro
monterey
monterey1
montero1
monterrey
monterrey1
montessori
montevideo
montgom2409
montgomery
month
monthy25
montoya1
montpellier
montreal
montreal1
montrose
montserrat
monty
monty1
monty123
montydog
monument
moochie1
moocow
moocow123
mookie
mookie12
mookie123
moomoo
moomoo11
moomoo12
moomoo123
moomoo22
moon
moon1234
moonbeam
moonbeam1
moonchild
moondance
moondog
moondog1
mooney
moonflower
moonligh
moonlight
moonlight1
moonlight2
moonlight7
moonlite
moonman
moonman1
moonmoon
moonpie1
moonraker
moonriver
moonshadow
moonshin
moonshine
moonshine1
moonspell
moonstar
moonstar1
moonstone
moonwalk
moonwalker
moore
moose
moose1
moose123
moosehead
mooseman
mooses
mopar
morales
morales1
morangos
mordor
mordva1783
more
morelia1
morelle45
moremoney
moremoney1
moremore
morena13
morenaza
morenike
morenita
morenita1
morenito
moreno
morgan
morgan00
morgan01
morgan02
morgan03
morgan04
morgan05
morgan06
morgan07
morgan08
morgan09
morgan1
morgan10
morgan11
morgan12
morgan123
morgan13
morgan14
morgan15
morgan16
morgan17
morgan18
morgan21
morgan22
morgan23
morgan24
morgan69
morgan98
morgan99
morgana
morgana1
morgoth
moriarty
morientes
moritz
morkovka
morning
morning1
morning21
morningstar
morocco1
moron
morozova
morozovavalya28
morpheus
morpheus1
morphine
morrigan
morris
morris12
morris123
morrison
morrison1
morrissey
morrissey1
morrow
morrowind
morrowind1
mortadelo
mortal
mortalkombat
morten
mortgage
mortgage1
morticia
mortimer
mortimer1
mortis
morton
moschino
moscow
moscowcallin
moses
moses123
moshkin1998
mosima11
mosquito
mossberg
mossyoak
mossyoak1
mostaganem
mostwanted
mot2passe
motdepasse
motdepasse1
mother
mother01
mother02
mother03
mother1
mother10
mother11
mother12
mother123
mother1234
mother13
mother21
mother22
mother23
mother69
motherfuck
motherfucker
motherfucker1
motherhood
motherland
motherlode
motherlove
mothermary
motherof2
motherof3
motherof4
motherof5
mothers
mothers1
motherwell
motion
motivated
motivation
motley
motleycrue
moto
motocros
motocross
motocross1
motocross2
motoguzzi
motomoto
motor
motorbike
motorbike1
motorcross
motorcycle
motorhead
motorhead1
motorola
motorola1
motorola12
motorola2
motorolav3
motorolla
motorrad
motors
motorsport
motown
motrya.larina
mouhamed
moulinrouge
mouloudia
moumoune
mounette
mounta1n
mountain
mountain1
mountain2
mountainde
mountaindew
mountains
mountains1
mouse
mouse1
mouse123
mousepad
mouser
mouses
mousetrap
mousey
moustache
moustapha
moustique
mouth
movement
movement1
movie
moviestar
movingon
movingon1
movistar
mozart
mozellbranou81e
mozilla1
mp3player
mp8o6d
mpegs
mpnaduysi
mr.stas192
mrbill
mrdmarina
mrf11277215
mrkitty1
mrniceguy
mrs.brown
ms.cc.gg
ms.dolgikh
ms.polza
ms0083jxj
ms123456
mshelp12
msnxbi
mtizndu2
mu080295
mu0lfpv2
muaythai
muaythai1
muchacha
muchlove
mudar123
mudvayne
mudvayne1
muenchen
mufasa
muff
muffdive
muffdiver
muffin
muffin01
muffin1
muffin10
muffin11
muffin12
muffin123
muffin13
muffin14
muffin21
muffin22
muffin23
muffin69
muffinman
muffinman1
muffins1
muffy
mugwell15
muhammad
muhammad1
muhammed
muhammet
mulberry
mulder
mullet
mulligan
mulligan1
multimedia
multipass
multipla
multiplelog
multisync
mumanddad
mumanddad1
mummy123
mummydaddy
mummypapa
munch
munchie1
munchies
munchies1
munchkin
munchkin1
munich
municipal
munnabhai
munster
munster1
muppet
murakami
murat123
murcielago
murder
murder187
murder666
murdock1
murielle
murmansk
murphy
murphy01
murphy1
murphy10
murphy11
murphy12
murphy123
murphy13
murphy22
murray
murzilka
musa123456
musashi
musashi1
muschi
muscle
muscles
muscles1
mushr00m
mushroom
mushroom1
mushroomka
mushrooms
mushrooms1
music
music000
music1
music101
music123
music1234
music12345
music2008
music2009
music2010
music4ever
music4life
music4me
music666
music=life
musica
musica10
musica123
musical
musical1
musicbox
musician
musician1
musicislif
musicislife
musiclove1
musiclover
musicman
musicman1
musicmusic
musicovery
musicrocks
musift10
musique1
muslimah
mussolini
mustafa
mustafa1
mustafa123
mustang
mustang!
mustang.
mustang00
mustang01
mustang02
mustang03
mustang04
mustang05
mustang06
mustang07
mustang08
mustang09
mustang1
mustang10
mustang11
mustang12
mustang123
mustang13
mustang14
mustang2
mustang200
mustang21
mustang22
mustang23
mustang24
mustang3
mustang302
mustang4
mustang5
mustang5.0
mustang50
mustang500
mustang6
mustang64
mustang65
mustang66
mustang67
mustang68
mustang69
mustang7
mustang73
mustang77
mustang8
mustang86
mustang87
mustang88
mustang89
mustang9
mustang90
mustang91
mustang92
mustang93
mustang94
mustang95
mustang96
mustang97
mustang98
mustang99
mustanggt
mustanggt1
mustangs
mustangs1
mustapha
mustard
mustard1
musyka85
mutalim.gusenov
mutant
muthafucka
mutley
muttley1
muzaffar
mv46vkmz10
mwq6qlzo
mxyzptlk
my-space
my.space
my123456
my1andonly
my1space
my1stlove
my204856
my2angels
my2babies
my2girls
my3angels
my3babies
my3girls
my3loves
my4babies
my4girls
my_komp_777
my_space
myaccount
myaccount1
myangel1
myangels
mybabies
mybabies1
mybabies2
mybabies3
mybaby
mybaby01
mybaby07
mybaby08
mybaby09
mybaby12
mybaby123
mybaby13
mybabyboy
mybabyboy1
mybabygirl
mybirthday
mybitch1
myblocker
mybossmyhero1
mybrother
mybuddy1
mybusiness
mychemical
mychemicalromance
mychildren
mycomputer
mydaddy1
mydarling
mydestiny
mydick
mydreams
myebiz123
myfamily
myfamily1
myfamily4
myfamily5
myfather
myfriend
myfriend1
myfriends
myfriends1
myfuture
mygirl
mygirls1
mygirls2
mygirls3
mygirls4
mygodisgood
myheart1
myhoney1
myhouse1
myhumps1
myhusband
myjesus1
mykids
mykids02
mykids03
mykids04
mykids123
mylastfm
mylife
mylife08
mylife09
mylife11
mylife12
mylife123
mylinkedin
mylove
mylove01
mylove07
mylove08
mylove09
mylove10
mylove11
mylove12
mylove123
mylove1234
mylove12345
mylove13
mylove14
mylove15
mylove16
mylove18
mylove21
mylove22
mylove23
mylove24
mylove4u
mylove69
mylovely
myloveone
mylover1
mymommy1
mymoney1
mymother
mymother1
mymusic1
mymyspace
mymyspace1
myname12
myname123
mynameis
mynameis1
mynameiskhan
mynewlife
mynigga1
mynumber1
myparents
mypass
mypass123
mypassphrase
mypassw0rd
mypassword
mypassword1
myplace1
myporn
myprince
myprincess
myrtille
myrtle
myschool
mysecret
mysecret1
myself
myself123
mysister
myspace!
myspace#1
myspace*
myspace.
myspace.1
myspace.co
myspace0
myspace00
myspace001
myspace007
myspace01
myspace02
myspace03
myspace05
myspace06
myspace07
myspace08
myspace09
myspace1
myspace1!
myspace10
myspace100
myspace101
myspace11
myspace111
myspace12
myspace121
myspace123
myspace13
myspace14
myspace15
myspace16
myspace17
myspace18
myspace19
myspace197
myspace198
myspace199
myspace2
myspace20
myspace200
myspace201
myspace21
myspace22
myspace23
myspace24
myspace25
myspace26
myspace27
myspace28
myspace29
myspace3
myspace30
myspace31
myspace32
myspace321
myspace33
myspace34
myspace4
myspace420
myspace44
myspace45
myspace4me
myspace5
myspace55
myspace56
myspace6
myspace66
myspace666
myspace67
myspace69
myspace7
myspace75
myspace76
myspace77
myspace777
myspace78
myspace79
myspace8
myspace81
myspace82
myspace83
myspace84
myspace85
myspace86
myspace87
myspace88
myspace89
myspace9
myspace90
myspace91
myspace92
myspace93
myspace94
myspace95
myspace96
myspace98
myspace99
myspace999
myspace?
myspacepas
myspacesuc
mysterio
mysterio1
mysterio61
mysterio619
mysterious
mystery
mystery1
mystic
mystical
mystical1
mystikal
mystique
mystuff1
mythology
mythreesons
mytime
myworld1
myxworld
mzepab
mzyankin
n0=acc3ss
n0vember
n1234567
n12345678
n123456789
n1cholas
n2xcfgjcvr
n8zgt5p0shw=
n_pletneva
nacho123
nacional
nacional1
nacional10
nacked
nadanada
nadezhda
nadia
nadia123
nadine
nadine123
nagamani
nagaraju
nagasaki
nagendra
nailpolish
nakamura
naked
nallepuh
namaskar
namaste
namaste1
namaste78
name
nameless
nameless1
nana
nana1234
nanakwame
nananana
nancy
nancy1
nancy123
nancydrew
nanda123
nandhini
nando123
nang
nanny123
nanonano
nanook
nanou4552
nantes44
nantucket
naomi123
napalm
napolean
napoleon
napoleon1
napoleone
napoletano
napoli
napoli10
napoli1926
napster
napster1
narashchivaiunoghti
narasimha
narayana
narayanan
narcisse
narendra
nargiz-a
narkoman
narnia
naruhina
narusegawa
naruto
naruto00
naruto01
naruto07
naruto08
naruto09
naruto10
naruto100
naruto101
naruto11
naruto12
naruto123
naruto1234
naruto13
naruto14
naruto15
naruto16
naruto17
naruto18
naruto19
naruto20
naruto21
naruto22
naruto23
naruto24
naruto25
naruto33
naruto45
naruto55
naruto666
naruto69
naruto77
naruto88
naruto89
naruto90
naruto91
naruto92
naruto924
naruto93
naruto94
naruto95
naruto96
naruto97
naruto98
naruto99
narutofan1
narutokun
narutouzumaki
nascar
nascar01
nascar03
nascar08
nascar09
nascar1
nascar11
nascar12
nascar123
nascar14
nascar17
nascar18
nascar20
nascar24
nascar29
nascar38
nascar48
nascar88
nascar99
nascimento
nasfat12
nash
nashi1996
nashville
nashville1
nasigoreng
nastasia
nastenabendel
nastenka
nastina33592
nastusha
nasty
nasty1
nasty123
nastya-b86
nastya12
nastya123
nastya1995
nastya1996
nastya1997
nastya1998
nastya2010
nastyaanciferova
nastyanastya
nastygirl
nastygirl1
nata271283
nata_titj25
natacion
natalia
natalia1
natalia12
natalia123
natalia2
natalie
natalie!
natalie01
natalie06
natalie07
natalie08
natalie1
natalie10
natalie11
natalie12
natalie123
natalie13
natalie2
natalie23
natalie3
natalie4
natalie5
natalie7
natalie8
natalie9
natalija
natalina
nataliya
nataliystre
natalka1
natalya.dmitrieva.1978
natanael
natanata
natas666
natascha
natasha
natasha1
natasha11
natasha12
natasha123
natasha13
natasha2
natasha3
natasha7
natasha_19.65
natashka
natation
natatuma79
natchez
nate
nate1234
natedog1
natedogg
natedogg1
nathalia
nathalie
nathalie1
nathan
nathan00
nathan01
nathan02
nathan03
nathan04
nathan05
nathan06
nathan07
nathan08
nathan09
nathan1
nathan10
nathan11
nathan12
nathan123
nathan1234
nathan13
nathan14
nathan15
nathan16
nathan17
nathan18
nathan19
nathan21
nathan22
nathan23
nathan24
nathan69
nathan98
nathan99
nathanael
nathanie
nathaniel
nathaniel1
nathaniel2
nati.beridze.92
natiichen999
nation
national
national1
native
natividad
natural
natural1
nature
natureza
naughty
naughty1
naughty69
nausicaa
nautica
nautica1
nautical
nautilus
navajo
navarro1
navigator
navigator1
navy
navyblue
navyseal
navyseal1
navyseals
nayarit1
naynay12
naynay123
nazareno
nazareth
nazarova
nazgul
nbuhtyjr
nbvbb32fa9
nbvibt
nbvjityrj
ncabeax2vx
ncc-1701
ncc1701
ncc1701a
ncc1701d
ncc1701e
ncc74656
ncstate1
nd2ia8v8az
ndacebx2wx
ndeyl5
ndubuisi
ne1469
neal
nebraska
nebraska1
necklace
necro666
necromancer
necronomicon
nectar2011
nederland
nederland1
nedved11
need4speed
needajob
needforspeed
needle
needles
needletail
needlove
needmoney
needwork
nefertari
nefertiti
negative
negative1
neger123
negrita1
negrito1
negro123
neguinha
nehemiah
nehemiah1
neighbor
neil
nekoneko
nellie
nelly123
nelson
nelson01
nelson11
nelson12
nelson123
nemesis
nemesis1
nemezida
nemochkao1975
nemonemo
nemrac58
nemtudom
nenalinda
neng
neng2000
neon
neopet12
neopets1
neopets10
neopets11
neopets12
neopets13
neopets22
neophyte
nepal123
nepenthe
nephilim
neptune
neptune1
nermal
nero
neronero
nesakysiu
neslihan
neslyxovska
nessa123
nessa1234
nestle
netball1
netgear1
netscape
netscape1
netti-88
nettie
network
network1
network123
networking
networks
neutron
nevada
nevaeh06
nevaeh07
nevaeh08
never
never123
never4get
never_desponding
neveragain
neverdie
neverever
neverever1
neverforget
nevergiveu
nevergiveup
neverguess
neverland
neverland1
nevermin
nevermind
nevermind1
nevermore
nevermore1
neversaydie
neversayne
neversaynever
nevershout
nevertarget7
neverwinter
nevets
neville
neville1
new-york
new975wen
new_user
newark
newbaby1
newbie
newborn1
newcastl
newcastle
newcastle1
newcastle9
newdelhi
newengland
newfoundland
newgame9
newholland
newhope1
newhouse
newhouse1
newjersey
newjersey1
newlife
newlife07
newlife08
newlife09
newlife1
newlife10
newlife11
newlife12
newlife123
newlife2
newlife201
newlife2010
newlife2011
newlife3
newlife4me
newlife7
newlove1
newlove12
newman
newman12
newmexico
newmexico1
newmoney
newmoney1
newmoon1
newmoon2
newness
newone
neworder
neworleans
neworleans12345
newpass
newpass1
newpass6
newpasswor
newpassword
newport
newport01
newport1
newport100
newport12
newport123
newport2
newport20
newport3
newport69
newport7
newports
newports1
news
newshoes
newsletter
newspaper
newspaper1
newstart
newstart1
newthree51
newton
newuser1
newvision
newworld
newyear
newyear08
newyear09
newyear1
newyork
newyork!
newyork.
newyork01
newyork07
newyork08
newyork09
newyork1
newyork10
newyork11
newyork12
newyork123
newyork13
newyork14
newyork2
newyork21
newyork22
newyork23
newyork3
newyork4
newyork5
newyork6
newyork69
newyork7
newyork8
newyork9
newyorkcity
newyorker
newyourk
newzealand
nextel
nexus6
neymar11
nezabudka
nfhfcjdf
nfnmzyrf
nfvthkfy
nfyznfyz
nglw9840
ngockhoa
nguyen
nguyen123
nguyen4thewin
nha7ebf6kp
nhoemnhieu
niallhoran
nian
niang
niao
nibbles1
nicaragua
nicaragua1
nice
niceass
nicegirl
nicegirl1
niceguy
niceguy1
nicenice
nicetits
nicetry1
nich0las
nichelle
nichelle1
nicholas
nicholas!
nicholas.
nicholas01
nicholas1
nicholas10
nicholas11
nicholas12
nicholas123
nicholas13
nicholas14
nicholas16
nicholas2
nicholas21
nicholas22
nicholas3
nicholas4
nicholas5
nicholas6
nicholas7
nicholas8
nicholas9
nichole
nichole1
nichole12
nichole123
nichole2
nichole3
nichole7
nichols1
nicholson
nick
nick1234
nick12345
nick2000
nickcarter
nickel
nickelback
nicki123
nickie
nickiminaj
nickjonas
nickjonas!
nickjonas1
nickjonas2
nickname
nicknick
nicknick1
nickolas
nickolas1
nicky
nicky123
nico
nico1234
nicodemus
nicola
nicolas
nicolas01
nicolas1
nicolas10
nicolas12
nicolas123
nicolas2
nicolas7
nicole
nicole00
nicole01
nicole02
nicole03
nicole04
nicole05
nicole06
nicole07
nicole08
nicole09
nicole1
nicole10
nicole101
nicole11
nicole12
nicole123
nicole1234
nicole13
nicole14
nicole15
nicole16
nicole17
nicole18
nicole19
nicole20
nicole21
nicole22
nicole23
nicole24
nicole25
nicole26
nicole27
nicole28
nicole29
nicole30
nicole31
nicole32
nicole33
nicole34
nicole44
nicole69
nicole77
nicole82
nicole83
nicole84
nicole85
nicole86
nicole87
nicole88
nicole89
nicole90
nicole91
nicole92
nicole93
nicole94
nicole95
nicole96
nicole97
nicole98
nicole99
nicoleta
nicoletta
nicolette
nicolette1
nicolina
nicolino
nicolle1
niconico
nicotheo
nicotine
nideknil
nietzsche
niewiem1
nigeria1
nigerian
nigga
nigga101
nigga123
nigga4life
niggaplz1
nigger
nigger1
nigger11
nigger12
nigger123
nigger13
nigger22
nigger23
nigger420
nigger666
nigger69
niggers1
night
night123
nightcrawler
nightfall
nightfire
nighthawk
nighthawk1
nightingale
nightjar
nightmar
nightmare
nightmare1
nightmare2
nightmare6
nightowl
nightrider
nights
nightshade
nightwin
nightwing
nightwish
nightwish1
nightwolf
nihao123
niharika
nijmegen
nika_kisa88
nikanika
nike
nike1234
nikeair1
nikenike
niki
nikiniki
nikita
nikita01
nikita10
nikita11
nikita12
nikita123
nikita13
nikita1995
nikita1996
nikita1997
nikita1998
nikita1999
nikita2000
nikita2001
nikita2002
nikita2010
nikita98
nikita99
nikitina
nikitosik
nikki
nikki1
nikki101
nikki123
nikki1234
nikkisixx
niko
nikola123
nikolaev
nikolaeva
nikolaevna
nikolai1
nikolas1
nikolaus
nikolay_thebest
nikoleta
nikolina
nikon
nikoniko
nikprommet
nimbus
nimbus2000
nimda2k
nimitz
nimrod
nina
nina1234
ninanina
nine
nineball
nineinch
ninenine
niners
niners49
nineteen
nineteen19
ning
ningning
ninguna
nininini
ninja
ninja1
ninja101
ninja123
ninja250
ninja636
ninja666
ninjaman
ninjas
ninjasaga
ninjutsu
ninochka
ninonino
nintend0
nintendo
nintendo1
nintendo12
nintendo2
nintendo64
nintendods
nipper
nipple
nipples
nipples1
niranjan
nirankar
nirvana
nirvana!
nirvana.
nirvana1
nirvana11
nirvana12
nirvana123
nirvana13
nirvana2
nirvana3
nirvana5
nirvana6
nirvana666
nirvana69
nirvana7
nirvana8
nirvana9
nirvana94
nisha123
nishizhu
nissan
nissan01
nissan1
nissan12
nissan123
nissan240
nissan300
nissan350
nissan350z
nitin123
nitram
nitro
nitro123
nitrogen
nitrous1
nitrox
nittany
nittany1
nivedita
nixon
nj2mp73t
nj9st4ye3f
njdevils
njhygtftb567
nji90okm
njqcw4
nkechi12
nks230kjs82
nmt89109328673
nnnn
nnnnn
nnnnnn
nnnnnnn
nnnnnnnn
nnnnnnnnnn
no1butme
no1cares
no1knows
noaccess
noaccess99
noah
noah1234
noah2007
noahsark
nobody
nochance
nocturne
nodefinido
nodnarb1
nodoubt1
noel
noelle
nofear
nogard
nogueira
noiembrie
noisette
nokia
nokia1100
nokia123
nokia1234
nokia12345
nokia1600
nokia2000
nokia2700
nokia3100
nokia3110
nokia3120
nokia3200
nokia3210
nokia3220
nokia3230
nokia3250
nokia3310
nokia3650
nokia5130
nokia5200
nokia5228
nokia5230
nokia5300
nokia5310
nokia5320
nokia5530
nokia5610
nokia5700
nokia5800
nokia6020
nokia6120
nokia6131
nokia6210
nokia6230
nokia6230i
nokia6233
nokia6280
nokia6300
nokia6303
nokia6500
nokia6600
nokia6610
nokia6630
nokia6680
nokia6700
nokia7210
nokia7610
nokia8210
nokia8800
nokiae51
nokiae63
nokiae65
nokiae71
nokian70
nokian72
nokian73
nokian80
nokian81
nokian82
nokian90
nokian95
nokian97
nokianokia
nolan
noles
noles1
nolimit
nolimit1
nolimits
nolongthing
nomad
nomeacuerdo
nomelase
nomercy1
nomore
nomorerack
noname
noname123
noncapa09
none
nonenone
nong
nonmember
nono
nonono
nononono
nonpayment
nonsense
nonudity!
noobnoob
noodle
noodle12
noodle123
noodles
noodles1
noodles123
noodles2
nookie
nooneknows
nopasaran
nopass
nopasswo
nopassword
nope
noproblem
noranora
norbert
norbert1
norberto
norcal14
noregrets
noregrets1
norfolk
norfolk1
norma123
normajean
normajean1
normal
norman
norman12
norman123
normandie
normandy
norris
norteno14
north
north123
northeast
northeast1
northern
northern1
northshore
northside
northside1
northside2
northside4
northstar
northstar1
northwest
northwest1
northwood
norton
norway
norwegen
norwich
norwich1
norwood
norwood1
nose
nosferatu
nosferatu1
nosmoking
nosoup4u
nostalgia
nostradamus
nostress
nostromo
not4u2no
not_needed
notagain
notagain1
notebook
notebook1
notforyou
nothanks
nothing
nothing!
nothing.
nothing0
nothing1
nothing11
nothing12
nothing123
nothing2
nothing3
nothing7
nothings123
notnow
notorious
notorious1
notreal1
notredam
notredame
notredame1
notrust1
nottelling
nottingham
notvalid
notyours
notyours1
nounette
nounoune
nounours
nov151963
nova
novanova
novartis
novasenha
novell
novell123
november
november01
november05
november06
november07
november08
november09
november1
november10
november11
november12
november13
november14
november15
november16
november17
november18
november19
november2
november20
november21
november22
november23
november24
november25
november26
november27
november28
november29
november3
november30
november4
november5
november6
november7
november8
november9
novembre
novembro
novgorod
noviembre
noviembre1
noviembre2
novifarm
novikova
novosibirsk
noway
noway123
nowayjose
nowayout
nowehaslo
nowitzki41
nownow
noworries
nrfxtyrj
nssadmin
nt5d27
nthvbyfnjh
ntktdbpjh
nuan
nuclear
nuclear1
nude
nudes
nudist
nudity
nuevavida
nugget
nugget12
nuggets
nuggets1
nuggets15
nuggets3
null
number
number01
number10
number11
number12
number123
number13
number14
number15
number16
number17
number18
number19
number1dad
number1fan
number1mom
number1son
number20
number21
number22
number23
number24
number25
number27
number32
number33
number34
number41
number44
number55
number69
number88
number99
numberone
numberone1
numbers1
numbers123
numbnuts
numero10
numerouno
numlock1
nummero1
nuncamas
nuo0725nuo
nupe1911
nurse
nurse123
nurses
nursing
nursing08
nursing1
nursultan
nurudeen
nusha.88
nutcracker
nutella1
nutmeg
nutrition
nuts
nutsack1
nutter
nuttertool
nuttertools
nwo4life
nygiants
nygiants1
nyjets
nyknicks
nylons
nymets
nympho
nyq28giz1z
nyyankee
nyyankees
nyyankees1
o0o0o0o0
o1234567
o123456789
o67l2xzfvn
o8lhe2z7bo
oakcliff1
oakland
oakland1
oakland510
oakley
oakridge
oaktree
oaktree1
oakwood1
oasis
oasis123
oassw0rd
oatmeal
oatmeal1
obama2008
obama2009
obelix
oberon
obi4amte
obituary
obiwan
objects
oblivion
oblivion1
obsession
obsidian
obvious1
oc247ngucz
ocean
ocean123
oceans
oceans11
oceans12
oceanside
oceanside1
ocpoook325
octavia1
octavian
octavio1
october
october01
october02
october03
october05
october06
october07
october08
october09
october1
october10
october11
october12
october13
october14
october15
october16
october17
october18
october19
october2
october20
october21
october22
october23
october24
october25
october26
october27
october28
october29
october3
october30
october31
october4
october5
october6
october7
october8
october9
octopus
octopus1
oddball1
oddworld
odessa
odin
odysseus
odyssey
odyssey1
odz1w1rb9t
oedipus
oemdlg
office
office123
officer
officer1
official
official1
offroad
offroad1
offshore
offspring
offspring1
offthewall
oficinag3
ogplanet
ohcaptain
ohio
ohiostate
ohiostate1
ohiostate2
ohmnamah23
ohmygod
ohmygod!
ohmygod1
ohmygosh
ohshit
ohyeah
oicu812
oilers
oinkoink
ok123456
okcomputer
okechukwu
okiedokie
okinawa
okinawa1
oklahoma
oklahoma1
okmijnuhb
okokok
okokokok
oks65b6666
oksana130279
oksanaorgadykova
oksanav-13
oladimeji
oladipupo
olajumoke
olakunle
olalekan
olalekan1
olamide1
olamilekan
olanrewaju
olaolaola
olaoluwa
olarewaju
olasunkanmi
olatunde
olatunji
olawale1
olawunmi
olayinka
olayinka1
olayiwola
older
oldfart1
oldman
oldnavy1
oldone
oldschool
oldschool1
oldskool
oldskool1
oldsmobile
oldspice
oldspice1
oldtimer
oldtrafford
oleander
olechka061187
oleg-andry
oleg.jann
oleg1992
oleg1995
oleg1996
oleg1997
oleg1998
oleg272727
oleginator1
olegoleg
olegshut
olemiss
olemiss1
olesya.kolchina
olga.kazakova_85
olga.lekarewa
olga.ponomarenko.2012
olga.rumyanceva.1985
olga1234
olga1987
olga2010
olgaolga
olgastrashney
olgha.pietrova.1979
olimpia1
olitec00
olivares
olive
olive123
oliveira
olivejuice
oliveoil
oliver
oliver00
oliver01
oliver06
oliver07
oliver08
oliver09
oliver1
oliver10
oliver11
oliver12
oliver123
oliver13
oliver14
oliver15
oliver16
oliver21
oliver22
oliver23
oliver69
oliver77
oliver88
oliver99
olivetti
olivia
olivia01
olivia02
olivia03
olivia04
olivia05
olivia06
olivia07
olivia08
olivia09
olivia10
olivia11
olivia12
olivia123
olivia13
olivia14
olivia15
olivia16
olivia21
olivia22
olivia23
olivia99
olivier
olivier1
ollie
ollie123
olo65b6666
ololo123
ololoeva-99
olqa_motosova
olubunmi
olufiz14
olugbenga
olumide1
olusegun
olushola
oluwadare
oluwafemi
oluwakemi
oluwasegun
oluwaseun
oluwaseun1
oluwaseyi
oluwatobi
oluwatosin
oluwatoyin
olya.i.02
olyashev12
olympia
olympia1
olympiakos
olympic
olympic1
olympics
olympique
olympus
olympus1
omar
omar1234
omarbravo9
omarion1
omarion2
omarion21
omaromar
omega
omega1
omega123
omegared
omg12345
omgomg123
omgomgomg
omgwtfbbq
omicron
omnamahshivay
omnislash
omowunmi
omsainath
omsairam
omsakthi
omshanti
omshantiom
omsrisairam
onamrdiu
one1love
one1two2
one23456
one2three
one2three4
oneandonly
oneblood
oneblood1
onedirecti
onedirection
onelove
onelove!
onelove.
onelove1
onelove12
onelove123
onelove13
onelove2
onelove3
onelove4
onelove420
onelove69
onelove7
onemoretime
oneone
onepiece
onepiece1
onetime
onetime1
onetreehill
onetwo
onetwo12
onetwo34
onetwothree
onimusha
onion
onions
online
online12
online123
only
only14me
only1god
only1love
only4you
onlylove
onlyme
onlyone
onlyone1
onlyyou1
onmyown1
ontario
ontario1
ontheroad
onyebuchi
oogabooga
ooicu812
oojs4ykl
oooo
oooo0000
ooooo
oooooo
ooooooo
oooooooo
oooooooooo
opelastra
opelastra123
opelcorsa
opelvectra
open
open1234
opendoor
openit
opennow
opennow1
openopen
opensaysme
opensesame
openup
operation
operation1
operations
operator
operator1
opernhaus1
opeyemi1
ophelia
ophelia1
opiate
opiumbaron
opopopop
opportunity
optical1
optimist
optimistic
optimus
optimus1
optimusprime
option
options
optiplex
optiplex1
optiquest
opus
oracle
oracle123
oral
orange
orange01
orange07
orange08
orange09
orange1
orange10
orange11
orange12
orange123
orange1234
orange13
orange14
orange15
orange16
orange17
orange18
orange19
orange20
orange21
orange22
orange23
orange24
orange25
orange27
orange33
orange44
orange55
orange66
orange69
orange77
orange88
orange99
orangejuice
oranges
oranges1
oranges2
orangina
orangutan
orchard
orchard1
orchestra
orchid
orchidea
orchidee
ordenador
ordinary
ordinateur
oregon
orellana
oreo
oreo1234
oreocookie
oreoluwa
oreooreo
organic1
orgasm
orgasms
orgy
oriental
oriflame
oriflame_1910
original
original1
original21
orioles
orioles1
orion
orion1
orion123
orlando
orlando!
orlando1
orlando11
orlando12
orlando123
orlando13
orlando2
orlando3
orlando5
orlando7
orlandobloom
orleans1
orochimaru
orologio
orpheus
orquidea
orthodox
orwell
orwell1984
osama
osbourne
oscar
oscar1
oscar123
oscar1234
oscardog
oscardog1
oscarito
oscars
oscarwilde
osiris
oskar123
osman123
osprey
ossi2000
osvaldo1
oswaldo1
osynadepu
othello
othello1
otherside
otis
ottawa
otter
otto
ottootto
ou171423
ou29q6666
ou812
ou8122
ou8123
ou812345
ou8124me
ou8125150
ou812ou812
ouk29q6666
our3kids
out3xf
outback
outback1
outcast1
outdoors
outkast
outkast1
outlander
outlaw
outlaw69
outlaws1
outlawz1
outoutout
outreach
outside
outside1
outsider
outsider1
outsiders
ov3ajy
ovation1
ovechkin
ovechkin8
over
over2yangshuo
over9000
overcome
overcomer
overdose
overdrive
overflow
overkill
overkill1
overload
overlook
overlord
overlord1
override
overseas
overtime
ovr220278
owahodarea
owen
ownage123
owned123
owt243ygbh
owt243ygbj
oxford
oxnard805
oxygen
oxymoron
oyekunle
oyindamola
oyster
ozlq6qwm
ozzy
p00hbear
p00pp00p
p0o9i8u7
p0o9i8u7y6
p0rnstar
p1234567
p12345678
p123456789
p1466186
p1assword1
p1p2p3p4
p1ssword
p2ssw0rd
p2ssword
p2wcffjcvr
p2xcfgjcvr
p3avbwjw
p3rat54797
p3wqaw
p455w0rd
p455word
p4ssw0rd
p4ssword
p4vkinrw6x
p51mustang
p5415420
p6264758
p7678287
p8ntball
pa$$w0rd
pa$$word
pa1ub65udd
pa22word
pa33word
pa44word
pa55w0rd
pa55word
pa55wrd1
pa88word
pablito1
pablo
pablo123
pacers
pacers31
pacheco1
pachuca1
paciencia
pacific
pacific1
pacifica
pacifico
pacino
pack
packard
packard1
packardbell
packer
packers
packers04
packers1
packers12
packers123
packers2
packers4
pacman
pacman12
pacman123
paco
pacopaco
paddington
paddle
paddy
paddy123
padilla1
padmavathi
padrepio
padres
paganini
page
pagedown
paige
paige123
pain
painislove
painkiller
painless
paint
paintbal
paintball
paintball0
paintball1
paintball2
paintball3
paintball4
paintball5
paintball7
paintball8
paintball9
painter
painter1
painting
painting1
paisley
paisley1
pajarito
pajero
pakalolo
pakistan
pakistan1
pakistan12
pakistan123
pakistan12345
pakistan1947
pakistan2
pakistan47
pakistan786
pakistani
pakistani1
pakkness
palace
palacios
paladin
paladin1
palangga
palembang
palencia
palermo
palermo1
palestina
palestine
palestine1
palestra
pallavolo
pallmall
pallmall1
palmeiras
palmer
palmetto
palmtree
palmtree1
palmtrees
paloalto
paloma
paloma123
palomino
palomita
paluso00
pamela
pamela01
pamela11
pamela12
pamela123
pamelita
pampers1
pamplona
panama
panasoni
panasonic
panasonic1
panasonik
panatha13
panathinaikos
pancake
pancake1
pancakes
pancakes1
panchita
panchito
panchito1
pancho
pancho12
pancho123
pancho13
panda
panda1
panda101
panda123
panda_3108
pandabear
pandabear1
pandapanda
pandas
pandemonium
pandora
pandora1
pang
panganiban
pangeran
pangetako
pangetka
pangitka
panhead
panic
panic123
pankaj123
panmen188
pannekoek
panocha1
panorama
pantalon
pantera
pantera1
pantera12
pantera123
pantera2
pantera3
pantera6
pantera666
pantera69
panther
panther1
panther10
panther11
panther12
panther123
panther13
panther2
panther21
panther3
panther4
panther5
panther6
panther7
panther9
panthera
panthere
panthers
panthers!
panthers08
panthers09
panthers1
panthers10
panthers11
panthers12
panthers13
panthers2
panthers23
panthers3
panthers5
panthers7
panthers89
pantie
panties
panties1
pants
pantyhose
pantyhose1
panzer
paokara4
paola123
paoletta
paolo123
papa
papa1234
papabear
papabear1
papacito
papagaio
papamama
papamama1
papamaman
papamummy
papapapa
paparazi
paparazzi
paparoach
paparoach1
papasito
papasito1
papaslexzy
papasmurf
papasmurf1
papatoma1
paper
paper123
paperboy
paperboy1
paperclip
paperclip1
papercut
papercut1
paperina
paperino
papermate
papermate1
papers
papichulo
papichulo1
papillon
papillon1
papito
papoose1
papounet
pappa123
pappagallo
pappy
paprika1
papuskin
parabellum
parabola
paracetamol
parachute
paradigm
paradigma
paradise
paradise1
paradise2
paradise7
paradiso
paradox
paradox1
paragon
paragon1
paraguay
parakeet
paralegal
paralelepipedo
paramedi
paramedic
paramedic1
paramore
paramore!
paramore1
paramore12
paramount
paramount1
paranoia
paranoid
paranoid1
paranormal
parasite
parents1
parfenovav
paris
paris1
paris123
paris2010
parishilton
parisien
parisparis
park
parker
parker01
parker08
parker09
parker10
parker11
parker12
parker123
parker13
parker22
parkour1
parkside
parkside1
parkview
parkway1
parlament
parliament
parol123
parola
parola12
parola123
parola33
parolamea
parolparol
parrish1
parrot
parrotlet
parsifal
parsons
parsons1
partizan
partizan1
partner
partner1
partners
partridge
partsites
party
party101
party123
partyboy
partyboy1
partygirl
partygirl1
partyhard1
partyof5
partyone
partytime
partytime1
parvathi
parvathy
pasadena
pasadena1
pasaway1
pascal
pascaline
pasha123
paska123
pasodeblas
paspass1234
pasquale
pass
pass-word
pass.word
pass1
pass123
pass1234
pass12345
pass123456
pass12sa
pass1478
pass1word
pass2244
pass2word
pass4word
pass9876
pass_2011
pass_rrewq
pass_rrr
pass_word
passat
passcode
passcode1
passenger
passer2009
passer2010
passer2011
passerotto
passion
passion1
passion12
passion123
passion2
passion3
passion4
passion69
passion7
passion8
passionate
passione
passions
passions1
passmast
passme
passord1
passover
passpass
passpass1
passport
passport1
passrett222
passsword
passthie
passw0rd
passw0rd!
passw0rd1
passw3rd
passward
passward1
passwd
passwerd
passwerd1
passwor
passwor1
password
password!
password!!
password#1
password*
password-1
password.
password..
password.1
password0
password00
password001
password007
password01
password02
password03
password04
password05
password06
password07
password08
password09
password1
password1!
password1.
password10
password100
password101
password11
password111
password12
password123
password1234
password12345
password123456
password1234567
password12345678
password123456789
password13
password14
password15
password16
password17
password18
password19
password2
password20
password2010
password2011
password21
password22
password23
password24
password25
password26
password27
password28
password29
password3
password30
password31
password32
password321
password33
password34
password35
password36
password37
password4
password40
password41
password42
password420
password43
password44
password45
password47
password5
password50
password51
password52
password54
password55
password56
password57
password6
password64
password65
password66
password666
password67
password69
password7
password71
password72
password73
password74
password75
password76
password77
password777
password78
password79
password8
password80
password81
password82
password83
password84
password85
password86
password87
password88
password89
password9
password90
password91
password92
password93
password94
password95
password96
password97
password98
password99
password:
password?
password_1
password_rr
passwordd
passwordd1
passwordko
passwordnew
passwordpassword
passwords
passwords1
passworld
passwort
passwort!
passwort1
passwort12
passwort123
pasta
pasta123
pastis51
pastor
pastorius
pastrana
pasuma12
paswoord
pasword
pasword1
pasword123
patagonia
patanahi
patapouf
patatina
patch
patch123
patches
patches01
patches1
patches11
patches12
patches123
patches2
patches3
patches7
paterson
paterson1
pathetic
pathfind
pathfinder
pathology
patience
patience1
patitofeo
patrice
patrice1
patricia
patricia1
patricia12
patricia2
patricia3
patricio
patricio1
patrick
patrick!
patrick.
patrick01
patrick07
patrick08
patrick09
patrick1
patrick10
patrick11
patrick12
patrick123
patrick13
patrick14
patrick15
patrick16
patrick17
patrick18
patrick2
patrick21
patrick22
patrick23
patrick24
patrick3
patrick4
patrick5
patrick6
patrick69
patrick7
patrick8
patrick9
patriot
patriot1
patriots
patriots1
patriots12
patriots2
patrizia
patrizio
patrol
patrycja
patrycja1
patryk123
patterson
patterson1
patti
pattinson
patton
patty
patty123
pattycake
paul
paul1234
paula
paula123
paulchen
paulette
paulette1
paulie
paulina
paulina1
paulina123
pauline
pauline1
paulinha
paulinho
paulinka
pauljohn
paulo123
paulpaul
paulwall1
pavankumar
pavel123
pavement
pavilion
pavilion1
pavithra
pavlenko
pavlov
pawel123
pawelek1
paxton
payaso13
payback1
payday
payton
payton01
payton12
payton34
pazeamor
pazyamor
pazzainter
pazzword
pazzword123
pbvfktnj
pcwac33gb9
pdbdfby2xx
pdiddy
pdtpljxrf
pe#5gz29ptzmse
peabody
peabody1
peace
peace&love
peace1
peace101
peace123
peace1234
peace420
peace4all
peace4me
peaceandlo
peaceandlove
peaceful
peaceful1
peacelove
peacelove1
peacemaker
peaceman
peaceout
peaceout1
peach
peach123
peaches
peaches!
peaches01
peaches08
peaches09
peaches1
peaches10
peaches11
peaches12
peaches123
peaches13
peaches2
peaches21
peaches22
peaches23
peaches3
peaches4
peaches5
peaches6
peaches69
peaches7
peaches8
peaches9
peachtree
peachy
peacock
peacock1
peanut
peanut00
peanut01
peanut02
peanut03
peanut04
peanut05
peanut06
peanut07
peanut08
peanut09
peanut1
peanut10
peanut101
peanut11
peanut12
peanut123
peanut1234
peanut13
peanut14
peanut15
peanut16
peanut17
peanut18
peanut21
peanut22
peanut23
peanut24
peanut33
peanut69
peanut77
peanut88
peanut99
peanutbutt
peanutbutter
peanuts
peanuts1
peanuts2
peanuts5
pearl
pearl1
pearl123
pearljam
pearljam1
pearljam10
pearls
pearson
pearson1
peavey
pebble
pebbles
pebbles01
pebbles1
pebbles12
pebbles123
pebbles2
pebbles3
pebbles7
pebdfcz3yx
pebefcz3yx
pecker
peckerwood
pedagogia
pedarsag
peddler
pedersen
pedigree
pedrinho
pedrito1
pedro
pedro123
pedros
peekab00
peekaboo
peekaboo1
peepee
peeper
peepers
peepers1
peewee
peewee11
peewee12
peewee123
peewee13
pegasus
pegasus1
peggy
peggy123
peggysue
peinture
pekanbaru
pekida30
peleleco
pelican
pelican1
pelicano
pelon123
pelotudo
peluche1
peluchin
pelusita
pembroke
pencil
pencil12
pencil123
pendeja1
pendejo1
pendragon
pendragon1
pendulum
penelopa
penelope
penelope1
penetrating
penetration
peng
pengpeng
penguin
penguin!
penguin1
penguin11
penguin12
penguin123
penguin13
penguin2
penguin22
penguin3
penguin4
penguin5
penguin7
penguin8
penguin9
penguins
penguins1
penis
penis1
penis123
penis666
pennstate
pennstate1
penny
penny1
penny123
pennydog
pennylane
pennylane1
pennywis
pennywise
pennywise1
pensacola
pensacola1
penshoppe
pentagon
pentagram
penthous
penthouse
pentium
pentium1
pentium2
pentium3
pentium4
people
people11
people12
people123
people22
peoples1
pepe
pepe1234
pepepepe
peperoni
pepito
pepper
pepper00
pepper01
pepper02
pepper06
pepper07
pepper08
pepper09
pepper1
pepper10
pepper101
pepper11
pepper12
pepper123
pepper1234
pepper13
pepper14
pepper15
pepper16
pepper21
pepper22
pepper23
pepper24
pepper33
pepper69
pepper77
pepper88
pepper99
pepperdog
peppermint
pepperoni
pepperoni1
peppers
peppers1
pepsi
pepsi1
pepsi101
pepsi123
pepsicola
pepsicola1
pepsimax
pepsimax1
percival
percussion
peregrine
perempuan
perez123
perfect
perfect1
perfect10
perfect12
perfect123
perfect2
perfect7
perfection
perfecto
performance
perfume1
pericles
periwinkle
perkele1
perkins
perkins1
permanent
pernille
perpignan
perrin
perrito1
perritos
perro123
perroloco
perry
perry123
persempre
persephone
pershing
persian
persian1
persimmon
person
personal
personal1
personale
personne
personnel
pertinant
pervert
pervert1
pescador
pescator
pesciolino
peshawar
petanque
pete
peter
peter1
peter123
peter1234
peterbil
peterbilt
peterbilt1
peterbuilt
peterburg
peternorth
peterpan
peterpan1
peterpan2
peterpeter
peters
petersen
peterson
peterson1
peterson28
petewentz
petewentz1
petey123
petra
petra123
petrenko
petroleum
petronas
petrovich
petrovna
petrucci
petruska
petunia
petunia1
peugeot
peugeot1
peugeot106
peugeot206
peugeot306
peugeot307
peugeot406
pewdiepie
peyton
peyton01
peyton08
peyton12
peyton18
pfchfytw
pfloyd
pfqxjyjr
pfqxtyjr
pg260365
phaedrus
phantom
phantom1
phantom2
phantom7
phantoms
pharao
pharmacie
pharmacist
pharmacy
pharmacy1
pharrell
phat
phatboy1
phatfarm
pheasant
pheonix
pheonix1
phialpha
phil
philadelphia
philip
philip12
philip123
philipp1
philippa
philippe
philippe1
philippine
philippines
philips
philips1
philips123
phillies
phillies08
phillies1
phillip
phillip1
phillip123
phillip2
phillips
phillips1
philly
philly123
philly215
philomena
philosophy
phish
phish1
phish420
phoebe
phoebe01
phoebe12
phoebe123
phoenix
phoenix!
phoenix01
phoenix1
phoenix11
phoenix12
phoenix123
phoenix13
phoenix2
phoenix3
phoenix5
phoenix602
phoenix69
phoenix7
phoenix8
phoenix888
phoenix9
phone
phone123
phones
photo
photo1
photo123
photoes
photograph
photography
photon
photos
photoshop
phpbb
phrases
phreak
phyllis
phyllis1
physical
physics
physics1
pi314159
pian
piankova72
piano
piano123
pianoforte
pianoman
pianoman1
pianos
piao
piazza
piazza31
pic\'s
picard
picasso
picasso1
piccione
piccolina
piccolo
piccolo1
picher
pick
pickle
pickle11
pickle12
pickle123
pickle13
pickles
pickles!
pickles1
pickles12
pickles123
pickles2
pickles3
pickles7
picks
pickup
pickwick
picnic
pics
pictere
pictuers
picture
picture1
pictures
pictures1
picturs
piedmont
pieface1
pieisgood
pierce
pierce34
piercing
pierluigi
pierpaolo
pierre
pierre123
pierrick
pigeon
piggies1
piggy
piggy123
piglet
piglet01
piglet12
piglet123
pigpen
pikachu
pikachu1
pikachu12
pikachu123
pikachu2
pikachu25
pikapika
pilchard
pilgrim
pilgrim1
piligrim
pilipinas
pilipino
pillow
pillow123
pilot
pilot1
pilot123
pilots
pimentel
pimousse
pimp
pimp1234
pimp12345
pimp2006
pimp4life
pimpdadd
pimpdaddy
pimpdaddy1
pimpdaddy2
pimpette
pimpette1
pimpin
pimpin01
pimpin06
pimpin07
pimpin08
pimpin09
pimpin10
pimpin101
pimpin11
pimpin12
pimpin123
pimpin13
pimpin14
pimpin15
pimpin16
pimpin21
pimpin22
pimpin23
pimpin24
pimpin420
pimpin69
pimping
pimping1
pimpjuice
pimpjuice1
pimpman1
pimpollo
pimppimp
pimppimp1
pimpshit
pimpshit1
pimpster
pimpster1
pinacolada
pinarello
pinball
pinball1
pinch
pincopallino
pindakaas
pine
pineappl
pineapple
pineapple!
pineapple1
pineapple2
pineapple3
pineapple7
pineapples
pinecone
pinecone1
pinetree
pinetree1
pinewood
ping
pingouin
pingping
pingpong
pingpong1
pinguino
pinhead
pinhead1
pinheiro
pink
pink1234
pink12345
pinkerton
pinkflower
pinkfloy
pinkfloyd
pinkfloyd1
pinkgirl
pinkgirl1
pinklady
pinklady1
pinklove
pinklove1
pinklover
pinklover1
pinkness
pinkpanthe
pinkpanther
pinkpink
pinkpink1
pinkrose
pinkrose1
pinkstar
pinky
pinky1
pinky101
pinky123
pinnacle
pinnacle1
pinocchio
pinoyako
pintail
pinto
pinuccio
pioneer
pioneer1
pioneers
piotrek1
pioupiou
pipe
pipeline
pipeline1
piper
piper123
pipi1000
pipicaca
pipopipo
pippen
pippen33
pippin
pippo
pippo123
pippopippo
piramida
piramide
pirate
pirate12
pirate123
pirate13
pirates
pirates!
pirates1
pirates12
pirates123
pirates2
pirates3
pirouette
pirulito
pisces
pisellino
pisellone
pisicuta
piss
pissed
pissedoff
pissedoff1
pisser
pissing
pissoff
pissoff1
pistache
pistol
piston
pistons
pistons1
pitagoras
pitapooe1
pitbull
pitbull1
pitbull12
pitbull123
pitbull13
pitbull2
pitbull23
pitbull3
pitbull5
pitbull69
pitbull7
pitbulls
pitbulls1
pitch
pitcher
pitcher1
pitchers
pitchoune
pitiponc
pitt
pittbull
pittbull1
pittsburgh
pitufina
pitures
pixie
pixie123
pixiedust
pixiedust1
pixies
pizza
pizza1
pizza101
pizza123
pizza1234
pizzaboy
pizzahut
pizzahut1
pizzaman
pizzaman1
pizzapie
pizzapie1
pizzapizza
pizzas
pizzeria
pk3x7w9w
pktmxr
pkxe62
place
placebo
placebo1
placement
places
placid
planb123
plane
planes
planet
plankova2012
plankton
planner1
planning
plants
plasma
plaster
plastic
plastic1
plastics
platano1
platinum
platinum1
plato
platypus
platypus1
play
play2win
play4fun
playa
playa123
playa4life
playball
playball1
playbill
playboi1
playboy
playboy!
playboy.
playboy01
playboy07
playboy08
playboy09
playboy1
playboy10
playboy101
playboy11
playboy12
playboy123
playboy13
playboy14
playboy15
playboy16
playboy17
playboy18
playboy2
playboy21
playboy22
playboy23
playboy3
playboy4
playboy5
playboy6
playboy69
playboy7
playboy8
playboy9
playboys
player
player01
player07
player08
player09
player1
player10
player101
player11
player12
player123
player13
player14
player15
player16
player17
player18
player21
player22
player23
player24
player69
players
players1
playful1
playgame
playgames
playgirl
playgirl1
playgirl69
playground
playgurl
playhard
playing
playing1
playmaker
playmate
playmate1
playoffs
playplay
playstat
playstatio
playstation
playstation1
playstation2
playstation3
playtime
playtime1
pleasant
pleasant1
please
please1
please11
please12
please123
pleaseme
pleasure
pleasure1
pletnevakaterina
pljhjdmt
plokij
plokijuh
plombier
plopplop
ploppy
ploppy10
plum
plumber
plumber1
plumbing
plumbing1
plumeria
plus
pluto
pluto123
plymouth
plymouth1
pn5jvw
pnufsci218
pocahontas
pochacco
pocket
pocket12
pockets1
pocoloco
poderosa
poderoso
podolski
podstava
poepen19
poetry
poets
pogiako1
pogiako123
pohekale
poilkjmnb
point
pointblank
pointbreak
pointer
pointer1
pointers
pointjor
points
poipoi
poipoipoi
poison
poisonivy
poissons
poiu
poiu0987
poiu1234
poiupoiu
poiuy
poiuy123
poiuyt12
poiuyt123
poiuytre
poiuytrew1
poiuytrewq
poiuytrewq1
poiuytreza
pok29q6666
pokemon
pokemon!
pokemon.
pokemon0
pokemon00
pokemon01
pokemon09
pokemon1
pokemon10
pokemon100
pokemon101
pokemon11
pokemon12
pokemon123
pokemon1234
pokemon12345
pokemon13
pokemon14
pokemon15
pokemon2
pokemon21
pokemon22
pokemon23
pokemon3
pokemon4
pokemon5
pokemon6
pokemon69
pokemon7
pokemon8
pokemon88
pokemon9
pokemon90
pokemon98
pokemon99
pokemons
poker
poker1
poker123
pokerface
pokerface1
pokerstar
pokesmot
pokey
pokopushkin
poland
polarbear
polarbear1
polaris
polaris1
polaroid
polenka1
police
police01
police11
police12
police123
police911
policeman
policeman1
polikloh00000
polinesia
polinochka
polipoli
polish
politics
polkadot
polkadot1
polkadots
polkadots1
polkaudio
polkaudio1
polkovnik
pollack1
pollito1
pollo123
pollution
pollux
polly
polly123
pollyanna
polniypizdec0211
polniypizdec1102
polniypizdec110211
polo
polo1234
polochon
polonia1
polopolo
polopolo1
polosport
polpetta
polpol11
polpolpol
polska
polska11
polska12
polska123
pomalo123
pommes
pommes123
pomodoro
pomona909
pompey
pompiers
poncho
ponderosa
pong
pongpong
ponorogo
pontiac
pontiac1
pontiacg6
pontianak
pony
ponyboy1
ponytail
poobear
poobear1
poochie
poochie1
poochie2
poodle
poodles1
pooface1
pooh
pooh1234
poohbaby1
poohbear
poohbear!
poohbear01
poohbear07
poohbear08
poohbear09
poohbear1
poohbear10
poohbear11
poohbear12
poohbear13
poohbear14
poohbear15
poohbear16
poohbear17
poohbear18
poohbear19
poohbear2
poohbear20
poohbear21
poohbear22
poohbear23
poohbear3
poohbear4
poohbear5
poohbear6
poohbear69
poohbear7
poohbear8
poohbear9
poohead1
poohpooh
poohpooh1
pooja123
pookey
pookie
pookie01
pookie08
pookie10
pookie11
pookie12
pookie123
pookie13
pookie14
pookie21
pookie22
pookie23
pookie69
pookiebear
pooky
pool
pool6123
poolpool
poolshark
poon
poontang
poontang1
poop
poop1234
poop12345
poopdick
poopdick1
pooper
pooper12
pooper123
poopers1
poopface
poopface1
poophead
poophead1
poopie
poopie12
poopie123
poopies1
pooping1
poopmaster
poopoo
poopoo11
poopoo12
poopoo123
poopoo22
poopoopoo
pooppoop
pooppoop1
poopsie1
poopstain
poopstain1
poopy
poopy123
poopypants
poornima
pooter
pop12345
pop168168
popapopa
popcorn
popcorn!
popcorn.
popcorn1
popcorn10
popcorn101
popcorn11
popcorn12
popcorn123
popcorn13
popcorn2
popcorn22
popcorn23
popcorn3
popcorn4
popcorn5
popcorn6
popcorn7
popcorn8
popcorn9
popeye
popeye123
popo
popo1234
popokatepetl
popopo
popopopo
popovkin83
popper
poppop
poppop12
poppop123
poppoppop
poppy
poppy1
poppy123
poppydog
poprocks
poprocks1
popsicle
popsicle1
popstar1
popstar123
poptart1
poptart2
poptarts
poptarts1
poptropica
popular1
porche911
porcinet
porcodio
porcodio1
porcupine
porfavor
pork
porkchop
porkchop1
porky
porkypig
porn
porn4life
pornking
porno
porno1
porno123
pornographic
pornos
pornostar
pornporn
pornstar
pornstar1
pornstar69
porridge
porsche
porsche1
porsche9
porsche911
porsche944
porshe911
porsiempre
port
portable
portakal
porter
portfolio
portia
portillo
portis26
portishead
portland
portland1
portocala
portsmouth
portugal
portugal1
portugal12
portugal17
portugal7
portugues
portvale
poseidon
poseidon1
poseinfopass
positano
positive
positive1
positivo
posoxina.88
possible
possible1
possum
post
postal
postcard
postman
postman1
postoffice
postov1000
potapova
potato
potato12
potato123
potatoe1
potatoes
potatoes1
potential
pothead
pothead1
pothead2
pothead420
pothead69
potter
potter11
potter12
potter123
potter13
poubelle
pouetpouet
poulette
pounded
pounding
poupette
poupoune
pourquoi
povlmly727
povray14
powder
powell
power
power1
power123
power1234
power12345
power999
powerade
powerade1
powerball
powerful
powerful1
powerfull
powerhouse
powerman
powerman1
powermax
powerof3
powerplay
powerpower
powerpuff
powerpuff1
powerrange
powerranger
powerrangers
powers
powerslave
powerstroke
pp123456
ppoo0099
pppp
ppppp
pppppp
ppppppp
pppppppp
ppppppppp
pppppppppp
pqntmt1247
pr1nc3ss
pr1ncess
prabhakar
practical
practice
practice1
prague
praise
praisegod
praisegod1
praisehim
praisethelord
prajakta
praktikum
prancer1
prankster1
prasad123
prasanna
prasanth
prashant
prashanth
pratibha
pratiksha
praveena
prayer
prayers
preacher
preacher1
preciosa
preciosa1
precioso
precious
precious!
precious01
precious1
precious10
precious11
precious12
precious13
precious2
precious3
precious5
precious7
precision
predator
predator1
predator2
pregmar2
pregnant
pregnant1
prelude
prelude1
premier
premier1
premiere
premium
premium1
presario
presario1
preschool
prescott
presiden
president
president1
presidente
presley
presley1
pressure
pressure1
prestige
prestige1
prestigio
presto
preston
preston1
preston12
preston123
preston2
preston3
pretender
pretinha
pretoria
pretty
pretty01
pretty07
pretty08
pretty09
pretty10
pretty101
pretty11
pretty12
pretty123
pretty13
pretty14
pretty15
pretty16
pretty17
pretty18
pretty21
pretty22
pretty23
prettyboi1
prettyboy
prettyboy1
prettyboy2
prettyboys
prettygirl
prettygurl
prettyinpink
prettylady
prettyme
prettyme1
prettypink
prettywoman
pretzel
pretzel1
preview1
prezident
priceless
priceless1
prick
pride
pridprid
pridurok
priest
prieto77
prikoluxa
prima
primavara
primavera
primavera1
prime
primetime
primetime1
primetime2
primetime21
primrose
primrose1
primus
princ3ss
prince
prince01
prince07
prince08
prince09
prince1
prince10
prince11
prince12
prince123
prince1234
prince13
prince14
prince1999
prince21
prince22
prince23
prince33
prince55
prince69
prince99
princes1
princesa
princesa1
princesa12
princesa2
princesita
princess
princess!
princess#1
princess*
princess.
princess0
princess00
princess01
princess02
princess03
princess04
princess05
princess06
princess07
princess08
princess09
princess1
princess10
princess101
princess11
princess12
princess123
princess13
princess14
princess15
princess16
princess17
princess18
princess19
princess2
princess20
princess21
princess22
princess23
princess24
princess25
princess26
princess27
princess28
princess29
princess3
princess30
princess31
princess32
princess33
princess34
princess4
princess44
princess45
princess5
princess55
princess56
princess6
princess66
princess69
princess7
princess77
princess78
princess8
princess81
princess82
princess83
princess84
princess85
princess86
princess87
princess88
princess89
princess9
princess90
princess91
princess92
princess93
princess94
princess95
princess96
princess97
princess98
princess99
princessa
princessa1
princesse
princesse1
princeto
princeton
princeton1
principal
principe
principe1
principessa
pringles
pringles1
prinsesa
printemps
printer
printer1
printesa
printing
prinzessin
priscila
priscilla
priscilla1
prishtina
prisonbreak
prisoner
prissy
privacy
privacy1
private
private1
private123
private2
privet123
privetik
priya123
priyanka
priyanka1
probation1
probes
problem1
prodigy
prodigy1
produce1
producer
producer1
product
production
profesional
profesor
profesora
profession
professional
professionaltools
professor
professor1
professora
profile1
profissional
profit
progamer
program
program1
programmer
progress
progress1
progressive
project
project1
project123
project8
project86
projects
projectsadminx
prometeo
prometheus
promise
promise1
promise123
promise2
promises
promote1
promotion
promotion1
propaganda
property
property1
prophecy
prophet
prophet1
prospect
prospect1
prosper
prosper1
prosperity
prospero
prosto_chelkynchik
prostreet
prosvirkind
protect
protect1
protected
protection
protector
protocol
proton
protoss1
prototype
protozoa
proutprout
provence
proverbs
proverbs1
proverbs31
proverbs35
proverka
providence
provider
proview1
prowler
prowler1
proxy
prozac
prozukin-shift
prudence
prudence1
prunelle
przemek1
przyjaciolki
psalm119
psalm121
psalm139
psalms23
psalms91
psicologa
psicologia
psp71835
psycho
psycho13
psycho666
psycho69
psychology
psytrance
pt120439
ptbdhw
ptcruiser
ptfe3xxp
ptybnxtvgbjy
public
publicidad
puck
puddin
pudding
pudding1
puddles
puddles1
puertorico
puff
puffdaddy
puffer
puffetta
puffin
puffpuff
puffy
pugsley
pugsley1
pulguita
pulled
pulpfiction
pulsar
pulsar150
pulsar180
pumapuma
pumas123
pump
pumper
pumpkin
pumpkin!
pumpkin01
pumpkin1
pumpkin11
pumpkin12
pumpkin123
pumpkin13
pumpkin2
pumpkin22
pumpkin3
pumpkin4
pumpkin5
pumpkin7
pumpkin8
pumpkin9
pumpkinpie
pumpkins
pumpkins1
punani
punch
punisher
punisher1
punjabi1
punk
punk1234
punk4life
punkass
punkass1
punker
punkin
punkista
punkpunk
punkrock
punkrock!
punkrock1
punkrock10
punkrocker
punksnotdead
puntacana
puppet
puppies
puppies!
puppies1
puppies12
puppies123
puppies2
puppies3
puppies4
puppies5
puppies7
puppy
puppy1
puppy101
puppy123
puppydog
puppydog1
puppylove
puppylove1
puppylove2
puppylover
puppyluv
puppyluv1
puravida
purchase
purchasing
purdue
purelove
purple
purple00
purple01
purple02
purple03
purple04
purple05
purple06
purple07
purple08
purple09
purple1
purple10
purple101
purple11
purple12
purple123
purple1234
purple13
purple14
purple15
purple16
purple17
purple18
purple19
purple20
purple21
purple22
purple23
purple24
purple25
purple26
purple27
purple28
purple29
purple30
purple32
purple33
purple34
purple420
purple44
purple45
purple55
purple66
purple67
purple69
purple76
purple77
purple78
purple87
purple88
purple89
purple90
purple92
purple93
purple94
purple95
purple96
purple97
purple99
purplehaze
purplelove
purplerain
purpose1
puss
pussey
pussie
pussies
pusspuss
pusspuss1
pusssy
pussy
pussy1
pussy101
pussy123
pussy1234
pussy2
pussy420
pussy4me
pussy666
pussy69
pussy6969
pussycat
pussycat1
pussycat2
pussycat69
pussyeat
pussyeater
pussylicker
pussylips
pussylover
pussyman
pussypussy
pussys
pusyy
puta
putamadre
putamadre1
putangina
putanginam
putanginamo
putaputa
putter
puttputt
puzzle
pvjegu
pw2012yr
pw898klkag
pwisdiwhs
pwlamea10
pwxd5x
px6gcr51
pxx3eftp
pyanzina_elena
pyf8ah
pyon
pyramid
pyramid1
pyramide
pyramids
python
q0tsrbv488
q1111111
q1234567
q12345678
q123456789
q1234567890
q123456q
q123q123
q12we34r
q18lg49iq8bhu
q1q1q1q1
q1q1q1q1q1
q1q2q3q4
q1q2q3q4q5
q1w2e3
q1w2e3r4
q1w2e3r4t
q1w2e3r4t5
q1w2e3r4t5y6
q1w2e3r4t5y6u7
q1w2e3r4t5y6u7i8
q1w2e3r4t5y6u7i8o9
q1w2e3r4t5y6u7i8o9p0
q1w2q1w2
q2345678
q2w3e4r5
q2w3e4r5t
q2w3e4r5t6
q3538004
q8a74ippxd
q963258741q
q9umoz
qa27111985qa
qamilek1
qarglr123
qavcx411
qawsed
qawsed12
qawsed123
qawsedrf
qawsedrf1
qawsedrftg
qawsedrftgyh
qaywsx123
qaywsxedc
qaz123
qaz123123
qaz12345
qaz123456
qaz123456789
qaz123qaz
qaz123wsx
qaz123wsx456
qaz12wsx
qaz1wsx2
qazedctgb
qazplm123
qazqaz
qazqaz11
qazqaz12
qazqaz123
qazqazqaz
qazw21123
qazwsx
qazwsx11
qazwsx12
qazwsx123
qazwsx1234
qazwsx12345
qazwsx123456
qazwsx13
qazwsx23
qazwsx321
qazwsx741
qazwsxed
qazwsxed1
qazwsxedc
qazwsxedc1
qazwsxedc12
qazwsxedc123
qazwsxedc12345
qazwsxedc2
qazwsxedcr
qazwsxedcrfv
qazwsxedcrfvtgb
qazwsxqazwsx
qazxcdews
qazxcvbnm
qazxsw
qazxsw111
qazxsw12
qazxsw123
qazxsw21
qazxswed
qazxswedc
qazxswedc1
qazxswedc123
qazxswedcvfr
qazzaq123
qbg26i
qcfmtz
qcmfd454
qdujvyg5sxa
qdxzc43gba
qdye17t1zv
qebefcz3yx
qecegda3zx
qfcfgda3zx
qg9543bh7
qguvyt
qh6xl1p9xj
qhxbij
qian
qiang
qianqian
qiao
qiciqdp162
qing
qingqing
qiong
qn4kbwv559
qn632o
qnxe66l7or
qoxrzwfr
qpalzm123
qpqpqpqp
qpwoeiru
qpwoeiruty
qq000000
qq111111
qq112233
qq123000
qq123123
qq123456
qq123456789
qq18ww899
qq5201314
qqh92r
qqq123456
qqqaaazzz
qqqq
qqqq1111
qqqq1234
qqqqq
qqqqq11111
qqqqqq
qqqqqq11
qqqqqqq
qqqqqqq1
qqqqqqqq
qqqqqqqq1
qqqqqqqqq
qqqqqqqqq1
qqqqqqqqqq
qqqqqqqqqqqq
qqqqwwww
qqqwwweee
qqww1122
qqwweerr
qsdfghjklm
qsefthuko
qti7zxh18u
quackers
quagmire
quake
quality
quality1
quality123
quan
quant4307s
quantum
quantum1
quaresma
quarter1
quartz
quasar
quasimodo
quattro
que-veux-tu
quebec
queen
queen1
queen123
queen4life
queenbee
queenbee1
queenie
queenie1
queens
queensland
quentin
quentin1
quest
quest1
question
question1
queteimporta
qugrqfo825
quick
quicksilve
quicksilver
quidditch
quiksilver
quilting
quincy
quinn
quintana
quintero
quintin1
quinton1
quovadis
qvo78evm
qw10081973
qw123321
qw123456
qw12er34
qw12qw12
qwas1234
qwasqwas
qwaszx
qwaszx11
qwaszx12
qwaszx123
qwaszx1234
qwaszxedc
qwaszxerdfcv
qwaszxqw
qwaszxqwaszx
qwe058058a
qwe1122334
qwe123
qwe123123
qwe123321
qwe12345
qwe123456
qwe123456789
qwe123asd
qwe123qwe
qwe123qwe123
qwe123rty
qwe123rty456
qwe123zxc
qwe12qwe
qweasd
qweasd11
qweasd12
qweasd123
qweasdqwe
qweasdqweasd
qweasdyxc
qweasdzx
qweasdzxc
qweasdzxc1
qweasdzxc12
qweasdzxc123
qwedcxza
qwedcxzas
qwedsa123
qwedsazxc
qweewq123
qwegta13091990
qwepoiasdlkj
qweqwe
qweqwe11
qweqwe12
qweqwe123
qweqwe123123
qweqweqwe
qweqweqwe1
qwer
qwer0987
qwer1234
qwer12345
qwer123456
qwer4321
qwer5678
qwerasdf
qwerasdf1
qwerasdf1234
qwerasdfzxcv
qwerfdsa
qwerpoiu
qwerqwer
qwerqwer1
qwerqwer2
qwerrewq
qwert
qwert.0002
qwert1
qwert123
qwert1234
qwert12345
qwert123456
qwert40
qwert54321
qwert789
qwertasd
qwertasdf
qwertasdfg
qwertasdfgzxcvb
qwertgfdsa
qwertqwert
qwerttrewq
qwerty
qwerty00
qwerty000
qwerty007
qwerty01
qwerty02
qwerty06
qwerty07
qwerty08
qwerty09
qwerty098
qwerty0987
qwerty1
qwerty1!
qwerty10
qwerty100
qwerty101
qwerty11
qwerty111
qwerty112233
qwerty12
qwerty121
qwerty123
qwerty1231
qwerty123321
qwerty1234
qwerty12345
qwerty123456
qwerty1234567
qwerty12345678
qwerty123456789
qwerty1234567890
qwerty13
qwerty14
qwerty15
qwerty1517
qwerty16
qwerty17
qwerty18
qwerty19
qwerty1981
qwerty1985
qwerty1986
qwerty1987
qwerty1988
qwerty1989
qwerty1990
qwerty1991
qwerty1992
qwerty1993
qwerty1994
qwerty1995
qwerty20
qwerty2009
qwerty2010
qwerty2011
qwerty2012
qwerty21
qwerty22
qwerty23
qwerty24
qwerty25
qwerty26
qwerty27
qwerty28
qwerty30
qwerty31
qwerty32
qwerty321
qwerty33
qwerty333
qwerty34
qwerty4321
qwerty44
qwerty45
qwerty456
qwerty54321
qwerty55
qwerty555
qwerty56
qwerty65
qwerty654321
qwerty66
qwerty666
qwerty67
qwerty69
qwerty7
qwerty76
qwerty765
qwerty77
qwerty777
qwerty777888
qwerty78
qwerty789
qwerty7890
qwerty79
qwerty80
qwerty82
qwerty83
qwerty84
qwerty85
qwerty86
qwerty87
qwerty88
qwerty888
qwerty89
qwerty90
qwerty91
qwerty911
qwerty92
qwerty93
qwerty94
qwerty95
qwerty96
qwerty97
qwerty98
qwerty987
qwerty99
qwerty999
qwertyas
qwertyasd
qwertyasdf
qwertyasdfg
qwertyasdfgh
qwertykolakola
qwertyqaz
qwertyqwerty
qwertytrewq
qwertyu
qwertyu1
qwertyu12
qwertyu123
qwertyu7
qwertyu8
qwertyui
qwertyui1
qwertyui12
qwertyui2p
qwertyui9
qwertyuio
qwertyuio0
qwertyuio1
qwertyuio9
qwertyuiop
qwertyuiop0
qwertyuiop1
qwertyuiop12
qwertyuiop123
qwertyuiop1234
qwertyuiop12345
qwertyuiop123456
qwertyuiop123456789
qwertyuiop1234567890
qwertyuiop789
qwertyuiop[]
qwertyuiopasdfg
qwertyuiopasdfghjkl
qwertyuiopasdfghjkl151515
qwertyuiopasdfghjklzxcvbnm
qwertyytrewq
qwertz
qwertz12
qwertz123
qwertz1234
qwertzu1
qwertzui
qwertzuiop
qwerzxcv
qwest123
qwezxc123
qwezxcasd
qwqw1212
qwqwqw
qwqwqw12
qwqwqwqw
qwqwqwqwqw
qxvbgfibuq
qxxm93js
qy5togr996
qzwxecrv
r.polinin
r00tb33r
r00tbeer
r041stcu
r0ckstar
r1234567
r12345678
r123456789
r1r2r3r4
r26nnxjx7n
r29hqq
r2d2
r2d2c3p0
r2d2c3po
r2d2r2d2
r3m3mb3r
r4e3w2q1
r4evc8d8vs
r5gnqyrr
r6a50de3ujwtog4
r9e8w7q6
r9lw4j8khx
r_masick
rabat1945
rabbit
rabbit01
rabbit1
rabbit11
rabbit12
rabbit123
rabbit13
rabbit69
rabbits
rabbits1
raccoon1
race
racecar
racecar1
racecar2
racecars
racer
racer1
racers
racerx
rachael
rachael1
racheal1
rachel
rachel01
rachel07
rachel08
rachel09
rachel1
rachel10
rachel11
rachel12
rachel123
rachel13
rachel14
rachel15
rachel16
rachel17
rachel18
rachel21
rachel22
rachel23
rachel24
rachel69
rachel88
rachel99
rachelle
rachelle1
rachelle289ariyoshi5251987
racing
radar
radar1
radcliffe
radhakrishna
radharani
radhasoami
radhaswami
radhekrishna
radheradhe
radiance
radiation
radiator
radical
radical1
radik070775
radio
radio123
radiohea
radiohead
radiohead1
radiology
radion-dankov
radmila5
raduga2508
raduga388
rafael
rafael01
rafael10
rafael12
rafael123
rafael13
rafaella
raffaele
raffaella
raffaello
rafferty
ragdoll1
rage
raghavendra
ragnarok
ragnarok1
rahasia1
rahasia123
rahmudinov92
rahul123
raider
raider11
raider12
raider13
raiders
raiders!
raiders#1
raiders01
raiders07
raiders08
raiders09
raiders1
raiders10
raiders11
raiders12
raiders123
raiders13
raiders14
raiders15
raiders18
raiders2
raiders20
raiders21
raiders22
raiders23
raiders24
raiders3
raiders34
raiders4
raiders5
raiders6
raiders69
raiders7
raiders8
raiders81
raiders9
raiders99
raiderz1
raikkonen
railroad
railroad1
raimundo
rain
rainbow
rainbow!
rainbow.
rainbow01
rainbow08
rainbow1
rainbow10
rainbow11
rainbow12
rainbow123
rainbow13
rainbow14
rainbow15
rainbow16
rainbow2
rainbow21
rainbow22
rainbow23
rainbow24
rainbow3
rainbow4
rainbow5
rainbow6
rainbow69
rainbow7
rainbow8
rainbow9
rainbows
rainbows1
raindrop
raindrop1
raindrops
rainer
rainfall
rainforest
raining
rainmaker
rainman
rainman1
rainrain
rainyday
raisa720290
raisa_smelkova
raistlin
raistlin1
raj12345
raja1234
rajababu
rajaraja
rajarani
rajasthan
rajawali
rajendra
rajesh123
rajeshwari
rajeswari
rajinder
rajkumar
rajneesh
rakesh123
raleigh
raleigh1
ralph
ralph1
ralph123
ralphc8xf
ralphie
ralphie1
ramada
ramadevi
ramadhan
ramakrishna
ramarama
ramayana
rambler
rambler1
rambo
rambo1
rambo123
rambutan
ramchandra
ramesh123
ramirez
ramirez1
ramis_bairamov
ramjet
ramkumar
rammstein
rammstein1
rammstein6
ramon123
ramona
ramones
ramones1
rampage
rampage1
ramramram
ramrod
rams
ramses
ramsey
ramsia1986
ramstein
ranch
ranchero
rancid
randall
randall1
randolph
randolph1
random
random11
random12
random123
random13
randomness
randy
randy1
randy123
randymoss1
randyorton
rang
ranger
ranger00
ranger01
ranger1
ranger10
ranger11
ranger12
ranger123
ranger13
ranger21
ranger22
ranger23
ranger69
ranger75
ranger88
ranger99
rangerover
rangers
rangers01
rangers1
rangers10
rangers11
rangers12
rangers123
rangers1690
rangers1873
rangers2
rangers7
rangers9
rangers94
rangersfc
rangersfc1
ranking21
rantanplan
raoujfl963
rap4life
raphael
raphael1
rapid123
rapier
rapper
rapstar1
raptor
raptor22
raptor350
raptor660
raptor700
raptors1
rapture
rapture1
rapunzel
raqdc4ml
raquel
rasberry
rascal
rascal01
rascal11
rascal12
rascal123
rascal13
rasengan
rasengan1
rashaun966krager1993
rashawn1
rasheed1
raskevichtanja
raspberry
raspberry1
rasputin
rasputin1
rasta
rasta123
rasta220
rasta420
rasta69
rastafari
rastafari1
rastaman
rastaman1
ratashn67
ratatouille
ratboy
ratchet1
rated
ratman
rats
rattlesnake
raul
raumschiff
rauzawcsiv
raven
raven1
raven123
raven666
ravenclaw
ravens
ravens52
ravi1234
ravich92
ravikumar
ravinder
ravindra
ravipass
ravshan1017
rawalpindi
rawiswar
rawr1234
rawrrawr
rayallen
rayallen20
raylewis52
raymond
raymond1
raymond12
raymond123
raymond2
raymond3
raymond5
raymond7
raymonde
raymonde336schwegel7331987
raymundo
rayquaza
rayray
rayray11
rayray12
rayray123
rayray13
rayray14
rayray23
razdvatri3
razor
razor123
razorback
razorback1
razorbacks
razorblade
rb26dett
rbotmvz954
rbrbvjhf
rbtsozeva
rc.itymrf
rc95kzbj1v
rcalgif86
rdfhnbhf
rdfhnbhfyy
rdfhnfk1
rdfpbvjlj
rdukv46x
rdxyd43hca
re-enter
reaction
reader
readers
reading
reading1
ready
ready123
ready2go
reagan
real
realbetis
realdeal
realdeal1
realest1
realestate
realist1
reality
reality1
reallife
reallove
reallove1
really
realmadrid
realmadrid1
realmadrid7
realnigga
realnigga1
realsim07
realtalk1
realtek.
realtime
realtor1
realtors
reanimator
reaper
reaper12
reaper123
reaper13
reaper666
reaper69
reason
rebecca
rebecca!
rebecca01
rebecca1
rebecca10
rebecca11
rebecca12
rebecca123
rebecca13
rebecca2
rebecca3
rebecca4
rebecca5
rebecca7
rebekah1
rebel
rebel1
rebel123
rebel4life
rebelde1
rebelde10
rebelde12
rebelde123
rebelde2
rebelde3
rebelde6
rebellion
rebels
rebelz
rebirth1
reboot
rebound1
recall
reception
recherche
reckless
reckless1
recon
record
record10
records
records1
recovery
recovery1
recruiter
recruiter1
recruitment
recycle1
red123
red12345
red123456
redab1993
redalert
redalert1
redalert2
redapple
redapple1
redbaron
redbird
redbird1
redbirds
redblack
redblood
redblue1
redbone
redbone1
redbull
redbull1
redbull12
redbull123
redbull2
redcar
redcross
redd
reddevil
reddevil1
reddevils
reddog
reddog12
reddog123
reddragon
reddragon1
reddwarf
reddwarf1
reddy123
redeemed
redeemed1
redeemer
redemption
redeye
redfish
redfish1
redfox
redfred1
redgreen
redhat
redhead
redhead1
redhead2
redheads
redhorse
redhot
redhouse
rediffmail
redleg
redlight
redlight1
redline
redline1
redman
redman123
rednaxela
redneck
redneck!
redneck01
redneck08
redneck09
redneck1
redneck101
redneck11
redneck12
redneck123
redneck13
redneck16
redneck2
redneck21
redneck3
redneck5
redneck69
redneck7
redone
redouane
redred
redred12
redred123
redredred
redrider
redriver
redrobin
redrock1
redrose
redrose1
redroses
redroses1
redrover
redrover1
redrum
redrum187
redrum666
reds
redshift
redshoes
redskin
redskin1
redskins
redskins1
redskins12
redskins2
redskins21
redskins26
redskins89
redsox
redsox01
redsox04
redsox05
redsox07
redsox08
redsox09
redsox1
redsox10
redsox11
redsox12
redsox123
redsox13
redsox14
redsox15
redsox18
redsox2004
redsox21
redsox22
redsox23
redsox24
redsox33
redsox34
redsoxs1
redstar1
redstone
redstorm
redtruck
redtruck1
redwall1
redwarbike
redwin3d
redwine
redwine1
redwing
redwing1
redwings
redwings1
redwings19
redwood
redwood1
redzone1
reebok
reece123
reed
reefer
reefer420
reese123
reeves
referee
referee1
reference
refillmotives
refinnej
reflection
reflex
refresh1
regawf7ss1dm7rn
regenbogen
regenboog
reggae
reggaeton
reggaeton1
reggie
reggie01
reggie11
reggie12
reggie123
reggie25
reggie31
regiment
regina
regina-rebina
regina12
regina123
reginald
reginald1
reginka2393
regional
register
register1
registrati
registration
reglisse
regulator
reilly
reinaldo
reindeer
reinhard
reject
rekbrjdf
relation
relationship
release
relentless
reliable
reliance
relief
relientk
relientk1
religion
reload
reloaded
rembrandt
remedios
remember
remember!
remember1
remember12
remember2
remember7
rememberme
remilekun
reminder
remingto
remington
remington1
remo1d72a
remote
rempit46
rena.vano1990
renaissance
renan123
renate
renault
renault1
renault19
renault5
rencontre
rencontres
rendakova_sveta
rendezvous
rene
renee
renee1
renee123
renegade
renegade1
renesmee
renesmeecallen
reng
renkanom
reno
renren15
rental
repair
repmvbyf
report
reporter
reptile
reptile1
reptiles
republic
republic1
republica
repytwjd
repytwjdf
repytxbr
request
requiem
requiem1
rerehepf
rererere
rerfhfxf
rerfhtre
rescue
research
research1
reserve
reserved
reset123
reset12345
resident
resident1
resident4
residentev
residentevil
residentevil4
resing1965
resistance
resistant50m
resource
respect
respect1
response
restart1
restaurant
restinpeace
restless
retamozo
retard
retard12
retard123
retarded
retarded1
retire
retired
retired1
retirement
retraite
retriever
return
reunion1
reunion974
reussite
reveal
revelation
revenge
revenge!
revenge1
revenge2
reverend
review
revolucion
revoluti
revolution
revolver
revolver1
rewq
rewq1234
rewq4321
rexocinod
reyes123
reymisteri
reymisterio
reymysteri
reymysterio
reynaldo
reynaldo1
reynolds
reynolds1
reyrey619
reyrtutyd
reznor
rezo_2010
rezvanov_a
rfczgecz11
rfgbnjirf
rfgtkmrf
rfhbyjxrf
rfhectkm
rfhfrfnbwf
rfhfufylf
rfhfvtkm
rfhfvtkmrf
rfhfylfi
rfhjkbyf
rfhlbyfk
rfhnjirf
rfkbybyf
rfkmrekznjh
rfktylfhm
rfnfcnhjaf
rfnthbyf
rfnthbyrf
rfntymrf
rfnzrfnz
rfpfyjdf
rfpfynbg
rfrfirf1
rfrfitxrf
rfvbrflpt
rfvfcenhf
rfvtgbyhn
rfvxfnrf
rfybreks
rhapsody
rhbcnbyf
rhbcnbyjxrf
rhbcnbyrf
rhfcbdfz
rhfcfdbwf
rhfcfdxbr
rhfcjnrf
rhfcyjlfh
rhfcyjzhcr
rhfdxtyrj
rhianna1
rhiannon
rhiannon1
rhino
rhino1
rhino123
rhinos
rhinos111
rhjrjlbk
rhodan01
rhodes
rhonda
rhtdtlrj
rhubarb
rhythm
ribbit
ribka227555
ricardito
ricardo
ricardo07
ricardo1
ricardo10
ricardo12
ricardo123
ricardo13
ricardo2
ricardo22
ricardo7
riccardo
riccardo1
rice
rich
rich1234
richard
richard!
richard.
richard01
richard07
richard08
richard1
richard10
richard11
richard12
richard123
richard13
richard14
richard15
richard18
richard2
richard21
richard22
richard23
richard3
richard4
richard5
richard6
richard69
richard7
richard8
richard9
richards
richards1
richardson
richbitch1
richboy1
richelle
richelle1
riches
richgirl
richie
richie123
richierich
richman1
richmond
richmond1
richter
rick
rickjames
rickjames1
rickross
rickross1
ricky
ricky1
ricky123
rico
ricochet
ricorico
riddick1
riddle
ride
ride4life
ridebmx1
rideordie
rideordie1
rider
riders
ridge
riffraff
right
righteous
righteous1
rightnow
righton
righton1
rigoberto
rihanna1
rikimaru
riley
riley1
riley123
rileydog
rimmer
rinat-88
rinat.76
rincewind
ring
ringer
ringo
ringo123
ringostar
ringring
rinoceronte
rintintin
riodejaneiro
riogrande
ripcurl1
ripken
ripley
ripped
ripper
ripple
riptide
riquelme
rising
risingsun
rita
rita_nizhnik_r
ritarita
ritchie1
rivendell
river
river123
rivera
riverdale
riverplate
riverrat
riverrat1
rivers
riversid
riverside
riverside1
riversidec
riverview
riwr2hky4w3tjgg
rjdfkmxer
rjdfktyrj
rjgo7we138
rjhjdf777
rjhjkmbien
rjhjktdf
rjhjnrb1
rjntyjxtr
rjrfrjkf
rjvgm.nth
rjw7x4
rjyatnrf
rjycnbnewbz
rjycnfynby
rkamkin.karoli1988mp
rkfdbfnehf
rksk3210
rktjgfnhf
roach
road
roadkill
roadkill1
roadking
roadking1
roadrunn
roadrunner
roadstar
roadster
roadtrip
roadway
roanne42300
robaczek
robbie
robbie01
robbie11
robbie12
robbie123
robby123
robert
robert00
robert01
robert02
robert03
robert04
robert05
robert06
robert07
robert08
robert09
robert1
robert10
robert101
robert11
robert12
robert123
robert1234
robert13
robert14
robert15
robert16
robert17
robert1708
robert18
robert19
robert20
robert21
robert22
robert23
robert24
robert25
robert26
robert27
robert28
robert30
robert33
robert44
robert45
robert55
robert66
robert69
robert77
robert87
robert88
robert89
robert93
robert99
roberta
roberta1
robertina
robertino
robertito
roberto
roberto1
roberto12
roberto123
roberto2
robertpatt
roberts
roberts1
robertson
robertson1
robin
robin1
robin123
robinho10
robinhood
robinhood1
robins
robinson
robinson1
robocop
robocop1
robot
robot123
robotech
robotics
robots
robvandam
robyn
rocafella
rocafella1
rocawear
rocawear1
rocco
rocco123
rochard
rochdale
rochelle
rochelle1
rochester
rochester1
rock
rock&roll
rock1234
rock4ever
rock4life
rockabilly
rockandrol
rockandroll
rockband
rockband1
rockband2
rockbottom
rocker
rocker101
rocker12
rocker123
rocker13
rockers1
rockers123
rocket
rocket01
rocket1
rocket11
rocket12
rocket123
rocket21
rocket22
rocket69
rocket88
rocketmail
rocketman
rocketman1
rockets
rockets1
rockey
rockford
rockford1
rockhard
rockhard1
rockhopper
rockie
rockies
rockies1
rockin
rocking1
rockland
rocklee1
rockman1
rocknrol
rocknroll
rocknroll!
rocknroll1
rocknroll2
rocknsock1
rockon
rockon11
rockon12
rockon123
rockout1
rockport
rockrock
rockrock1
rockroll
rocks
rocks123
rockstar
rockstar!
rockstar.
rockstar01
rockstar08
rockstar09
rockstar1
rockstar10
rockstar11
rockstar12
rockstar123
rockstar13
rockstar14
rockstar15
rockstar16
rockstar17
rockstar18
rockstar19
rockstar2
rockstar21
rockstar22
rockstar23
rockstar24
rockstar3
rockstar4
rockstar5
rockstar6
rockstar69
rockstar7
rockstar8
rockstar9
rocksteady
rockwell
rockwell1
rockwood
rocky
rocky007
rocky1
rocky101
rocky111
rocky123
rocky1234
rocky12345
rocky2
rockybalboa
rockyboy
rockydog
rockydog1
rockyou1
rockyroad
rodeo
roderick
roderick1
rodman
rodman91
rodney
rodney12
rodney123
rodolfo1
rodolphe
rodrigo1
rodrigo123
rodrigue
rodrigues
rodriguez
rodriguez1
rodriguez2
roflcopter
roflmao1
roflmao123
roflrofl
rogelio1
roger
roger1
roger123
rogers
rogovivan72
rogovsasha123
rogue
rogue1
rohan123
rohit123
roland
roland123
roland7859
rolandia42
rolando1
roleplay1
rolex
roll
roller
rollercoaster
rollin
rollin20
rollin60
rolling
rolling1
rollingstones
rollins
rollins1
rollsroyce
rolltide
rolltide1
rolltide12
roma1234
roma1927
roma1996
roma2010
roman
roman123
romance
romance!
romance1
romanenko
romania1
romanista
romano
romanova
romanova.natalya.96
romanroman
romans
romans116
romans12
romans828
romanson
romantic
romantic1
romantica
romantico
romantik
romantika
romaroma
romashka
romeo
romeo1
romeo123
romero
romka_ya93
rommel
romulus
ronald
ronald1
ronald12
ronald123
ronaldinho
ronaldinho10
ronaldo
ronaldo07
ronaldo09
ronaldo1
ronaldo10
ronaldo11
ronaldo12
ronaldo123
ronaldo17
ronaldo2
ronaldo7
ronaldo77
ronaldo9
ronaldo99
rong
ronnie
ronnie01
ronnie10
ronnie11
ronnie12
ronnie123
roofer
roofing1
rookie
room
rooney
rooney08
rooney10
rooney123
roosevelt
roosevelt1
rooster
rooster1
rooster2
roosters
roosters1
root
rootbeer
rootbeer1
rootbeer12
rootbeer2
rootedit
rootroot
roro1024
rosa
rosa1234
rosales1
rosalie1
rosalina
rosalind
rosalinda
rosalinda1
rosamaria
rosangela
rosanna1
rosario
rosario1
rosarosa
roscoe
roscoe131
rose
rose1234
rose24731
roseann1
roseanne
rosebud
rosebud1
rosebud12
rosebud123
rosebud2
rosebud7
rosebuds
rosedale
rosegarden
roseline
rosemarie
rosemarie1
rosemary
rosemary1
rosenrot
roserose
roses
roses123
rosetta1
rosewood
rosewood1
rosie
rosie123
rosiedog
ross
rossella
rossia19
rossignol
rossoneri
rossonero
rostislav
rostov8888
roswell
roswell1
rotary
rothmans
rotten
rotterdam
rotterdam1
rottweiler
roudoudou
rough
roulette
round
rousseau
route66
route666
rover
rover123
rovers
rowing
roxanne
roxanne1
roxie123
roxy
roxy1234
roxydog1
roxygirl
roxygirl1
roxyroxy
royal
royal123
royalflush
royals
royals22
royalty
royalty1
rrpass1
rrrr
rrrrr
rrrrrr
rrrrrrr
rrrrrrrr
rrrrrrrrrr
rsalinas
rt6ytere
rtertuy77ijyhu7i
rtw150809
rtyfghvbn
ruan
rubber
rubberband
rubberduck
rubberducky
rubble
ruben123
rubicon1
ruby
ruby1234
rubyred1
rubyrose
rubyruby
rucaxefu
rudeboy
rudeboy1
rudolf
rudolph
rudolph1
rudy
ruffles1
ruffryder
ruffryders
rufus
rufus1
rufus123
rugby
rugby1
rugby123
rugbyman
ruger
rugger
rugrat
rugrats1
ruicosta
rukhsana
ruler1991
rulz
rumble
run4life
runaway
runaway1
runescape
runescape!
runescape1
runescape123
runescape2
runescape3
runescape5
runescape9
runner
runner11
runner12
running
running1
rupert
rus20dem
rusali_1979
rush
rush2112
rushhour
rushmore
rushrush
rusiphon4
ruslan009
ruslan123
russ
russel
russell
russell1
russell123
russell2
russia
russia11
russia123
russian
russian1
russland
rusty
rusty1
rusty123
rusty2
rustydog
rustydog1
rutgers1
ruth
rutherford
ruthie
ruthless
ruthless1
rxmtkp
ryabec.m
ryan
ryan1234
ryan12345
ryan2000
ryan2005
ryan2006
ryan2007
ryan2008
ryan962052
ryangiggs
ryanjames
ryanryan
ryjgjxrf
ryleigh1
ryu750103
rzaev_ilgar
s-firsova
s0ftball
s0mething
s1234567
s12345678
s123456789
s123456s
s1s2s3s4
s1t2o3n4
s39jwbw5ia
s7777777
s8kril9u4f
s8ylpe9jdpvym
s987654321
s9qxa9yn9cc=
sa123456
sa2rawybas
saab
saab9000
saavedra
sabastian
sabbath
sabbath1
sabedoria
sabertooth
sabiduria
sabine
sabine12
sabine21
sable
sable123
sabotage
sabre
sabres
sabrina
sabrina!
sabrina01
sabrina1
sabrina10
sabrina11
sabrina12
sabrina123
sabrina13
sabrina2
sabrina22
sabrina3
sabrina5
sabrina7
sabrina9
sacha1234
sachin123
sacramento
sacrifice
sactown916
saddle
sadgirl1
sadie
sadie1
sadie123
sadiedog
sadiedog1
sadiegirl
sadiegirl1
sadiemae
sadiemae1
sadness1
safari
safety
safety123
safety1st
safeway
safeway1
saffron
saffron1
safonova.1967
safronov_3112
sagar123
sagarika
sage
sagitaire
sagitario
sagitario1
sagitarius
sagittario
sagittarius
sagopakajmer
sahara
sahhas1221
saibaba1
saibaba123
saidov12345
saigon
sail
sailboat
sailboat1
sailfish
sailing
sailing1
sailor
sailormoon
saint
saints
saints01
saints09
saints10
saints11
saints12
saints123
saints25
saintseiya
saintsrow2
saipan670
sairam
sairam123
saiyan
sakamoto
sakartvelo
sakarya54
sakoshka_masha
sakura
sakura11
sakura12
sakura123
sakura13
sakuragi
salam123
salamanca
salamander
salamandra
salami
salamsalam
salas831
salasana
salasana1
salazar1
saleen
saleens7
salem
salem123
salento12
sales
sales123
salesman
salim123
salimata
salinas1
salinas831
salinger
salisbury
sally
sally1
sally123
sallyann
sallydog
salma123
salman123
salmankhan
salmon
salomon
salomon1
salope
salsa
salsa123
salsabila
salsero
saltanat
saltlake
saltwater
saltydog
salut123
salvacion
salvador
salvador1
salvador12
salvador13
salvador2
salvation
salvation1
salvatore
salvatore1
salzburg
sam123
sam12345
sam123456
samadams
samanta1
samantha
samantha!
samantha.
samantha01
samantha06
samantha07
samantha08
samantha09
samantha1
samantha10
samantha11
samantha12
samantha123
samantha13
samantha14
samantha15
samantha16
samantha17
samantha18
samantha19
samantha2
samantha20
samantha21
samantha22
samantha23
samantha3
samantha4
samantha5
samantha6
samantha69
samantha7
samantha8
samantha9
samarinda
samarkand
samatron
sambo
sambuca1
samdog
same
sameer123
samiam
samiksha
samir123
samisami
samitluiza1
samm
sammi123
sammie
sammie01
sammie11
sammie12
sammie123
sammie13
sammy
sammy1
sammy101
sammy111
sammy123
sammy1234
sammyboy
sammyboy1
sammycat
sammydog
sammydog1
sammyjo1
sammys
samoht
samourai
sampaguita
sampdoria
sample123
sample1234
sampoerna
sampson
sampson1
sampson2
samsam
samsam12
samsam123
samsamsam
samson
samson01
samson10
samson11
samson12
samson123
samsonite
samsuchonok
samsun55
samsung
samsung!
samsung.
samsung0
samsung01
samsung09
samsung1
samsung10
samsung11
samsung12
samsung123
samsung13
samsung14
samsung2
samsung21
samsung22
samsung23
samsung3
samsung4
samsung5
samsung6
samsung69
samsung7
samsung8
samsung88
samsung9
samtheman
samtron1
samuel
samuel01
samuel02
samuel07
samuel08
samuel09
samuel1
samuel10
samuel100
samuel11
samuel12
samuel123
samuel1234
samuel12345
samuel13
samuel14
samuel15
samuel21
samuel22
samuel23
samuel99
samuelito
samurai
samurai1
samurai7
samuraix
sanandreas
sanandres
sanane123
sananelan
sananto210
sanantonio
sanasana
sancarlos
sanchez
sanchez1
sanchez12
sanchez123
sanchez13
sanchez2
sanchita
sancho
sanctuary
sand
sandals
sandberg
sandberg5
sandeep1
sandeep123
sander
sanders
sanders1
sanders20
sanders21
sanderson
sandgrouse
sandie
sandiego
sandiego1
sandiego13
sandiego61
sandman
sandman1
sandman2
sandokan
sandoval
sandoval1
sandpiper
sandra
sandra01
sandra1
sandra10
sandra11
sandra12
sandra123
sandra13
sandra14
sandra15
sandra18
sandra21
sandra22
sandra23
sandra69
sandrina
sandrine
sandrita
sandro
sandrock
sandstorm
sandwich
sandwich1
sandy
sandy1
sandy123
sandy1234
sandydog
sandydog1
sanford
sanford1
sanfran
sanfran1
sanfran49
sanfrancisco
sang
sangeeta
sangeetha
sanglier
sangohan
sanguine
sanity
sanity72
sanjay123
sanjo408
sanjose
sanjose1
sanjose408
sanju123
sanjuan1
sanlorenzo
sanluis1
sanmarcos
sanmartin
sanmiguel
sanosuke
sanpedro
sanpedro1
sans2010
santa
santa123
santaclara
santaclaus
santacruz
santacruz1
santafe
santafe1
santamaria
santana
santana1
santana2
santander
santarosa
santeria
santhosh
santi123
santiago
santiago1
santiago12
santiago123
santiago2
santillan
santino1
santodomingo
santorini
santos
santos10
santos12
santos123
santos13
santos14
santosh123
santoshi
saopaulo
saphira1
saphire1
sapper
sapphire
sapphire1
saprissa
saqartvelo
sara
sara1234
sara2000
sara7272
sarafina
sarah
sarah1
sarah101
sarah123
sarah1234
sarahann
sarahjane
sarahjane1
sarajane
sarajevo
sarajevo1
saranghae
saranghe
sarasara
sarasota
sarasota1
saraswathi
saraswati
saratoga
saratoga1
saravana
saravanan
sardegna
saregama
sarge
sargent1
sargento
sargodha
sarkar123
sarmiento
sarojini
sarumi101
sasa1234
sasanext
sasasa
sasasasa
sascha
sasha
sasha007
sasha1
sasha111
sasha123
sasha1234
sasha12345
sasha1987
sasha1988
sasha1989
sasha1990
sasha1991
sasha1992
sasha1993
sasha1994
sasha1995
sasha1996
sasha1997
sasha1998
sasha1999
sasha2000
sasha2001
sasha2002
sasha2003
sasha2010
sasha2011
sasha777
sasha_007
sashadog
sashasasha
sashenka
sasikala
sasin414
saskia
sasquatch
sasquatch1
sassafras
sassi123
sassy
sassy1
sassy101
sassy123
sassy1234
sassycat
sassycat1
sassydog
sassygirl
sassygirl1
sasuke01
sasuke10
sasuke101
sasuke11
sasuke12
sasuke123
sasuke1234
sasuke13
sasuke14
sasuke15
sasuke22
sasuke23
sasukeuchiha
sasusaku
sataieva.elinka
satan
satan123
satan666
satana666
satanas666
satanic666
satchmo
satchmo1
satelite
satellite
satellite1
satheesh
satin
satisfaction
satriani
satriani1
sattorov-q
saturday
saturday1
saturn
saturn01
saturn12
saturnus
sauce
saucisse
saudades
saunders
saunders1
sauron
sausage
sausage1
sausages
sausages1
savage
savage12
savage123
savage23
savanah1
savanna
savanna1
savannah
savannah01
savannah07
savannah08
savannah1
savannah10
savannah11
savannah12
savannah13
savannah2
savannah3
savannah4
savannah5
savannah7
savatage
save13tx
savemoney
savior
saviour1
savithri
sawsaw1212
sawyer
saxaphone
saxman
saxophon
saxophone
saxophone1
sayang
sayang12
sayang123
sayang87
sayang88
sayang89
sayang90
sayangkamu
sayangku
sayangku1
sayangmama
sayonara
saywhat1
sb123456
sbally_64
sc00byd00
sc0tland
scamper
scamper1
scandinavian
scania
scanner
scanner1
scarab
scarabeo
scarecrow
scarecrow1
scareface
scareface1
scarface
scarface1
scarface10
scarface11
scarface12
scarface13
scarface2
scarface21
scarface23
scarface3
scarface5
scarface69
scarface7
scarlet
scarlet1
scarlett
scarlett1
schaefer
schalke
schalke04
schastie
schatten
schatz
schatz123
schatzi1
schatzie
schecter1
scheisse
scheisse1
schilf02
schiller
schlampe
schlampe1
schlange
schlumpf
schmetterling
schmidt
schmidt1
schnauzer
schnecke
schnecke1
schneider
schneider1
schnitzel
schnucki
schnuffel
schnuffi
schnulli
schokolade
scholes18
school
school01
school07
school08
school09
school10
school101
school11
school12
school123
school1234
school13
school14
school22
school23
schoolboy
schoolboy1
schoolbus
schoolbus1
schoolgirl
schoolsucks
schooner
schroeder
schubert
schultz1
schumacher
schuster
schuyler
schwartz
schweden
schweini
schwimmen
science
science1
scientist
scimitar
scirocco
scissors
scissors1
scofield
scoobie1
scooby
scooby-doo
scooby01
scooby08
scooby1
scooby10
scooby11
scooby12
scooby123
scooby13
scooby14
scooby21
scooby22
scooby23
scooby69
scoobyd00
scoobydo
scoobydoo
scoobydoo1
scoobydoo2
scoobydoo3
scoobydoo7
scooter
scooter!
scooter01
scooter1
scooter10
scooter11
scooter12
scooter123
scooter13
scooter2
scooter22
scooter23
scooter3
scooter4
scooter5
scooter6
scooter69
scooter7
scooter8
scooter9
scooters
score
scorpian
scorpio
scorpio1
scorpio11
scorpio12
scorpio123
scorpio13
scorpio2
scorpio21
scorpio3
scorpio69
scorpio7
scorpio8
scorpio9
scorpion
scorpion1
scorpion12
scorpion13
scorpion2
scorpion7
scorpione
scorpions
scorpions1
scotch
scotland
scotland1
scott
scott1
scott123
scottie
scottie1
scottish
scotts
scotty
scotty01
scotty12
scotty123
scoubidou
scout
scout1
scout123
scouting
scouts
scrabble
scrabble1
scranton
scrapbook
scrapper
scrapper1
scrappy
scrappy1
scrappy12
scrappy123
scrappy13
scrappy2
scratch
scratch1
scratchy
scraty98
scream
scream123
screamer
screamo1
screen
screw
screwed1
screwy
screwyou
screwyou1
screwyou2
script
scroll
scrotum
scruffy
scruffy1
scruffy123
scruffy2
scuba
scuba1
scubadiver
scuderia
scully
scumbag
scumbag1
scvmofas79
scxakv
sczouvie26
sd123456
sdf7asdf6asdg8df
sdf7asdf6asdg8df1
sdfghjkl
sdfsdfsd
sdfsdfsdf
sdsadee23
sdsdsdsd
seabass1
seabee
seabreeze
seadog
seadoo
seafood1
seagull
seagull1
seagulls
seahawk
seahawk1
seahawks
seahawks1
seahorse
seahorse1
seal
sealteam
sealteam6
seaman
seamus
sean
sean1234
seanjohn
seanjohn1
seanpaul
seanpaul1
seansean
searay
search
search123
searcher
searching
seashell
seashell1
seashells
seashore
seaside
seaside1
season
seatibiza
seatleon
seattle
seattle1
seattle206
seaweed
seaweed1
seawolf
seaworld
sebas123
sebastia
sebastian
sebastian.
sebastian0
sebastian1
sebastian106
sebastian12
sebastian123
sebastian2
sebastian3
sebastian5
sebastian7
sebastian8
sebastian9
sebastiano
sebastiao
sebastien
sebastien1
sebring
sebring1
seccion33
second
secret
secret00
secret007
secret01
secret08
secret1
secret10
secret101
secret11
secret12
secret123
secret1234
secret13
secret21
secret22
secret23
secret24
secret666
secret69
secret77
secret99
secretaria
secretary
secreto1
secretos
secrets
secrets1
section1
section8
secunderabad
secure
securite
security
security1
sedona
seduction
seductive
seedsnipe
seekbang1
seeker
seeking
seether1
sefa1986
segura88
seguridad
sehnsucht
seigneur
seinfeld
seinfeld1
selamanya
selassie
selassie1
select
selena
selena11
selena12
selena123
selena13
selenagome
selenagomez
selfish1
selfmade
selfmade1
selim2010
selina
selvaggia
semangat
semarang
sembarang
sembilan
semenova
semeolvido
semina-alina
seminole
seminole1
seminoles
seminoles1
semper
semperf1
semperfi
semperfi1
sempurna
semsenha
senate
senator
senator1
senators
seneca
senegal1
senerity
seng
senha123
senhasenha
senior
senior04
senior05
senior06
senior07
senior08
senior09
senior10
senior11
senior12
senior2008
senior2009
senior2010
senior2011
seniors06
seniors07
seniors08
seniors09
seniseviyoru
seniseviyorum
senna
senorita
sensation
sensation1
sensei
sensesfail
sensitive
sensizim
sentinel
sentnece
sentra
sentry
senveben
seo12345
seo123456
seo21saafd23
seos1234
sephiroth
sephiroth1
sephiroth7
septembe
september
september0
september1
september11
september12
september13
september2
september21
september22
september23
september3
september4
september5
september6
september7
september8
september9
septembre
septembrie
septiembre
sepultura
sepultura1
sequoia1
ser12345
ser123456
ser_kuzmin
serafima
serafina
serafina14
serafino
seraphim
serash2240
serban24
serduszko
serega-cash
serega123
serega777
serega_torov
seregakalygin
seregjvich
serena
serena12
serenade
serendipit
serendipity
serenella
serenity
serenity1
serenity12
serenity2
serenity3
serenity7
serfeliz
serg-ks.87
serg-niki20
serg.aleg
sergan11
sergdock
sergeant
sergeev2212
sergeeva
sergeevna
sergeevna_10.10.91
sergei1986inna
sergei_man9
sergej_de_sad
sergey-ivanov
sergey-personal
sergey.lushnikoff
sergey.melnik-1996
sergey123
sergey_brrr24
serginho
sergio
sergio-emperior
sergio.b93
sergio01
sergio10
sergio11
sergio12
sergio123
sergio13
sergserg
series
serikpaevna_92
serious
serious1
seriously
serj-gr1966
seronoser
serova2008
serpent
serpent1
serpente
serpiente
serrano1
servant1
server
server123
service
service1
service45
services
sesame
sesshomaru
sesshoumaru
setembro
seth
setiawan
settembre
settings
sevastopol
seven
seven7
seven777
sevendust
sevenfold
sevenof9
sevens
sevenseven
seventeen
seventeen1
seventeen17
seventy7
severina
severine
severino
sevgeyq9v7kor
sevgilim
sevilla1
sevillafc
seville
seviyi
seviyorum
sex1
sex123
sex12345
sex123456
sex4life
sex4me
sex69
sexbomb1
sexe
sexesexe
sexgod
sexiest1
sexii123
sexisfun
sexisgood
sexisgood1
sexkitten
sexkitten1
sexlover
sexmachine
sexman
sexo
sexonthebeach
sexosexo
sexpistols
sexpot
sexsex
sexsex123
sexsex69
sexsexsex
sexsexsex1
sextoy
sextrime1
sexual
sexual69
sexx
sexxx
sexxxx
sexxxy
sexxy
sexy
sexy1
sexy123
sexy1234
sexy12345
sexy123456
sexy2006
sexy2007
sexy2008
sexy2009
sexy2010
sexy4ever
sexy4life
sexy69
sexy6969
sexy_julija
sexyangel
sexyangel1
sexyass1
sexybabe
sexybabe1
sexybabe12
sexybaby
sexybaby1
sexybaby12
sexybaby2
sexyback
sexyback1
sexyback12
sexyback2
sexybeast
sexybeast!
sexybeast1
sexybeast2
sexybitch
sexybitch!
sexybitch0
sexybitch1
sexybitch2
sexybitch3
sexybitch4
sexybitch5
sexybitch6
sexybitch7
sexybitch9
sexyblack
sexyblack1
sexyblack2
sexyboi1
sexyboo1
sexyboy
sexyboy1
sexyboy12
sexyboy123
sexyboy13
sexyboy2
sexycani
sexycani1
sexychick
sexychick1
sexydiva
sexydiva1
sexyeyes
sexygirl
sexygirl!
sexygirl01
sexygirl09
sexygirl1
sexygirl10
sexygirl11
sexygirl12
sexygirl13
sexygirl14
sexygirl15
sexygirl16
sexygirl2
sexygirl23
sexygirl3
sexygirl5
sexygirl69
sexygirl7
sexygirl9
sexygirls
sexygirls1
sexygurl
sexygurl1
sexygurl12
sexygurl2
sexyguy1
sexylady
sexylady1
sexylady12
sexylady2
sexylegs
sexylexy
sexylove
sexylove1
sexylove12
sexylove2
sexymama
sexymama!
sexymama1
sexymama10
sexymama11
sexymama12
sexymama13
sexymama2
sexymama3
sexymama69
sexymami1
sexymamma1
sexyman
sexyman1
sexyman123
sexyman2
sexyme123
sexymom1
sexymomma
sexymomma1
sexyness
sexyness1
sexyone
sexyone1
sexyred1
sexysexy
sexysexy1
sexythang
sexythang1
sexything
sexything1
sexytime
sexytime1
sexytime69
seychelles
seymour
seymour1
seyxe44hca
sf49ers
sfasdfsdfa
sfgiants
sfring31
sgdhhfc4x2
sgydvntep
sh0pping
sh123456
sh1thead
sh_o_a_2013
sha22una
shadmoss
shadmoss1
shadow
shadow00
shadow007
shadow01
shadow02
shadow0262
shadow03
shadow04
shadow05
shadow06
shadow07
shadow08
shadow09
shadow1
shadow10
shadow101
shadow11
shadow12
shadow123
shadow1234
shadow13
shadow14
shadow15
shadow16
shadow17
shadow18
shadow19
shadow20
shadow21
shadow22
shadow23
shadow24
shadow25
shadow26
shadow27
shadow28
shadow32
shadow33
shadow420
shadow44
shadow45
shadow55
shadow66
shadow666
shadow69
shadow77
shadow777
shadow87
shadow88
shadow89
shadow90
shadow91
shadow92
shadow93
shadow94
shadow95
shadow98
shadow99
shadowcat
shadowfax
shadowman
shadowman1
shadows
shadows1
shadrach
shady123
shaft
shag
shaggy
shaggy12
shaggy123
shaggy2dop
shaggy69
shagufta
shahrukh
shahrukhkhan
shai
shailendra
shailesh
shakademous
shakeit1
shaker
shakes
shakespear
shakespeare
shakira
shakira1
shakira123
shakmakovataisiya1992
shakuntala
shakur
shalimar
shalom
shalom123
shaman
shamanking
shambala
shameless
shameless1
shampoo
shampoo1
shamrock
shamrock1
shamus
shan
shana123
shane
shane1
shane123
shanell1
shanelle
shaney14
shang
shanghai
shanghai1
shangrila
shania
shanice1
shaniqua
shaniya1
shanna
shannara
shannon
shannon!
shannon01
shannon1
shannon10
shannon11
shannon12
shannon123
shannon13
shannon2
shannon21
shannon22
shannon3
shannon4
shannon5
shannon6
shannon69
shannon7
shannon8
shannon9
shanshan
shantanu
shantel1
shantell
shantell1
shanti
shao
shaolin
shaolin1
shaquille
shaquille1
shaquillesecx10
shar-vin
sharapova
shareaza
sharingan
sharingan1
shark
shark1
shark123
sharkbait
sharkboy
sharks
sharky
sharlene
sharma123
sharmaine
sharmaine005foskett6071988
sharmila
sharon
sharon01
sharon11
sharon12
sharon123
sharp
sharpe
sharpie1
shasha123
shashank
shasta
shaun
shaun123
shauna
shaved
shawn
shawn123
shawna
shawnee
shawnee1
shawshank
shawty10
shawty12
shawty123
shawty13
shayne123
shayshay
shayshay1
shayshay12
shazam
shea019bernabei1992
shearer
shearer1
shearer9
shearwater
sheba
sheba1
sheba123
sheba417yorck1986vxm7
sheckler
sheckler1
shedevil
sheeba
sheena
sheep
sheep123
sheepdog
sheffield
sheffield1
shei
sheila
sheila123
shekinah
shelbie1
shelby
shelby01
shelby06
shelby07
shelby08
shelby1
shelby10
shelby11
shelby12
shelby123
shelby13
shelby14
shelby15
shelby22
shelby500
shelby67
shelby69
shelby99
shelbygt500
sheldon
sheldon1
shell
shell123
shelley
shelley1
shellie1
shells
shelly
shelly12
shelly123
shelter
shelter1
shelton1
shemale
shemale1
shen
sheng
shenlong
sheout
sheoutadmin
sheoutops
sheoutride
shepard1
shepherd
shepherd1
sheppard
sheraton
sherbert
sherbert1
sheridan
sheridan1
sheriff
sheriff1
sherlock
sherlock1
sherman
sherman1
sherri
sherrie1
sherry
sherry123
sherwin1
sherwood
sherwood1
sheryl
shesthe1
shetland
shevchenko
shevcov_alesha
shianne1
shibby
shield
shikamaru
shikamaru1
shiloh
shimmer
shimmer1
shinchan
shine
shine123
shinedown
shinedown1
shiner
shinichi
shinigami
shinigami1
shiningeagle
shinobi
shinobi1
shinoda1
ship
shipping
shippuden
shippuden1
shippuuden
shirankova42
shirley
shirley1
shirshov.1968
shishmarev76
shit
shit1234
shitass1
shitbag1
shitface
shitface1
shitface2
shitfuck
shitfuck1
shithappen
shithappens
shithead
shithead!
shithead1
shithead12
shithead2
shithead3
shithead69
shithole
shithole1
shitshit
shitshit1
shitter1
shitty
shiva
shiva123
shivangi
shivbaba
shiznit1
shiznits
shizzle1
shock
shocker
shocker1
shockwave
shodan
shoe
shoelace
shoelace1
shoes
shoes123
shogun
shojou
shokolad
shokoladka
shonuf
shoot
shooter
shooter1
shooters
shooting
shootingstar
shop
shopaholic
shopgirl
shopper
shopper1
shopping
shopping!
shopping1
shopping12
shopping2
short
shortcake
shortcake1
shortie1
shortstop
shortstop1
shortstuff
shorty
shorty#1
shorty01
shorty06
shorty07
shorty08
shorty09
shorty10
shorty101
shorty11
shorty12
shorty123
shorty1234
shorty13
shorty14
shorty15
shorty16
shorty17
shorty18
shorty19
shorty20
shorty21
shorty22
shorty23
shorty24
shorty25
shorty69
shorty77
shorty88
shortys1
shot
shotgun
shotgun1
shotgun12
shotgun2
shotokan
shotokan1
shou
shovel
shovelhead
show
showdown
shower
showing
showme
showmethemoney
showtime
showtime1
shponka35
shraddha
shravani
shredder
shredder1
shree420
shreeganesh
shreeram
shrek123
shrestha
shriganesh
shrikant
shrikrishna
shrimp
shrink
shroom
shrooms1
shua
shuai
shuan
shuang
shubhangi
shuffle1
shuhrat007
shui
shukshinasveta
shukurova-ismigu
shumaher
shumaila
shun
shunia0505
shuo
shuriken
shutdown
shuttle
shutup
shutup12
shutup123
shyamala
shyanne1
shygirl1
shyshy
sibelius
siberian
sibiryak5
sicherheit
siciliano
sick
sickboy
sickness
sickness1
siddhant
siddharth
siddhartha
siddiqui
side
sidekick
sidekick08
sidekick1
sidekick2
sidekick3
sideshow
sidewalk
sideways
sidewinder
sidharth
sidney
sidney12
sidorenko
sidorova
sidorow64
sidorval
siegfried
siegheil
siegheil88
siemens
siemens1
siemens123
siempre1
sienna
sierra
sierra01
sierra1
sierra10
sierra11
sierra117
sierra12
sierra123
sierra13
sierra99
sieuwaprd
sig53num
sigaretta
sigma
sigmachi
sigmar
signal
signature
sigora79
sigrid
siiifonjiknalivai
sikander
silakova.nadezhda.2012
silantyi1987
silenakriv
silence
silence1
silencer
silencio
silent
silent13
silenthill
silentium
silicon
silk
silkroad
silly
silly123
sillybilly
sillygirl
sillygirl1
sillygoose
silmaril
silva123
silvana1
silver
silver00
silver01
silver1
silver10
silver11
silver12
silver123
silver13
silver14
silver16
silver17
silver18
silver21
silver22
silver23
silver24
silver25
silver33
silver69
silver77
silver88
silver99
silverad
silverado
silverado1
silverado2
silverback
silverchair
silverfish
silverfox
silverfox1
silverio
silverkey3
silvermoon
silverstar
silverstone
silversurfer
silverwolf
silvester
silvestre
silvestro
silvia
silvia123
silvietta
simakov_evg
simba
simba1
simba123
simbacat
simcity4
simhrq
simmons
simmons1
simon
simon1
simon123
simona
simone
simone01
simone11
simone12
simone123
simonetta
simonoff-dj
simonona
simonova5570
simonova_lyudmila_73
simonovskiy1970
simons
simonsays
simorodok62
simple
simple01
simple1
simple11
simple12
simple123
simple23
simplegirl
simpleman
simpleplan
simplicity
simplyme
simpson
simpson1
simpsons
simpsons1
simpsons12
simpsons2
sims
simsalabim
sin-gulya
sinaloa1
sinaloa13
sinatra
sinatra1
sinbad
sincere1
sincity1
sinclair
sinclair1
sinful
singapor
singapore
singapore1
singapur
singer
singer12
singer123
singh123
singhisking
singing1
single
single01
single07
single08
single09
single10
single101
single11
single12
single123
single13
single14
single15
single16
single18
single2010
single21
single22
single23
single69
singleagain
singlelady
singlelife
singlemom
singleton
singsing
singsong
sinister
sinister1
sinned
sinner
sinterklaas
siobhan
siobhan1
siouxsie
sipfhair
siracusa
sirazhdinov.shamil
sirenita
sirik010875
sirius
sissy
sissy123
sistemas
sister
sister11
sister12
sister123
sisters
sisters1
sisters2
sisters3
sisters4
site
sites
sithlord
sithlord1
sivakumar
sivasiva
sivenkovklin
sixers
sixflags
sixflags1
sixpack
sixpack1
sixsix
sixsixsix
sixteen
sixteen1
sixteen16
sixty
sixty9
sixtynin
sixtynine
sixtynine6
sizzle
sj811212
sjiecj1a9x
sk123456
sk84ever
sk84life
sk8board
sk8er4life
sk8erboi
sk8erboy
sk8erdude
sk8ergirl
sk8forlife
sk8mafia
sk8ordie
sk8r4life
sk8terboi
sk8terboy
sk8tergirl
ska02ska
skank123
skate
skate101
skate123
skate1234
skate420
skate4ever
skate4life
skate666
skateboard
skateboard1
skateboarding
skateordie
skater
skater01
skater09
skater10
skater101
skater11
skater12
skater123
skater1234
skater13
skater14
skater15
skater16
skater17
skater18
skater21
skater22
skater23
skater24
skater32
skater4lif
skater69
skater88
skater99
skaterboy
skaterboy1
skaterboy2
skaterdude
skaters1
skating1
skeeter
skeeter1
skeeter2
skeleton
skeleton1
skeletor
skelitor66
skelter
skeptron
skibum
skidoo
skidrow1
skiing
skilled
skillet
skillet1
skills12
skin
skincare
skinhead
skinhead1
skinhead69
skinhead88
skinner
skinner1
skinny
skins
skip
skipper
skipper1
skipper123
skipper2
skippy
skippy01
skippy11
skippy12
skippy123
skirt
skittle1
skittles
skittles!
skittles1
skittles10
skittles11
skittles12
skittles13
skittles14
skittles2
skittles3
skittles4
skittles5
skittles69
skittles7
skittlez1
skolko
skooter
skooter1
skorpion
skorpion1
skorpions23.5
skrillex
skrip-natalya
skull123
skullcandy
skunk
skyblue1
skydive
skydive1
skydiver
skyhawk
skylar
skylark
skylark1
skyler
skyler12
skyler123
skylight
skyline
skyline1
skyline12
skyline123
skyline2
skyline3
skyline34
skyline7
skylinegtr
skyliner
skyliner33
skyliner34
skywalke
skywalker
skywalker1
sl1pkn0t
sl1pknot
slacker
slacker1
sladkaya
slam
slam1984
slamdunk
slamdunk1
slammed
slammer
slammer1
slankers
slap
slapnuts
slapper
slappy
slapshock
slapshot
slapshot1
slaptasis
slash
slash123
slasher1
slastenka93
slater
slaughter
slaughter1
slava-45
slava.grinco
slava123
slava_kulbidyuk
slave
slave1
slavik200887
slayer
slayer01
slayer1
slayer11
slayer12
slayer123
slayer13
slayer66
slayer666
slayer69
slbenfica
sledge
sleep
sleeper
sleeper1
sleeping
sleeping1
sleepy
sleepy13
slick
slick1
slick123
slickrick
slickrick1
slider
slideshow
slim
slim1970
slimed123
slimjim
slimjim1
slimshad
slimshady
slimshady1
slimthug1
slingshot
slinky
slipchenko2004
slipkn0t
slipknot
slipknot!
slipknot.
slipknot0
slipknot01
slipknot1
slipknot10
slipknot11
slipknot12
slipknot123
slipknot13
slipknot14
slipknot2
slipknot21
slipknot22
slipknot3
slipknot4
slipknot5
slipknot6
slipknot66
slipknot666
slipknot69
slipknot7
slipknot8
slipknot9
slipper
slipper1
slippers
slippers1
slippery
slippery1
sliver
slniecko
slobodan
sloneczko
sloneczko1
slonenok1009
sloppy
slovakia
slovenija
slovensko
slow
slowhand
slowpoke
slugger
slugger1
sluggo
slunicko
slurpee1
slut
slutbag1
slutface1
sluts
sluttey
slutty
slytherin
sm.karat
sm123456
smack
smackdow
smackdown
smackdown1
smackdown2
smackthat1
smail.ru
small
smallboy
smallfry
smalls
smallville
smart
smart1
smart123
smartass
smartass1
smartboy
smartest1
smartgirl
smartguy
smartie1
smarties
smarties1
smartone
smashing
smashing1
smb0512bz
smeghead
smeghead1
smegma
smeller
smelly
smelly123
smellycat
smellycat1
smile
smile0_0
smile1
smile101
smile123
smile1234
smile4ever
smile4me
smiles
smiles12
smiles123
smiles4u
smilesmile
smiley
smiley01
smiley10
smiley101
smiley11
smiley12
smiley123
smiley13
smiley14
smiley22
smiley23
smiley69
smileyface
smiling1
smirnoff
smirnoff1
smirnova
smith
smith1
smith123
smithers
smiths
smithy
smitty
smk7366
smoke
smoke1
smoke123
smoke420
smokepot
smoker
smoker420
smokes
smokeweed
smokeweed1
smokeweed4
smokey
smokey01
smokey07
smokey08
smokey09
smokey1
smokey10
smokey101
smokey11
smokey12
smokey123
smokey13
smokey14
smokey15
smokey16
smokey21
smokey22
smokey23
smokey420
smokey69
smokey77
smokey88
smokey99
smokeyjoe
smokie
smokin
smokin420
smoking
smoking1
smolensk
smooches
smooches1
smoochie
smoochie1
smooth
smoothie
smoothie1
smother
smudge
smudge123
smurf
smurfette
smut
smutty
sn0wball
sn1ckers
snacks
snake
snake1
snake123
snakebite
snakeeyes
snakeman
snakes
snapon
snapper
snapper1
snapple
snapple1
snappy
snapshot
snatch
sneaker1
sneakers
sneakers1
sneaky
snicker
snicker1
snickers
snickers!
snickers01
snickers1
snickers11
snickers12
snickers13
snickers2
snickers22
snickers3
snickers4
snickers5
snickers7
sniffer
sniffing
sniffles
sniper
sniper01
sniper1
sniper11
sniper12
sniper123
sniper13
sniper69
snivanie
snoogans
snooker
snooker1
snooker147
snookie1
snookums
snoop
snoop123
snoopdog
snoopdog1
snoopdogg
snoopdogg1
snoopy
snoopy01
snoopy07
snoopy08
snoopy09
snoopy1
snoopy10
snoopy101
snoopy11
snoopy12
snoopy123
snoopy13
snoopy14
snoopy15
snoopy16
snoopy17
snoopy21
snoopy22
snoopy23
snoopy24
snoopy25
snoopy69
snoopy77
snoopy88
snoopy99
snorre98
snow
snow1234
snowangel
snowball
snowball1
snowball11
snowball12
snowball2
snowball3
snowball7
snowbell
snowbird
snowbird1
snowboar
snowboard
snowboard1
snowboard2
snowboarding
snowbunny
snowbunny1
snowdrop
snowfall
snowflak
snowflake
snowflake1
snowflake2
snowflake3
snowflakes
snowhite
snowman
snowman1
snowman12
snowman123
snowman2
snowman3
snowman7
snowshoe
snowsnow
snowstorm
snowwhite
snowwhite1
snowy123
snuffles
snuffy
snuggle1
snuggles
snuggles1
snuggles2
snyder
sober
soboleva
sobriety
soccer
soccer#1
soccer00
soccer01
soccer02
soccer03
soccer04
soccer05
soccer06
soccer07
soccer08
soccer09
soccer1
soccer10
soccer100
soccer101
soccer11
soccer12
soccer123
soccer1234
soccer13
soccer14
soccer15
soccer16
soccer17
soccer18
soccer19
soccer20
soccer2010
soccer21
soccer22
soccer23
soccer24
soccer25
soccer26
soccer27
soccer28
soccer29
soccer30
soccer31
soccer32
soccer33
soccer34
soccer35
soccer44
soccer45
soccer4lif
soccer55
soccer56
soccer66
soccer69
soccer77
soccer87
soccer88
soccer89
soccer90
soccer91
soccer92
soccer93
soccer94
soccer95
soccer96
soccer97
soccer98
soccer99
soccerball
soccerboy
soccerboy1
soccergirl
soccerman1
soccermom
soccermom1
soccerstar
sochi2014
social12
social123
socialbook
socialwork
sociology
socks
socks123
socorro1
socrates
socrates1
sodapop1
sodikov.talat
sofia123
sofresh1
soft
softail
softail1
softball
softball!
softball.
softball00
softball01
softball02
softball03
softball05
softball06
softball07
softball08
softball09
softball1
softball10
softball11
softball12
softball13
softball14
softball15
softball16
softball17
softball18
softball19
softball2
softball20
softball21
softball22
softball23
softball24
softball25
softball27
softball3
softball32
softball33
softball4
softball44
softball5
softball6
softball7
softball8
softball9
softball99
softtail
software
software1
sofya.kulikova.87
sogevigdil1981
soinlove
sojdlg123aljg
sokolova
sokrates
solace
solange1
solar
solaris
solaris1
soldier
soldier1
soldier2
soldiers
solecito
soledad1
soleil
soleil12
soleil123
soleil13
soleluna
solidsnake
solidworks
solitaire
solitaria
solitario
solitario1
solitude
solnishko
solnyshko
solo
solo7590
solomaha-denis
soloman1
solomon
solomon1
solomon123
solosolo
solotime
soloveibormalei
solstice
solution
solution1
solutions
solutions1
solyluna
somanypickles27
sombrero
some
somebody
somebody1
someday
someday1
someone
someone1
somerset
somerset1
somethin
something
something1
something2
sometime
sometimes
sometimes1
somewhere
somierda
sommer
sommer07
sommer08
sommer09
sommer123
sonata
sonechka
sonechko
song
songbird
songbird1
songohan
songoku1
sonia
sonia-91
sonia123
sonic
sonic123
sonicboom
sonics
sonja
sonne
sonne123
sonnenblume
sonnensche
sonnenschein
sonny
sonny123
sonnyboy
sonnyboy1
sonofabitch
sonofgod
sonoma
sonora
sonshine
sonu1234
sonumonu
sonusonu
sony
sony1234
sonya200102
sonyericson
sonyericss
sonyericsson
sonyfuck
sonysony
sonyvaio
sonyvaio1
sooner
sooners
sooners1
sooty123
sophia
sophia01
sophia07
sophia08
sophia10
sophia11
sophia12
sophia123
sophia13
sophie
sophie01
sophie05
sophie06
sophie07
sophie08
sophie09
sophie1
sophie10
sophie11
sophie12
sophie123
sophie13
sophie14
sophie15
sophie21
sophie22
sophie23
sophie99
sophieytorf
soprano
soprano1
sopranos
sopranos1
sorcerer
sorciere
sorellina
sorokina
sorokina-999-01
sorokina7778
sorpresa
sorrento
sorrow
sorry123
soso123aljg
sosososo
soufeliz
soufiane
soukaina
soukayna
soul
souleater
soulfly1
soulfood
souljaboy
souljaboy1
souljaboy2
soulmate
soulmate1
soulmates
soulreaver
sound
sounds
soundwave
soup
south
south123
southafrica
southampton
southeast
southeast1
southend
southend1
southern
southern1
southgate
southpar
southpark
southpark1
southpark2
southpaw
southpole
southpole1
southpole2
southport
southsid3
southside
southside0
southside1
southside13
southside2
southside3
southside4
southside5
southside6
southside7
southside8
southside9
southwest
southwest1
souvenir
sovereign
sovin.sv
sowhat
sowjanya
soyelmejor
soyfeliz
soylamejor
soyma.ivan
sp.zakaz
sp0ngeb0b
sp1derman
space
space123
space1999
space4me
spaceball1
spaceballs
spacebar
spacejam
spaceman
spaceman1
spacemy1
spaceship
spaceship1
spades
spagetti
spaghetti
spaghetti1
spain
spalding
spalding1
spam
spamar33
spamspam
spanish
spanish1
spanish2
spank
spanker
spanking
spankme
spankme1
spanky
spanky01
spanky1
spanky11
spanky12
spanky123
spanky13
spanky69
spanner
spanner1
sparhawk
spark
sparkey1
sparkie1
sparkle
sparkle1
sparkle123
sparkle2
sparkles
sparkles1
sparkplug
sparks
sparky
sparky01
sparky1
sparky10
sparky101
sparky11
sparky12
sparky123
sparky13
sparky22
sparky23
sparky69
sparky99
sparrow
sparrow1
sparrows
sparta
spartacus
spartacus1
spartak1
spartak1922
spartan
spartan1
spartan117
spartan2
spartan300
spartan7
spartans
spartans1
sparten117
sparticus
sparty
spawn
spawn123
spawn666
speak2me
speaker
speaker1
speakers
speakers1
spears
special
special1
special123
special2
speciala
specialist
specialized
specialk
specialk1
speckles
spection
spectre
spectrum
spectrum1
speed
speed1
speed123
speedo
speedracer
speedster
speedtouch
speedway
speedway1
speedy
speedy01
speedy11
speedy12
speedy123
speedy13
spellbound
spelling
spence
spencer
spencer!
spencer01
spencer1
spencer11
spencer12
spencer123
spencer13
spencer2
spencer3
spencer4
spencer5
spencer7
speranta
speranza
sperm
sperma
spez3012
sphere
sphinx
spice
spice1
spice333
spicegirls
spider
spider-man
spider01
spider1
spider10
spider11
spider12
spider123
spider13
spider21
spider22
spider23
spider69
spider99
spiderma
spiderman
spiderman!
spiderman.
spiderman0
spiderman1
spiderman12
spiderman123
spiderman2
spiderman3
spiderman4
spiderman5
spiderman6
spiderman7
spiderman8
spiderman9
spiderpig
spiderpig1
spiders1
spiderweb
spidey
spierdalaj
spiffy
spike
spike1
spike123
spike1234
spiker
spikes
spikey
spinner
spinner1
spinning
spionin8688
spiral
spiridonmarkin1982
spirit
spirit12
spirit123
spiritual
spitfire
spitfire1
spitsy16
spjfet
splash
spleen
splender
splendid
splendor
spliff
splinter
splinter1
splintercell
splurge
spock
spock1
spoiled
spoiled1
spokane1
spongbob
spongbob1
sponge
sponge12
sponge123
spongebo
spongebob
spongebob!
spongebob.
spongebob0
spongebob1
spongebob12
spongebob123
spongebob2
spongebob3
spongebob4
spongebob5
spongebob6
spongebob7
spongebob8
spongebob9
spongecola
spooge
spook
spookie1
spooky
spooky12
spooky123
spooky13
spoon
spooner
spooner1
spoons
sport
sport123
sportage
sporting
sporting1
sports
sports10
sports101
sports11
sports12
sports123
sports13
sports21
sports22
sports23
sportsman
sportsmen
sportster
sportster1
sporty
sporu-netu
spot
spotlight
spotlight1
spotty
spread
spread-hop
spring
spring01
spring06
spring07
spring08
spring09
spring10
spring11
spring12
spring123
spring938burston0001990
spring99
springbok
springer
springer1
springfield
springs
springsteen
springtime
sprinkle
sprinkles
sprinkles1
sprint
sprint01
sprinter
sprinter1
sprite
sprite12
sprite123
sprocket
sprocket1
sprout
spud
spunk
spunky
spurs
spurs1
spurs123
sputnik
sputnik1
spyder
sq8hm7l4
squadup1
squall
square
squash
squeak
squeaker
squeaky1
squeeze
squerting
squid
squirrel
squirrel1
squirt
squirtle
squirts
squishy1
sraka105
sravanthi
srcuqq1_2j1h3rbf
sredina-va
sreedevi
sriganesh
srikanth
srikrishna
srilanka
srilanka1
srilatha
srinivas
srinivasa
srinivasan
srisairam
srivastava
ss123456
ss23081937
ss563563ss
ss6z2sw6lu
ssj4goku
sslazio1900
ssptx452
sss-nastya-sss
ssss
sssss
ssssss
sssssss
ssssssss
sssssssss
ssssssssss
ssssssssssss
sssuka80
ssyu1314
st.louis
stacey
stacey1
stacey12
stacey123
stacie
stacy
stacy123
staff
staff123
stafford
stafford1
stainless
stairway
stalin
stalingrad
stalker
stalker1
stalker123
stalker2
stalker_lemurrr
stallion
stallion1
stallone
stamford
stampede
stan
stan021092
standard
standard1
standart
standby
stanford
stanford1
stang
stanislas
stanislav
stanley
stanley1
stanley123
stanley2
stanton
stanton1
stapler1
staples
staples1
star
star1
star12
star1234
star12345
star2000
star2006
star2010
star69
star7827
starbaby
starbright
starbuck
starbuck1
starbucks
starbucks1
starbucks2
starburst
starburst1
starchild
starchild1
starcraf
starcraft
starcraft1
starcraft2
stardoll
stardoll1
stardust
stardust1
staredobre
starfire
starfire1
starfish
starfish1
starfleet
starfox1
stargate
stargate1
stargatesg1
stargazer
stargazer1
stargirl
stargirl1
starkiller
starlet1
starligh
starlight
starlight1
starlight2
starling
starlite
starlite1
starman
starman1
starmoon
starpozitiv
starr
starr123
stars
stars123
starscream
starshine
starshine1
starship
starship1
starsky1
starstar
starstar1
starstruck
start
start1
start123
starter
starter1
startfinding
startrek
startrek1
starwar5
starwars
starwars!
starwars01
starwars03ja
starwars1
starwars10
starwars11
starwars111
starwars12
starwars123
starwars13
starwars2
starwars22
starwars3
starwars4
starwars5
starwars6
starwars7
starwars77
starwars9
starwarsfan10
starz123
stas.gorodissky
stas_kolos
stas_the_best.ru
stason16.92
stason729
stassenka
stasstas
state
states
static
station
station1
station2
station3
statistics
status
stayaway
staycool
stayfly1
stayoff1
stayout
stayout!
stayout1
staystrong
stealth
stealth1
steamboat
stecova85
steel
steele
steeler
steeler1
steelers
steelers!
steelers#1
steelers01
steelers06
steelers07
steelers08
steelers09
steelers1
steelers10
steelers11
steelers12
steelers13
steelers2
steelers3
steelers36
steelers43
steelers5
steelers6
steelers7
steelers86
steelhead
steelhead1
steelman
steelseries
stefan
stefan12
stefan123
stefancelmare
stefangreil1983
stefani1
stefania
stefania1
stefanie
stefanie1
stefano
stefano1
steffen
steffen1
steffi
steflio3123
steinbock
steinway
stella
stella01
stella10
stella11
stella12
stella123
stella13
stella22
stella354926
stellar
stellar1
stellina
stepa-2009
stepanov
stepanov.ag
stepanov_georgij
stepanova
stepashka
steph
steph123
stephan
stephan1
stephane
stephane1
stephani
stephanie
stephanie!
stephanie.
stephanie0
stephanie1
stephanie2
stephanie3
stephanie4
stephanie5
stephanie6
stephanie7
stephanie8
stephanie9
stephany
stephany1
stephen
stephen1
stephen11
stephen12
stephen123
stephen2
stephen3
stephen7
stephens
stephie1
stephon1
stereo
sterling
sterling1
stern
sternchen
sternchen1
steroids
stetson1
steve
steve1
steve123
steven
steven01
steven06
steven07
steven08
steven09
steven1
steven10
steven11
steven12
steven123
steven1234
steven13
steven14
steven15
steven16
steven17
steven18
steven19
steven20
steven21
steven22
steven23
steven24
steven69
steven88
stevenash
stevenash1
stevens
stevens1
stevenson
stevenson1
stevevai
stevie
stewart
stewart1
stewart14
stewart20
stgeorge
sticazzi
stick
stickers
stickman
stickman1
sticks
sticky
stiffler
stiffy
stigmata
stiletto
stillwater
stimpy
sting
stinger
stinger1
stingray
stingray1
stinker
stinker1
stinks
stinky
stinky01
stinky1
stinky12
stinky123
stirling
stitch626
stitches
stjabn
stjoseph
stlouis1
stocazzo
stock
stockholm
stockholm1
stocking
stockings
stocks
stockton
stockton1
stokecity
stokecity1
stokes
stokrotka
stokrotka1
stolen
stomatolog
stone
stone1
stone123
stone55
stone_mitich
stonecol
stonecold
stonecold1
stonecold3
stoned
stoned420
stonehenge
stoner
stoner420
stoner69
stones
stonewal
stonewall
stonewall1
stoney
stooge
stooges
stoopid1
stop
stopit
stoppedby
storage
store
stories
storm
storm1
storm123
stormdogs
stormers
stormie1
storms
stormy
stormy12
stormy123
story
storys
str8edge
straight
straight1
strange
strange.lena
strange1
stranger
stranger1
strangle
strannik
strap
strasbourg
strat
strategy
stratfor
stratford
strato
stratocast
stratocaster
stratovarius
stratton
stratus
stratus1
strawb3rry
strawber
strawberr1
strawberri
strawberries
strawberry
strawberry1
streak
stream
streaming
street
street12
street123
streetball
streetfighter
streets
streets1
strekoza
strekoza79
strelka.m
strength
strength1
stress
stressed
stressed1
stretch
stretch1
strezhetova
strider
strider1
strife
strike
striker
striker1
strikers
string
stringer
strip
striper
striper1
stripes
stripes1
stripped
stripper
stripper1
strobe93
stroikarat
stroke
stroker
stroker1
strokes1
strong
strongbad
strongbow
strongbow1
stronger
stronger1
stronghold
strongman
structure
struggle
strummer
stryker
stryker1
stsnatasha2008
stthomas
stuart
stubby
stud
student
student1
student12
student123
student2
studentka
students
studio
studio54
studioworks
studly
studman
studmuffin
stuff
stuff123
stuffer
stumpy
stunner
stunner1
stunt101
stuntman
stupid
stupid01
stupid1
stupid101
stupid11
stupid12
stupid123
stupid13
stupid22
stupid69
stupidass
stupidass1
stupidbitc
stupidgirl
stuttgart
stuttgart1
style
style_style
styles
stylist1
stylus
su123456
su224466
suan
sub-zero
subaru
subaru29
subaru555
subhanallah
sublime
sublime1
sublime2
sublime420
sublime69
sublime7
submarine
submarine1
submission
submit
submit123
subprodukty
subtitle
suburban
suburban1
subway
subwoofer
subwoofer1
subzero
subzero1
success
success!
success01
success08
success09
success1
success11
success12
success123
success2
success4me
success7
success8
successful
suchitra
suck
suckadick1
suckcock
suckdick
suckdick1
sucked
sucker
sucker123
suckers
suckers1
sucking
suckit
suckit12
suckit123
suckit69
suckme
suckme69
suckmyass69
suckmyballs
suckmycock
suckmydick
sucks
sudarshan
sudhakar
suede
sugar
sugar1
sugar123
sugarbabe
sugarbaby
sugarbaby1
sugarbear
sugarbear1
sugarcane
sugardaddy
sugarfoot
sugarfree
sugarlips
sugarlips1
sugarpie
sugarpie1
sugarplum
sugarplum1
sugarray
sugars
sugarsugar
sugipula
suhasini
suicidal
suicidal1
suicide
suicide1
suikoden
sukabumi
sukasbliat
sukasuka
sukebe
sukisuki
sulaiman
sulaimon
sulamifcherenchikova1979
suleiman
suleyman
sullivan
sullivan1
sulochana
sultan
suman123
summer
summer.fruit
summer00
summer01
summer02
summer03
summer04
summer05
summer06
summer07
summer08
summer09
summer1
summer10
summer101
summer11
summer12
summer123
summer1234
summer13
summer14
summer15
summer16
summer17
summer18
summer19
summer20
summer2005
summer2006
summer2007
summer2008
summer2009
summer2010
summer2011
summer2012
summer21
summer22
summer23
summer24
summer25
summer33
summer44
summer45
summer55
summer66
summer67
summer69
summer77
summer78
summer88
summer89
summer96
summer98
summer99
summerfun
summerland
summerlove
summerof69
summers
summers1
summertime
summit
summoner
sun1shine
sun2shine
sunburst
sundance
sundance1
sundaram
sunday
sunday12
sunday123
sunderland
sundevil
sundin13
sundown
sundrop1
sunfire
sunfire1
sunflowe
sunflower
sunflower1
sunflower2
sunflower3
sunflower4
sunflower5
sunflower7
sunflower8
sunflowers
sungatullinad
sungelika86
sunglasses
sunil123
sunilkumar
sunkanmi
sunkist1
sunlight
sunlight1
sunnepa1
sunnny56
sunny
sunny1
sunny123
sunny1234
sunnyboy
sunnyboy1
sunnyday
sunnyday1
sunnydays
sunnyest
sunnyside
sunnyside1
sunrise
sunrise1
sunset
sunset12
sunset123
sunsh1n3
sunsh1ne
sunshin3
sunshine
sunshine!
sunshine.
sunshine0
sunshine00
sunshine01
sunshine02
sunshine05
sunshine06
sunshine07
sunshine08
sunshine09
sunshine1
sunshine10
sunshine11
sunshine12
sunshine123
sunshine13
sunshine14
sunshine15
sunshine16
sunshine17
sunshine18
sunshine19
sunshine2
sunshine20
sunshine21
sunshine22
sunshine23
sunshine24
sunshine25
sunshine26
sunshine27
sunshine28
sunshine29
sunshine3
sunshine30
sunshine32
sunshine33
sunshine4
sunshine44
sunshine45
sunshine5
sunshine55
sunshine6
sunshine66
sunshine69
sunshine7
sunshine77
sunshine8
sunshine87
sunshine88
sunshine89
sunshine9
sunshine99
sup3rman
supa1906
super
super007
super1
super100
super123
super1231
super1234
superb
superbad
superbad1
superbee
superbike
superbowl
superbowl1
superboy
superboy1
supercar
supercat
supercool
supercool1
supercross
superdave
superdog
superdog1
superdude
superdude1
superduper
superduty
superfly
superfly1
superfreak
supergirl
supergirl1
supergirl2
superhero
superhero1
superhuman
superior
superior1
superjunio
superjunior
superman
superman!
superman.
superman0
superman00
superman01
superman06
superman07
superman08
superman09
superman1
superman10
superman11
superman12
superman123
superman13
superman14
superman15
superman16
superman17
superman18
superman19
superman2
superman20
superman21
superman22
superman23
superman24
superman25
superman26
superman27
superman28
superman3
superman30
superman32
superman33
superman34
superman4
superman45
superman5
superman55
superman6
superman69
superman7
superman77
superman78
superman8
superman87
superman88
superman89
superman9
superman99
supermanboy
supermann
supermario
supermax
supermen
supermodel
supermom
supermom1
supernatur
supernatural
supernov
supernova
supernova1
superpippo
superpower
superpuper
supersexy
supersexy1
supersonic
supersport
supersta
superstar
superstar!
superstar0
superstar1
superstar2
superstar3
superstar4
superstar5
superstar6
superstar7
superstar8
superstar9
superstars
supersuper
supertramp
superuser
supervisor
supervista
superwoman
suppandi
support
support1
supported
supra
supreme
supreme1
surabaya
surena13
surendra
sureno13
surenos13
surenox3
suresh123
sureshot
surethang
surf
surf4life
surfboard
surfboard1
surfer
surfer1
surfer12
surfer123
surfer69
surfergirl
surfing
surfing1
surfing123
surfing2
surfsup1
surgery
surgery1
suriname
surinder
surooo777
surprise
surprise1
surrender
surrender1
surround
surside13
survey
surveyor
survival
survivor
survivor1
susan
susan1
susan123
susana
susanita
susanna
susanna1
susannah
susanne
susanne1
sushi
sushi123
sushmita
susie
susie123
susieq
suspects20
sutenm123456
sutherland
sutton
suzanne
suzanne1
suzette1
suzuki
suzuki1000
suzuki123
suzuki125
suzuki250
suzuki600
suzuki750
sverige1
sveta-kisil
sveta123
svetasveta
svetik_kryuchkov
svetlana
svetlana-mironova-13
svetlana1
svetlana26rus
svetlana_07
svetlanka
sveto4ka
svetochka
svitlana
svoron1977
sw0rdf1sh
sw0rdfish
sw705547
swagg123
swagger1
swallow
swallow1
swaminarayan
swamisamarth
swampfire
swamphen
swampy
swanlake
swansea1
swastika
sweden
swedish
sweeney
sweeney1
sweet
sweet1
sweet101
sweet123
sweet1234
sweet666
sweetangel
sweetass
sweetbaby
sweetbaby1
sweetboy
sweetcandy
sweetcheeks
sweetdream
sweetdreams
sweetest
sweetgirl
sweetgirl1
sweethart
sweetheart
sweetheart1
sweethome
sweethoney
sweetie
sweetie!
sweetie01
sweetie1
sweetie11
sweetie12
sweetie123
sweetie13
sweetie2
sweetie22
sweetie3
sweetie4
sweetie5
sweetie7
sweetie8
sweetiepie
sweeties
sweetlady
sweetlips
sweetlove
sweetlove1
sweetlover
sweetman
sweetmother
sweetnes
sweetness
sweetness1
sweetness2
sweetness3
sweetone
sweetpea
sweetpea!
sweetpea1
sweetpea12
sweetpea2
sweetpea3
sweetpea7
sweetpie
sweets
sweets12
sweets123
sweetstuff
sweetsweet
sweettea
sweetthang
sweetthing
sweetwater
sweety
sweety01
sweety11
sweety12
sweety123
sweety13
sweety22
sweety23
sweetypie
sweetypie1
swetlana
swift
swifty
swim
swimmer
swimmer1
swimmer2
swimming
swimming!
swimming1
swimming12
swimming2
swing
swinger
swinger1
swingers
swinging
swisher1
swiss
switch
switchfoot
switzerland
swoosh
sword
sword123
swordfis
swordfish
swordfish1
swordfish2
swordfish7
swords
swordsman
sxhq65
sxuaiehatp
sycamore
sycamore1
sydney
sydney00
sydney01
sydney07
sydney08
sydney10
sydney11
sydney12
sydney123
sydney13
sydney2000
sydney22
sydney99
sylvania
sylveste
sylvester
sylvester1
sylvia
sylvie
sym_cskill1
symantec
symmetry
symow8
symphony
syncmaster
syndicate
synergy
synergy1
synyster
synyster1
syracuse
syracuse1
sys64738
sysadmin
system
system1
system12
system123
system32
systemofadown
systems
syyrrqbe70
syzygy
sz9kqcctwy
szczurek
szerelem
szeretlek
szgd4ey287
t1234567
t12345678
t123456789
t1nkerbell
t26gn4
t36473647
t5e1q9shfd
t5r4e3w2q1
t_v_belyakova
ta123456
tabaluga
tabasco
tabasco1
tabassum
tabatha
tabatha1
tabby123
tabbycat
tabbycat1
tabitha
tabitha1
table
taburetka
taco
taco1234
tacobell
tacobell1
tacobell12
tacobell2
tacoma
tacos123
tacotaco
tadpole
tadpole1
taekwondo
taekwondo1
tafadzwa
taffy
taffy123
tagesgruppe2010
tagheuer
tahiti
tahoe
taichi
tail
tailgate
tainted
taishan2011
tajmahal
tajudeen
takahiro
takamine
takamine1
takataka
takayuki
takecare
takedown
takehana
takeiteasy
takeover1
takethat
takishima
takoyaki
talavera
talbot
talented
talented1
tales
taliesin
talisman
talk
talks
talktome
talleres
tallulah
talon
tamagotchi
tamahome
tamara12
tamara123
tamarindo
tamerlan
tamilnadu
tammie
tammy
tammy1
tammy123
tampa813
tampabay
tampabay1
tamriko0942
tanaka
tanechka
tang
tangerang
tangerin
tangerine
tangerine1
tanginamo
tanglewood
tango
tango1
tango123
tangtang
tania123
tanisha1
tanja1993
tanjiang999
tank
tanker
tanktank
tanner
tanner01
tanner10
tanner11
tanner12
tanner123
tanner13
tanner22
tanning1
tantra
tanushka
tanya
tanya1
tanya123
tanzania
taobao887
tara
tara1234
tarantado
tarantino
tarantul
tarantula
tarasenko
tarasova
taratara
taratata
tardis
target
target123
tarheel
tarheel1
tarheels
tarheels1
tarheels23
tarik-66
tarpon
tarragon
tarragona
tartar
tartaruga
tarzan
tarzan00
tasha
tasha1
tasha123
tashkent
taskaev777
tasmania
tassadar
tastatura
tastiera
tasty
tata1234
tata1964
tatarstan
tatatata
taterbug
taterbug1
tatertot
tatertot1
tatiana
tatiana1
tatianna
tattoo
tattoo13
tattoo69
tattoos1
tatyana1
taugamma
taugammaph
taurus
taxidriver
taxman
taylor
taylor00
taylor01
taylor02
taylor03
taylor04
taylor05
taylor06
taylor07
taylor08
taylor09
taylor1
taylor10
taylor101
taylor11
taylor12
taylor123
taylor1234
taylor13
taylor14
taylor15
taylor16
taylor17
taylor18
taylor19
taylor20
taylor21
taylor22
taylor23
taylor24
taylor25
taylor26
taylor27
taylor33
taylor56
taylor69
taylor77
taylor88
taylor92
taylor93
taylor94
taylor95
taylor96
taylor97
taylor98
taylor99
taylorgang
taylorlaut
taylormade
taylorswif
taylorswift
taytay11
taytay12
taytay123
taytay13
tayuya44
tazdevil
tazman
tazmania
tazmania1
tazmanian
taztaz
tazz
tbfj7no671
tbird
tbone
tdubdub05
tdws011286
teacher
teacher1
teacher12
teacher123
teacher2
teacher3
teacher5
teachers
teaching
team
teamedward
teamjacob
teamo100
teamo123
teamoamor
teamobebe
teamodios
teamojesus
teamomama
teamomiamor
teamomucho
teamomuxo
teamwork
teamwork1
teardrop
teardrop1
teaser
tech
techdeck
techdeck1
techn9ne
technical
technician
technics
technics1
technics12
techniques
techno
techno123
techno13
techno2009
technology
tecktonik
tecnologia
tecumseh
teddy
teddy1
teddy101
teddy123
teddybea
teddybear
teddybear!
teddybear0
teddybear1
teddybear2
teddybear3
teddybear4
teddybear5
teddybear6
teddybear7
teddybear8
teddybear9
teddybears
teddyboy
teen
teenaa111
teenage
teenager
teenie
teens
teensex
teentitans
teh-consul
teiubesc
teixeira
tekiero1
tekken
telangana
telecaster
telechargement
telecom1
telecono
telefon
telefon1
telefone
telefonica
telefonino
telefono
telefono1
telefoon
telegina_65
telemark
telephon
telephone
telephone1
teleport
television
televisione
televizor
teller
tema-bushelev
tema.barabin
temidayo
temitayo
temitope
temitope1
temp
temp123
temp1234
tempest
tempest1
tempesta
tempesth1941
templar
templar1
temple
temporal
temporary
temporary1
temppass
temppass1
temppassword
temptation
temptemp
temptress
tenchi
tender
tendresse
tendulkar
tenerife
tenerife1
teng
tennesse
tennessee
tennessee1
tennis
tennis01
tennis07
tennis08
tennis09
tennis1
tennis10
tennis11
tennis12
tennis123
tennis13
tennis14
tennis21
tennis22
tennis23
tennisball
tennyson
tenten10
teonamaria1
tequiero
tequiero1
tequiero12
tequiero2
tequieromu
tequieromucho
tequila
tequila1
tequilla
terefon
terenaam
terence1
teresa
teresa01
teresa11
teresa12
teresa123
teresina
teresita
terezinha
terminal
terminal1
terminat
terminator
terminator1
terminator2
termite
termite1
ternopil
terorist
terra
terra123
terran
terrance
terrance1
terranova
terrapin
terrell
terrell1
terrell2
terremoto
terrence
terrence1
terri
terrible
terrible1
terrier
terriers
terrific
terror
terrorist
terry
terry1
terry123
terserah
tessa123
tessie
test
test1
test12
test123
test1234
test12345
test123456
test2
testaccount
testament
teste123
tester
tester01
tester12
tester123
testerer
testibil
testing
testing1
testing123
testme
testpass
testqa12
testtest
testtest1
tetsuo
teufel99
texaco
texas
texas1
texas100
texas123
texas210
texas214
texas254
texas713
texas817
texasdoor
texasmade1
texastech
texastech1
tfzwf44idb
tgpw53j3kg
tgzvf55idb
thaddeus
thaddeus1
thailand
thailand1
thanatos
thanh123
thanhcong
thanhtung
thankful
thankful1
thankgod
thankgod1
thanks
thanksgod
thankyou
thankyou1
thankyou2
thatbitch1
thatcher
thatguy1
thatnigga1
thatshot
thatshot1
thatsme1
the1andonl
the1andonly
the1ilove
the1nonly
the1ring
the2ofus
the69eyes
theanswer
theanswer3
theater
theater1
theatre
theatre1
theband1
thebeach
thebear
thebears12
thebeast
thebeast1
thebeatles
thebest1
thebest12
thebest123
thebest2
thebest99
thebible
thebigboss
thebitch
thebitch1
theblock
theblues
thebomb1
theboss
theboss1
theboys1
theboys2
theboys3
thecat
thechamp
thechamp1
thechosen1
theclash
thecool1
thecrazymaxim
thecrew1
thecrow
thecrow1
thecure
thecure1
thedark1
thedevil
thedoctor
thedog
thedon
thedoors
thedoors1
thedude
thedude1
theduke1
theend
theflash
theforce
theforce1
thegame
thegame1
thegame12
thegame123
thegame2
theghost
thegirls
thegreat
thegreat1
thegreat12
thegreat123
thegreatone
thehulk1
theiigd4x2
theiige4x2
their
thejoker
thejoker1
thekid
thekiller
thekiller1
thekillers
theking
theking1
theking12
theking123
theking2
theking23
thelast1
thelegend
thelma
thelord1
thelordisgood
theman
theman11
theman12
theman123
theman22
theman23
theman69
themaster
themaster1
thematri
thematrix
thematrix1
thenewme
thenewozer
thenumber1
theo
theodora
theodore
theodore1
theone
theone01
theone11
theone12
theone123
theonly1
theonlyone
thepassword
thepimp1
thepower
thequeen
thequeen1
therapist
therapy
therapy1
therasmus
there
thereal1
thereisnospoon
theresa
theresa1
theresa2
therese1
theresia
therock
therock1
therock123
therock2
thesaint
thesame1
these
thesecret
thesecret1
thesexy1
theshit
theshit1
thesimpsons
thesims
thesims1
thesims2
thesims3
thesmokin
thespian
thestrokes
thethe
thething
thetruth
thetruth1
thetwins
theused1
theused2
thewall1
thewho
theworld
theworld1
thiago123
thibault
thick
thickness
thickness1
thienthan
thierry
thierry1
thighs
thing
things
think
think123
think456
thinkbig
thinking
thinking1
thinkpad
thinkpink
thinkpink1
thirdeye
thirteen
thirteen13
thirty
thirty30
this
thisisgay
thisisgay1
thisisit
thisisit1
thisisme
thisisme1
thisismine
thisismypassword
thissucks
thissucks1
thissucks2
thistle
thistle1
thomas
thomas00
thomas01
thomas02
thomas03
thomas04
thomas05
thomas06
thomas07
thomas08
thomas09
thomas1
thomas10
thomas11
thomas12
thomas123
thomas1234
thomas13
thomas14
thomas15
thomas16
thomas17
thomas18
thomas19
thomas20
thomas21
thomas22
thomas23
thomas24
thomas25
thomas26
thomas27
thomas28
thomas30
thomas33
thomas44
thomas55
thomas69
thomas77
thomas87
thomas88
thomas89
thomas91
thomas92
thomas94
thomas95
thomas97
thomas98
thomas99
thompson
thompson1
thomson1
thong
thongs
thor
thornton
thornton1
thorsten
thought
thought1
thousand
thrasher
thrasher1
three
three333
threeboys
threegirls
threekids
threekids3
threesom
threesome
threesome3
thriller
thriller1
throat
thrust
thtajehzsp
thug4life
thuggin1
thuglife
thuglife1
thuglife12
thuglife13
thuglife2
thuglife3
thuglife7
thuglove
thuglove1
thugstools
thumb
thumbnils
thumbs
thumper
thumper1
thumper12
thumper123
thumper2
thumper3
thunder
thunder!
thunder01
thunder1
thunder10
thunder11
thunder12
thunder123
thunder13
thunder2
thunder21
thunder22
thunder23
thunder3
thunder4
thunder5
thunder6
thunder69
thunder7
thunder8
thunder9
thunderb
thunderbir
thunderbird
thunderbolt
thundercat
thundercats
thunders
thunderstorm
thursday
thursday1
thurston
thuylinh
thx1138
tiago123
tiamaria
tiamotanto
tian
tiantian
tiao
tiberian
tiberium
tiberius
tibia123
tiburon
tiburon1
tical
tichuots
ticket
tickle
tickler
tickling
ticklish
ticktock
ticotico
tictac
tiddles1
tielandros01
tiff
tiffani1
tiffanie
tiffany
tiffany!
tiffany.
tiffany01
tiffany08
tiffany09
tiffany1
tiffany10
tiffany11
tiffany12
tiffany123
tiffany13
tiffany14
tiffany15
tiffany16
tiffany17
tiffany18
tiffany2
tiffany21
tiffany22
tiffany23
tiffany3
tiffany4
tiffany5
tiffany6
tiffany69
tiffany7
tiffany8
tiffany9
tiger
tiger007
tiger1
tiger100
tiger101
tiger111
tiger123
tiger1234
tiger2
tiger2000
tiger2010
tiger321
tiger7
tiger777
tigerboy
tigercat
tigercat1
tigereye
tigerlilly
tigerlily
tigerlily1
tigerman
tigers
tigers01
tigers05
tigers06
tigers07
tigers08
tigers09
tigers1
tigers10
tigers11
tigers12
tigers123
tigers13
tigers14
tigers15
tigers21
tigers22
tigers23
tigers24
tigers33
tigers69
tigers84
tigertiger
tigerwoods
tigger
tigger00
tigger01
tigger02
tigger03
tigger04
tigger05
tigger06
tigger07
tigger08
tigger09
tigger1
tigger10
tigger101
tigger11
tigger12
tigger123
tigger1234
tigger13
tigger14
tigger15
tigger16
tigger17
tigger18
tigger19
tigger2
tigger20
tigger21
tigger22
tigger23
tigger24
tigger25
tigger26
tigger27
tigger28
tigger33
tigger44
tigger45
tigger55
tigger66
tigger67
tigger68
tigger69
tigger77
tigger87
tigger88
tigger89
tigger99
tight
tights
tigrenok
tigresse
tigrotto
tijger3417
tijgertje
tijuana1
tikitiki
tilly123
timbaland
timber
timberlake
timberland
timberwolf
timbuktu
time
time2die
time2fly
time2play
time4fun
timebomb
timeless
timeless1
timeline
timelord
timeout
timeout1
timepass
times
timetime
timfranzke
timileyin
timisoara
timmy
timmy123
timoshka
timothy
timothy01
timothy1
timothy12
timothy123
timothy2
timothy3
timothy5
timothy7
timoxa94
timtim
tina
tina1234
tinamarie
tinatina
ting
tingting
tingtong
tink1234
tink3rb3ll
tinkabell1
tinker
tinker01
tinker09
tinker10
tinker11
tinker12
tinker123
tinker13
tinker14
tinker15
tinker21
tinker22
tinker23
tinkerbe
tinkerbe11
tinkerbel1
tinkerbell
tinkerbell1
tinkerbell12
tinkerbelle
tinktink
tinman
tinotenda
tintin
tintin123
tiny
tinydancer
tinytim1
tiphaine
tipper
tipperary
tippmann
tippmann1
tippmann98
tippy123
tiramisu
tires
tirupati
tishenkoff
titan
titan123
titanic
titanic1
titanic12
titanic123
titanic1912
titanic2
titanium
titanium1
titans
titans10
titans12
titfuck
titi
titilayo
titititi
titleist
titleist1
titman
tito
titotito
tits
titten
titties1
titties2
titts
titty
tivogliobene
tkachenko
tkbpfdtnf
tkfkdgo0
tkfkdgo1
tkfkdgo7
tkgsoo083bsr
tl281188t
tmjxn151
tmnet123
tmobile1
tmvlzj12
tnk0mk16vx
toad
toast
toast123
toaster
toaster1
tobeornottobe
tobias
tobias12
tobias123
tobiloba
toblerone
toby
toby1234
tobydog
tobydog1
tobytoby
tochukwu
today
today1
today123
todd
toejam
toenail1
toes
toffee
together
together1
together2
toietmoi
toilatoi
toilet
toiyeuem
tokiohotel
tokyo
toledo
tolentino
tolkien
tolkien1
tolstyh.oxana
tolulope
tom12345
tomahawk
tomahawk1
tomandjerry
tomas
tomas123
tomasito
tomaszek
tomato
tomatoes
tomboy07
tombrady
tombrady12
tombraider
tombstone
tombstone1
tomcat
tomcat14
tomcruise
tomdelonge
tomek123
tomfelton
tomislav
tomjerry
tomjones
tomkaulitz
tomlinson
tommie
tommy
tommy1
tommy123
tommy1234
tommyboy
tommyboy1
tommygirl
tommygirl1
tommygun
tommylee
tomodachi
tomorrow
tomorrow1
tomtom
tomtom11
tomtom12
tomtom123
tomtomtom
tomwaits
tomwelling
tong
tongtong
tongue
toni
tonight
tonight1
tonitoni
tonkpils
tonton
tony
tony1234
tonyhawk
tonyhawk1
tonymontana
tonyromo9
tonytony
toocool
toocool1
toocute1
toodles1
toohot
toohot4u
tool
toolbox
toolbox1
toolman
toolman1
tools
tooltime
toomuch
toomuch1
toon
toonarmy
toonarmy1
toons
toontown
toontown1
toosexy1
tooshort
tooshort1
toosweet
tooth
toothbrush
toothfairy
toothpaste
toothpick
toothpick1
tootie
tootsie
tootsie1
tootsie2
toottoot
topaz
topaz.null
topbutton
topcat
topdevice
topdog
topgear1
topgun
tophat
topher
topmodel
topmodel1
topnotch
topnotch1
topogigio
topography
topolina
topolino
topper
topsecret
topsecret1
topspin
toratora
torchwood
torchwood1
torgsotra
toriamos
toriamos1
torino
tormenta
tornado
tornado1
toronto
toronto1
torpedo
torpedo1
torrance
torrente
torrents
torres
torres09
torres10
torres12
torres123
tortilla
tortoise
tortuga1
torture
toshiba
toshiba1
toshiba123
toshiba2
tosser
total
total12scherz
totally1
totalwar
totenkopf
toto
toto1234
totoro
tototo
totototo
totoybato
tottenha
tottenham
tottenham1
tottigol
touch
touchdown
touchdown1
touching
toughguy
toujours
toulouse
toulouse1
toulouse31
tournesol
toutoune
tower
towers
town
townsend
townsend1
towtruck
toxicity
toymachine
toyota
toyota01
toyota11
toyota12
toyota123
toyota99
toyotamr2
toyplanet
toystory
toystory2
tpklmq9668
tpxerxjmp
trabajo1
trabalho
trabzon61
trabzonspor
trace
tracer
tracey
tracie
track
track123
tracker
tracker1
tracks
trackstar
trackstar1
tracteur
tractor
tractor1
tractors
tracy
tracy1
tracy123
tracy71
trademark
trader
trafalgar
traffic
traffic1
trafford
trailblazer
trailer
trailer1
trailers
train
train123
trainer
trainer1
training
training1
trains
tralala1
tramonto
tramp
trample
trampoline
trance
trandafir
tranmere
tranny
tranquil
trans
transalp
transam
transam1
transcend
transexual
transfer
transform
transform1
transforme
transformer
transformers
transit
transit1
transport
transport1
transporter
trapdoor39
trapdoor43
trapdoor60
trapper
trapper1
trapstar
trapstar1
trase1990
trash
trashcan
trashcan1
trauma
travel
travel123
travel88
traveler
traveler1
traveller
travelmate
travelmoleoptin
travelpack1
traviesa
traviesa1
travieso
travieso1
travis
travis01
travis07
travis08
travis09
travis1
travis10
travis11
travis12
travis123
travis13
travis14
travis15
travis16
travis199
travis21
travis22
travis23
travis69
travolta
traxdata
traxxas1
treacle1
treasure
treasure1
treble
treble99
trebor
trecool1
tree
tree1234
treefrog
treefrog1
treehouse
treehouse1
treehugger
trees
trees123
treetop
treetop1
treetops
treetree
treguier
trek
trent
trent123
trenton
trenton1
trevor
trevor01
trevor10
trevor11
trevor12
trevor123
trevor13
trewq
trey
treysongz
treysongz1
treytrey
trezeguet
trfnthbyf
tri5a3
trial
triangle
triangle1
triathlon
tribal
tribble
tribe
tribunal
tricia
trick
trickster
trickster1
tricky
tricolor
trident
trident1
triforce
triforce1
trigger
trigger1
trigger2
trikers21
trinacria
trindade
trinidad
trinidad1
trinitro
trinitron
trinitron1
trinity
trinity01
trinity05
trinity06
trinity07
trinity08
trinity1
trinity11
trinity12
trinity123
trinity2
trinity3
trinity4
trinity5
trinity6
trinity7
trinity8
trip
triple
tripleh
tripleh1
triplet3
triplets
triplets3
triplex
tripod
tripper
tripper1
trish
trisha
triskelion
tristan
tristan01
tristan1
tristan12
tristan123
tristan2
tristan3
tristan7
tristen1
tristian
tristin1
triston1
tristram
triton
triumph
triumph1
trivia
trivium1
trixie
trixie01
trixie12
trixie123
trofimishe
trogdor1
troika93
trojan
trojans
trojans1
troll
troll123
trollface
trombone
trombone1
trompeta
trompete
trompette
tronwell
trooper
trooper1
trooper2
troopers
trophy
tropical
tropical1
tropicana
tropicana1
trotter
trotter1
trouble
trouble!
trouble1
trouble12
trouble123
trouble13
trouble2
trouble3
trouble69
trouble7
troubled1
troubles
troubles1
trouducul
trousers
trout
trout1
troy
troyboy1
trs8f7
truck
truck1
truck123
truckdriver
trucker
trucker1
trucking
trucking1
trucks
true
trueblood
trueblue
trueblue1
truelove
truelove!
truelove08
truelove1
truelove12
truelove13
truelove2
truelove3
truelove7
truffle1
truffles
truffles1
trujillo
trujillo1
truman
trumpet
trumpet1
trumpet2
trunks
truskawka
trust
trust123
trustgod
trustgod1
trusting
trustingod
trustme
trustme1
trustme2
trustme_k
trustn01
trustno1
trustno2
trustnoone
truth
tryagain
tryagain1
trythis1
tsunami
tsunami1
tt123456
tt1234567
ttd955audg
tttt
ttttt
tttttt
ttttttt
tttttttt
tttttttttt
tuan
tucker
tucker01
tucker10
tucker11
tucker12
tucker123
tucker13
tucker22
tucson
tuermchen
tuesday
tuesday1
tuesday2
tugboat
tugboat1
tujheirf
tulane
tulip
tulipano
tulips
tumadre1
tumbleweed
tuna
tunafish
tunafish1
tunde123
tunde12345
tundra
tundra_cool2
tunnel
tupac
tupac123
tupacshakur
tuppence
tuputamadre
turandot
turbo
turbo1
turbo123
turbos
turion64
turk182
turkey
turkey12
turkey123
turkey50
turkish1
turner
turnip
turntable
turntable1
turquoise
turtle
turtle01
turtle1
turtle10
turtle11
turtle12
turtle123
turtle13
turtle14
turtle21
turtle22
turtle23
turtle69
turtles
turtles1
turtles2
turtoise
tuscl
tusymo
tutifruti
tuxedo
tvinktvink
tw1l1ght
twat
tweeling
tweetie1
tweety
tweety01
tweety06
tweety07
tweety08
tweety09
tweety10
tweety101
tweety11
tweety12
tweety123
tweety13
tweety14
tweety15
tweety16
tweety17
tweety18
tweety19
tweety20
tweety21
tweety22
tweety23
tweety24
tweety25
tweety69
tweetybird
tweetypie
twelve
twelve12
twenty
twenty20
twentyfour
twentyone
twentysix
twentytwo
twiggy
twilight
twilight!
twilight.
twilight01
twilight08
twilight09
twilight1
twilight10
twilight11
twilight12
twilight123
twilight13
twilight14
twilight15
twilight16
twilight17
twilight2
twilight21
twilight22
twilight23
twilight3
twilight4
twilight5
twilight6
twilight7
twilight8
twilight9
twin
twinboys
twingirls
twinkie
twinkie1
twinkie2
twinkies
twinkle
twinkle1
twinkle15
twinkle2
twinkles
twinkletoes
twins
twins123
twinturbo
twist
twisted
twisted1
twisted2
twister
twister1
twister2
twiztid1
twoboys2
twogirls
twojastara
twokids2
tx9z6ht5eo
ty123456
ty2t1hv3oc
tycoon
tygferrfddss
tygrysek
tyler
tyler1
tyler101
tyler123
tyler1234
tyler12345
tyler2000
tyler2006
tyler2008
tylerjames
typetogether
typewriter
typhoon
typhoon1
tyrael04
tyrant
tyrone
tyrone12
tyrone123
tyrone79
tyshawn1
tyson
tyson1
tyson123
tyumchenko_ok
tyvugq
tzir25l5kn
tzpvaw
u.hohlov
u0hgtkt617
u1v7hhh7ef
u6e6r9hwix
u6kz2lppto
u83xu3u83
ubvyfpbz
ue8fpw
uekmyfhf
ufhhbgjnnth
ufhvjybz
ufkfrnbrf
ugaug55jdb
ugejvp
uglybitch1
ugochukwu
uhbujhbq
uhbujhmtdf
uhfaabnb
uhfybn8888
uifkjhf522
uis9zdgysn
ujkjdjkjvrf
uk7860loans
ukflbfnjh
ukflbfnjh12
ukflbfnjh12345
ukflbjkec
ukraine1
ulrich
ulrike
ultima
ultimate
ultimate1
ultimatum
ultra
ultraman
ultraviolet
ulysse31
ulysses
umbrella
umbrella1
umit1406
ummagumma
umpire
un4given
unbelievable
unbreakable
uncencored
uncle
unclesam
undefined
under
under0ath
undercover
underdog
underdog1
undergroun
underground
underoath
underoath1
underoath7
underpants
underscore
understand
undertak
undertaker
undertaker1
undertow
underwater
underwear
underwear1
underwood
underwood1
underworld
unfaithful
unforgiven
unhappy1
unicorn
unicorn1
unicorn12
unicorn123
unicorn2
unicorn7
unicornio
unicorns
unicorns1
unilever
union
unique
unique123
united
united01
united10
united11
united12
united123
united99
unitedkingdom
unitedstates
univers2l
universa
universal
universal1
universe
universe1
universidad
universita
universitario
university
universo
universum
unknown
unknown1
unleashed
unleashed1
unlimited
unlimited1
unloved1
unlucky1
unlucky13
unodostres
unreal
untitled
untouchable
uphill45
upnfmc
uptown
upyachka
upyours
upyours1
upyours2
uqa9ebw445
uranus
urdg5psk5
urlacher54
urmom123
urmomma1
ursitesux
ursula
uruguay1
us7860loans
usa123
usa12345
usarmy
usasf1234
useless1
user
user1234
username
username1
useruser
usharani
usher123
usher8701
usman123
usmarine
usmarines
usmc
usmc0311
usmc1775
usnavy
ussy
usuck123
utahjazz
uthvfybz
utjuhfabz
utjvtnhbz
utn05wwy
utopia
utyyflbq
uuuu
uuuuu
uuuuuu
uuuuuuu
uuuuuuuu
uvgx8f8232
uwrl7c
uyqlvip773
uyxnyd
uzbekistan
uzbjnei451
uzumaki1
uzumaki2
uzumakinaruto
v1234567
v12345678
v123456789
v1ctoria
v3uriah1
v3xafy4k3y
vacaciones
vacances
vacation
vacation1
vader
vader1
vader123
vadim123
vadyusha.isaev.83
vaemai31
vaffanculo
vagabond
vagina
vagina12
vagina123
vagina69
vainilla
vaishali
vaishnavi
vakantie
val353nxhc
valdemar
valdepen
valdez
valdivia
valencia
valencia1
valentin
valentin1
valentina
valentina.victoria
valentina1
valentina2
valentine
valentine1
valentine2
valentines
valentinka
valentino
valentino1
valentino46
valentinorossi
valenzuela
valeria
valeria1
valeria12
valeria123
valeria2
valerian
valerie
valerie1
valerie12
valerie123
valerie2
valeriya
valhalla
valhalla1
valiant
valiente
valkenhayn
valkiria
valkyrie
valladolid
vallarta
vallejo1
vallejo707
valley
valleyforge
valleywa
valparaiso
valverde
valya-city
valya-garanina
valya-lera1
valya-sidenko
valya-valya-1982
valya.2057
valya.gorodn
valya.ivko
valya.klimenko.87
valya.korobeynik
valya.kryuchkova.1990
valya.lantux.83
valya.shapoval
vamp
vampire
vampire!
vampire1
vampire11
vampire12
vampire123
vampire13
vampire2
vampire3
vampire6
vampire666
vampire69
vampire7
vampires
vampires1
vampiro1
vanbasten
vancouve
vancouver
vancouver1
vandamme
vandread
vanechka
vanessa
vanessa!
vanessa.
vanessa01
vanessa06
vanessa1
vanessa10
vanessa11
vanessa12
vanessa123
vanessa13
vanessa14
vanessa141175
vanessa15
vanessa16
vanessa17
vanessa18
vanessa2
vanessa21
vanessa22
vanessa23
vanessa3
vanessa4
vanessa5
vanessa6
vanessa7
vanessa8
vanessa9
vangelis
vangogh1
vanguard
vanguard1
vanhalen
vanhalen1
vanhelsing
vanilla
vanilla1
vanilla12
vanilla123
vanilla2
vanille1
vannessa
vanpersie
vanquish
vanshika
vantage
varadero
varanasi
varduhigohar
varfeevich
varfolomeeva0990
varfolomey_72
varghese
varich-masha
varida.alibaeva
varitek33
varshini
varsity1
vasantha
vasanthi
vascodagama
vascorossi
vaseline
vaseline1
vashenko.u.u
vasilenko
vasileva
vasilica
vasilina
vasilisa
vasquez1
vatoloco
vatoloco1
vatoloco13
vatoslocos
vaughan1
vaughn
vauxhall
vauxhall1
vaz21093
vaz21099
vazquez1
vbhjckfdf
vbhjyjdf
vbitymrf
vbkkbjyth
vbnm
vc123456
vcradq
vdlxuc
vector
vectra
vedder
vedro.ru
vef6g55frz
vegas
vegas123
vegas702
vegemite
vegeta
vegeta11
vegeta12
vegeta123
vegetable
vegitta
vegitto
vehpbkrf
vehvfycr
velasquez
velazquez
velocity
velocity1
velosiped
velvet
vencedor
vendetta
vendetta1
vendredi
vendredi13
venezuela
venezuela1
venganza
vengeance
vengeance1
venice
venividivici
venkatesh
venom
venom123
venom666
venta021
ventilador
ventura
ventura1
venture
venture1
venugopal
venus
venus123
veracruz
veracruz1
veralipatnikova
veravera
verbatim
verbatim1
verena
vergessen
vergessen1
vergeten
veri1234
veritas
veritas1
verizon
verizon1
verizon123
verizon2
vermelho
vermilion
vermillion
vermont
vermont1
vernon
verochka
verona
veronica
veronica1
veronica10
veronica12
veronica13
veronica2
veronica3
veronica7
veronika
veronika1
veronique
versace
versace1
versailles
versatile
version1
vertical
vertigo
vertigo1
verto00q
verygood
verynice
vesproongh12
veterinaria
vette
vette1
vfdhif
vfhbfyyf
vfhbjk1801
vfhbyf123
vfhbyjxrf
vfhecmrf
vfhnsirf
vfhufhbnf
vfhufhbnrf
vfhvtkfl
vfhvtkflrf
vfiekmrf
vfifvfif
vfitymrf
vfkmdbyf
vfktymrbq
vfktymrfz
vflfufcrfh
vfnbkmlf
vfnhtirf
vfntvfnbrf
vfpfafrf
vfrcbv123
vfrcbvec
vfrcbvjdf
vfrcbvrf
vfrfhjdf
vfrfhjys
vfvekbxrf
vfvekmrf
vfvektxrf
vfvfbgfgf
vfvfgfgf
vfvfgfgfz
vfvfvfvf
vfvfvskfhfve
vfvihss591
vfylfhby
vfylfhbyrf
vfyxtcnth
vgirl
vgizetdinov
vh5150
vhbth55jec
viagra
vibrate
vicecity
vicecity1
vicelord5
vicente1
vicious1
vicki
vickie
vicky
vicky123
victoire
victor
victor01
victor1
victor10
victor11
victor12
victor123
victor13
victor14
victor15
victor16
victor21
victor22
victor23
victor69
victor_evdokimov
victor_sakhalin1990-20
victorclavier
victorfrunz
victorhugo
victori1967
victoria
victoria!
victoria-berkat-energo
victoria-dyatlova
victoria.
victoria.20000
victoria.kl106
victoria01
victoria07
victoria08
victoria1
victoria10
victoria11
victoria12
victoria123
victoria13
victoria14
victoria14.09
victoria15
victoria19
victoria2
victoria20
victoria21
victoria22
victoria23
victoria3
victoria392eliezrie1992frp
victoria4
victoria5
victoria6
victoria7
victoria8
victoria9
victoria989
victoria_002
victoria_91
victoria_shkurco
victoriandr01
victorious
victoriy70
victory
victory1
victory123
victory2
victory7
vicusa.tatyana
vidaloca
vidaloka
vidanova
vidanueva
video
video1
video123
videoes
videogame
videogame1
videogames
vides
vienna
viernes13
vietnam
vietnam1
view
viewer
viewsoni
viewsonic
viewsonic1
vigilante
vihlaeva2012
vihotsieva94
vihrova1974
vijay123
vijaykumar
vik22535477
vika-selfish
vika.krivonos.1995
vika1994
vika1995
vika1996
vika1997
vika1998
vika2010
vikas123
vikavika
viking
viking11
viking12
viking123
vikings
vikings1
vikings11
vikings12
vikings2
vikings28
viktoria
viktoria1
viktorija
viktoriy
viktoriya
villa
villa123
village
village1
villalobos
villamor
villanova
villanueva
villareal
villarreal
ville666
villegas
villeneuve
villevalo
villevalo1
vinay123
vinayaka
vince
vince123
vincent
vincent01
vincent1
vincent11
vincent12
vincent123
vincent13
vincent2
vincent3
vincent5
vincent7
vincenza
vincenzo
vincenzo1
vindiesel
vineyard
vinicius
vinnie
vinny123
vinograd
vintage
vintage1
violator
violence
violet
violet12
violet123
violeta1
violetta
violette
violin
vip_trading
viper
viper1
viper123
vipergts
vipers
viphv5j736
virago
virendra
virgil
virgilio
virgilio12
virgin
virginia
virginia1
virginia12
virginia2
virginie
virgo123
viridiana
viridiana1
virtual
virtual1
virtue1234
virus
virus123
visa
vishakha
vishal123
vishenka
vision
vision123
visited
visitor
visual
vitalina
vitamin1
vitamina
vitamine
vitaminka88
vitolino10
vitor123
vitor1268123
vitoria1
vittoria
vittorio
vivalabam
vivalabam1
vivalafica
vivalafiga
vivalavida
vivamexico
vivek123
vivian
vivian123
viviana1
vivid
vivienne
vivitron
vixen
vjflkig522
vjhjpjdf
vjhrjdrf
vjqgfhjkm
vjs9zdgyrn
vjzctvmz
vjzgjxnf
vk_vk_777
vkaxcs
vkontakte
vkontakte.ru
vkontkate
vkoomare88
vkorotin
vkoryano
vkot_2010
vkoval87
vkovshut_annab1988fg
vkpxrnoda
vkravchenko
vkrbashyan
vkryshkin
vks1zz9v_7ceu69
vkundeyai
vkuradovetc
vlad1234
vlad12345
vlad1994
vlad1995
vlad1996
vlad1997
vlad1998
vlad1999
vlad2000
vlada1206
vladcherktecktonik
vladimir
vladimir1
vladimirovna
vladislav
vladislava
vladivostok
vladvlad
vm.shlykov
vodafone
vodafone1
vodka
vodka123
voetbal1
voitures
vojykgi959
volcano
volcano1
volcom
volcom11
volcom12
volcom123
volcom13
volcom14
volcom21
volcom22
volcom23
volcom69
voldemar
voldemort
voldemort1
volfram.kozlov123633
volfram.kozlov173902
volga11955
volgirevagv
volgograd
volgograd.orlovka
volhina-73
volhsara56
voliahim1891
volik-yulia
volimte1
voljanka1976
volkodav
volkorez
volkova.67
volkova.elena.13
volkova.ksyusha.89
volkovanata77
volkovaolguna
volkovoi_net
volkslt35
volkswag
volkswagen
volkswagon
volley
volley11
volley12
volleyba
volleybal1
volleyball
volleyball1
vollyball1
volodina.elena66
volodya-ivanov-63
volohovich-t
volokitina.olga
voloshink
vols
voltage1
voltaire
voltron1
volume
volunteer
volunteer1
volvo
volvo123
volvo240
volvo740
volvo850
volvofh12
volvos40
volvos60
volvos80
volvov40
volvov70
volvoxc90
vondutch
voodoo
voodoo1
voodoo13
vorlon
voroshilova.liliya
vortex
vote4pedro
vova1997
vova1998
vovavova
vovochka
voyager
voyager1
voyeur
vqsablpzla
vqz6qyo294
vrbgqns997
vrushali
vsegda
vsevolod
vsjasnel12
vthctltc
vtkmybrjdf
vtuf36jhufpv
vtufgjkbc
vuc7neyu0
vulcan
vulva
vvv666vvv
vvvv
vvvvv
vvvvvv
vvvvvvv
vvvvvvvv
vvvvvvvvvv
vwpassat
vyacheslav
vyjujnjxbt
w00t88
w00tw00t
w0rdpass
w12101957
w1234567
w12345678
w123456789
w123456789w
w1aubvoq
w1ll1ams
w1w2w3w4
w2e3r4t5
w3wjnhek
w45bj9upkz
w4g8at
w5tn36alfw
w5txn36alfw
w66yrybgra
w8agc47kla
w9998999
wachtwoord
wachtwoord1
wacker
wade
waffenss
waffle
waffles1
waffles2
wage
wagner
waheguru
waheguru1
waheguruji
wahoo
waiting
waiting1
waiting4u
wakaflocka
wakawaka
wakeboard
wakeboard1
wakefield
wal-mart
walalang
waldemar
waldiw82
waldo
waldo1
walgreens1
walhalla
walik007
walker
walker01
walker11
walker12
walker123
walking
walking1
walkitout1
walkman1
wallace
wallace1
wallace2
wallace3
wallet
walleye
walleye1
wallflower
wallpaper
wallpaper1
wallstreet
wally
wally1
wally123
walmart
walmart1
walmart2
walnut
walrus
waltdisney
walter
walter01
walter11
walter12
walter123
walter34
walters
walters1
walton
wanda
wanda123
wanderer
wanderers
wanderlust
wang
wang123456
wangjian
wangjing
wangwang
wangyang
wangyut2
wanker
wanker123
wankers1
wanking
wannabe
wannabe1
wannadupe
wanshuai198202
wanted
wanted123
wapapapa
waqas123
waqw3p
warcraft
warcraft1
warcraft12
warcraft123
warcraft2
warcraft3
warcraft4
ward
wareagle
wareagle1
warehouse
warehouse1
warez
warfreak
wargames
warhamme
warhammer
warhammer1
warhammer4
warhammer40k
warlock
warlock1
warlord
warlord1
warlords
warner
warning
warning1
warranty
warren
warren123
warrington
warrior
warrior1
warrior11
warrior12
warrior123
warrior13
warrior2
warrior3
warrior5
warrior7
warriors
warriors1
warriors12
warriors2
wars
warszawa
warszawa1
warthog
warthog1
warwick1
wasabi
wasd1234
wasdwasd
washburn
washburn1
washingt
washington
washington1
wassa12345
wasser
wasser123
wassermann
wassup
wasted
watanabe
watch
watchdog
watcher
watching
watchout
watchtower
water
water1
water123
water1234
waterart
waterboy
waterboy1
waterfal
waterfall
waterfall1
waterfalls
waterford
watergate
waterh20
waterh2o
waterlily
waterloo
waterloo1
waterman
waterman1
watermelon
watermelon1
waterpolo
waterpolo1
waters
waterski
waterwater
watever1
watford
watford1
watitdo1
watkins1
watson
watson831
wave
wavpzt
way2cool
wayer
wayne
wayne1
wayne123
waynerooney
wcdd93h9pq
wdtnjxtr
wealth
wealthy1
weapon
weare138
weareone
wearing
weasel
weather
weather1
weaver
webber
webcam
webcode1
webhompass
webkinz1
webkinz12
webkinz123
webmaste
webmaster
webmaster1
webmaster123
website
website1
webster
webster1
webster7
wedding
wedding07
wedding08
wedding09
wedding1
wedding65
weddings
wednesda
wednesday
wednesday1
weed
weed1234
weed420
weed4life
weedhead
weedhead1
weedman1
weedman420
weedweed
weedweed1
weekend
weekend1
weenie
weewee
weezer
weezy123
weezybaby1
weezyfbaby
weg63tt243
weiner
weird
welcome
welcome!
welcome0
welcome01
welcome1
welcome10
welcome11
welcome12
welcome123
welcome1234
welcome12345
welcome2
welcome22
welcome3
welcome4
welcome5
welcome6
welcome7
welcome8
welcome9
welcome99
welder
welding1
welkom01
welkom123
wellcome
wellcome1
welldone
weller
wellingt
wellington
wellness
wendell
wendell1
wendy
wendy1
wendy123
wenef45313
weng
wentworth
wentworth1
wenyin12
wer11111
wer123456
werder
werderbremen
werdna
werewere
werewolf
werewolf1
werilopert
werner
weronika
weronika1
weronika1992
wert
wert1234
werthvfy
wertwert
werty123
werty12345
wertyuio
wertyuiop
werwerwer
wesley
wesley01
wesley12
wesley123
west
west1234
westbrom
westbrom1
westbrook
westbrook1
westcoast
westcoast1
westend1
western
western1
westfield
westfield1
westgate
westham
westham1
westham123
westlake
westlife
westlife1
westminster
weston
westpoint
westport
westside
westside!
westside1
westside10
westside11
westside12
westside13
westside14
westside18
westside2
westside21
westside23
westside3
westside4
westside5
westside6
westside69
westside7
westwest
westwind
westwood
westwood1
wethebest
wethebest1
wethepeople
wetpussy
wetpussy1
wetpussy69
wetter
wetwilly
wewewewe
weyersheim
weymouth
wg8e3wjf
whale
whales
what
what1234
what3v3r
whateva1
whatever
whatever!
whatever.
whatever0
whatever01
whatever08
whatever09
whatever1
whatever10
whatever11
whatever12
whatever123
whatever13
whatever14
whatever2
whatever21
whatever22
whatever23
whatever3
whatever4
whatever5
whatever6
whatever69
whatever7
whatever8
whatever9
whatisit
whatislove
whatisthis
whatitdo
whatitdo1
whatnow1
whatsup
whatsup1
whatsup123
whatsup2
whatthe
whatthe1
whatthefuc
whatthefuck
whatthehel
whatthehell
whatthezor
whatup
whatwhat
whatwhat1
whdbtp
wheel
wheelchair
wheeler
wheeler1
wheeling
wheels
whiplash
whiskers
whiskers1
whiskey
whiskey1
whisky
whisper
whisper1
whistler
whistler1
white
white1
white123
whiteangel
whiteboy
whiteboy1
whitecat
whitedog
whitefang
whitegirl
whitegirl1
whitehead
whitehorse
whitehouse
whiteman
whiteout
whitepower
whiterabbit
whiterose
whites
whitesnake
whitesox
whitesox05
whitesox1
whitetail
whitetail1
whitetiger
whitewater
whitewolf
whitewolf1
whitey
whitley1
whitney
whitney1
whitney12
whitney2
whitney7
whittier
whkzyc
whoareyou
whoareyou1
whocares
whocares1
whoknows
whoknows1
wholefoo
wholesale
whoopwhoop
whopper1
whore
whore123
whorebag1
whosyourdaddy
whyme123
whynot
whysoserious
wibble
wibsh56kec
wiccan
wicked
wicked12
wicked123
wicked13
wicked69
widescreen
widget
widzew1910
wife
wifes
wifey
wiggle
wiggles1
wiktoria
wiktoria1
wilbert1
wilbur
wild
wildbill
wildcard
wildcat
wildcat1
wildcat2
wildcat7
wildcats
wildcats!
wildcats1
wildcats10
wildcats11
wildcats12
wildcats14
wildcats2
wildcats3
wildcats7
wildchild
wildchild1
wilder
wilderness
wildfire
wildfire1
wildflower
wildhorses
wildlife
wildlife1
wildman
wildman1
wildone
wildone1
wildones
wildrose
wildstar
wildthing
wildthing1
wildwest
wildwood
wildwood1
wilfred1
wilfredo
wilfredo1
wilfried
wilhelm
wilhelmina
wilkinson
wilkinson1
will
will1234
willard
willard1
willem
willi
william
william!
william.
william0
william01
william02
william03
william05
william06
william07
william08
william09
william1
william10
william11
william12
william123
william13
william14
william15
william16
william17
william18
william19
william2
william20
william21
william22
william23
william24
william25
william2631
william3
william4
william5
william6
william69
william7
william77
william8
william88
william9
william99
williams
williams1
williams11
williams12
williams2
williams3
williamson
willie
willie01
willie1
willie11
willie12
willie123
willie22
willis
willow
willow01
willow11
willow12
willow123
willow13
willpower
willsmith
willsmith1
willwill
willy
willy1
willy123
willywonka
wilma
wilmington
wilson
wilson01
wilson1
wilson10
wilson11
wilson12
wilson123
wilson13
wilson21
wilson22
wilson23
wimbledon
winchester
wind
windmill
windmill1
window
window12
window123
windows
windows1
windows12
windows123
windows2
windows2000
windows7
windows8
windows95
windows98
windowsvista
windowsxp
windowsxp1
windsong
windsor
windsor1
windstar
windsurf
wine
winfield
winfixer
wing
wingchun
winger
wingman
wingman1
wingnut
wingnut1
wings
wingwing
wingzero
wingzero1
winifred
winner
winner01
winner1
winner11
winner12
winner123
winners
winners1
winnie
winnie01
winnie11
winnie12
winnie123
winniepooh
winniethep
winniethepooh
winnipeg
winnipeg2612
winona
winslow1
winston
winston01
winston1
winston12
winston123
winston2
winston3
winston7
winter
winter00
winter01
winter02
winter04
winter05
winter06
winter07
winter08
winter09
winter1
winter10
winter11
winter12
winter123
winter13
winter2008
winter2009
winter2010
winter2011
winter21
winter22
winter23
winter77
winter98
winter99
winters1
winthrop
winwinwin
winxclub
wireless
wireless1
wisconsin
wisconsin1
wisdom
wisdom12
wisdom123
wiseguy
wiseman1
wishbone
wishbone1
wishmaster
wisteria
witch
witchcraft
withlove
withoutu
witspass1234
wives
wizard
wizard01
wizard1
wizard101
wizard12
wizard123
wizard13
wizards
wizards1
wizkhalifa
wizzard
wkgmkjh623
wkgmmjh623
wladimir
wmtmufc1
wo123456
woailaopo
woaimama
woaini123
woaini1314
woaini520
woaini521
woainima
woaiwojia
woaiwoziji
wobble
wobuzhidao
wocao5201314
wocaonima
wodemima
woe45byzry
wojiushiwo
wolf
wolf1234
wolf359
wolfen
wolfenstein
wolfgang
wolfgang1
wolfie
wolfman
wolfman1
wolfpac
wolfpack
wolfpack1
wolfteam
wolfwolf
wolverin
wolverine
wolverine1
wolverine2
wolverine3
wolverine7
wolverines
wolves
wolves11
wolves12
wolves123
wolvie
womam
woman
womanizer
womans
wombat
womble
women
wonder
wonder123
wonderboy
wonderboy1
wonderfu
wonderful
wonderful1
wonderful2
wonderfull
wondergirl
wonderland
wonderman2
wonderwall
wonderwoma
wonderwoman
wood
woodbine
woodbury
woodchuck
woodduck
wooden
woodie
woodland
woodland1
woodlands
woodlawn
woodman
woodman1
woodpecker
woodrow
woodrow1
woods
woodside
woodside1
woodstoc
woodstock
woodstock1
woodward
woodward1
woodwind
woodwork
woody
woody1
woody123
woof
woofer
woofwoof
woofwoof1
woohoo
wookie
woopwoop
wootwoot
wootwoot1
woowoo
worcester
word
wordlife
wordlife1
wordpass
wordpass1
wordpass12
wordpass2
wordup
worinima
work
work1234
worker
workhard
working
working1
workout
workout1
workshop
worksucks
workwork
world
world123
worldcup
worldofwarcraft
worldpeace
worlds
worldwar
worldwar2
worldwide
worldwide1
worm
wormwood
worship
worship1
worthy
woshishei
woshishei319
woshishen
woshishui
woshiyazi
woshizhu
wow12345
wowwow
wp2003wp
wpcakir264
wqer1314
wraith
wrangler
wrangler1
wrasloco11
wrench
wrestle
wrestle1
wrestlemania
wrestler
wrestler1
wrestlin
wrestling
wrestling1
wrestling2
wrestling3
wrestling7
wright
wrigley1
wrinkle1
wrinkle5
wrinkles
wrinkles1
writer
written
ws123456
wsadwsad
wsbe279qsg
wsky0o0o0o
wsx123456
wsydcig761
wtcacq
wtpmjgda
wu4etd
wubin007
wulandari
wumeiyun123
wunderbar
wutang
wutang36
wutangclan
wvj5np
ww111111
ww123456
ww651118
wwe12345
wwe4life
www.ivan-18
www12345
www123456
wwwaaabbb
wwwamador91
wwwksenechkawww
wwwooo1234
wwww
wwwww
wwwwww
wwwwwww
wwwwwww1
wwwwwwww
wwwwwwwww
wwwwwwwwww
wxcvbn
wxcvbn123
wy1000000
wyatt
wyatt123
wybe4591
wyoming
wyoming1
wyvern
wz362308
wzf2sme498
wzq8xcfxqm
wzr8ycfxrm
x1234567
x123456789
x123456x
x15piq8snj
x1x2x3x4
x24ik3
x35v8l
x3luym2mmj
x4ivyga51f
x60zay0468
x72jhhu3za
x7bktntlez
x7vs8mxg
x870624x
x8axspumez
x8coqx1f1zh
x99qomx561
xalitova1988
xanadu
xander
xantria10315
xavier
xavier01
xavier04
xavier05
xavier06
xavier07
xavier08
xavier09
xavier10
xavier11
xavier12
xavier123
xavier13
xavier14
xavier21
xavier22
xavier23
xblhintb9w
xbox3600
xboxlive
xboxlive1
xcountry
xdf65b6666
xdl65b6666
xdqwerty
xenogears
xenosaga1234
xerxes
xexeylhf
xfactor1
xfiles
xfk3bxezqj
xfx3ayfjrk
xgx39zgisl
xh246aigun
xh247ahgum
xh248zhhtm
xhh787qpcd
xi345bifvn
xi345bjfvp
xian
xiang
xiang123456
xiao
xiaofeng
xiaolong
xiaoqiang
xiaoxiao
xige5516726
xing
xingxing
xiomara1
xiong
xirt2k
xj453cxdxq
xjcri66kfd
xjznq5
xk45xdxcyr
xk55xdxcyr
xkhnmki633
xlf65b6666
xlsl9963
xm55xexbzs
xman
xmas
xmen
xngwoj
xpeygeh934
xpr4bf29ux
xpressmusic
xqgann
xrated
xray
xred4654
xsplit123
xsw21qaz
xsw23edc
xsw2zaq1
xt97794xt
xthtgfirf
xtkjdtrgfer
xtreme
xtseo2011tdx
xuan
xuanxuan
xup6xup6
xx123456
xxkk01234
xxx123
xxx12345
xxx123xxx
xxxx
xxxx1234
xxxxx
xxxxx1
xxxxxx
xxxxxx1
xxxxxxx
xxxxxxx1
xxxxxxxx
xxxxxxxxx
xxxxxxxxxx
xxxxxxxxxxxx
xyj44pe3gv
xyq7xcewqk
xytfu7
xyxy159753
xyz123
xyz12345
xyzzy
xzsawq21
y123456789
y3p32ftrqj
y6p67ftrqj
y6p68ftrqj
ya623349
ya_nochka86
yaalimadad
yackwin
yagjecc816
yagjecc826
yahnox75
yahoo
yahoo.com
yahoo.com1
yahoo1
yahoo100
yahoo123
yahoo1234
yahoo12345
yahoocom
yahoomail
yahoomail1
yahooo
yahooyahoo
yamaha
yamaha01
yamaha1
yamaha11
yamaha12
yamaha123
yamaha125
yamaha13
yamaha135
yamaha22
yamaha250
yamaha450
yamaha46
yamaha69
yamaha85
yamahar1
yamahar6
yamakasi
yamamoto
yamato
yamazaki
yana.kolomoets
yanaluch
yanayana
yanchikchmoki
yandex.ru
yandi20080527
yang
yangyang
yankee
yankee1
yankee11
yankee12
yankee123
yankee13
yankee23
yankees
yankees!
yankees01
yankees02
yankees07
yankees08
yankees09
yankees1
yankees10
yankees11
yankees12
yankees123
yankees13
yankees15
yankees2
yankees21
yankees22
yankees23
yankees24
yankees25
yankees26
yankees27
yankees3
yankees4
yankees5
yankees7
yankees8
yankees9
yanks
yannick1
yanochka
yansubina
yaoiisgrand
yaorqw12334
yaq12wsx
yaroslav
yasmeen1
yasmin
yasmin12
yasmin123
yasmine1
yaya
ybnkoia569
ybrbnbyf
ybrjkftd
ybrjkftdbx
ybrjkftdf
ybrjkftdyf
yc6abqsfjo
ycei62p395
ye123456
yeah
yeahbaby
yeahbaby1
yeahboy1
yeahright
yeahright1
yeahyeah
yeahyeah1
year2000
year2005
year2007
year2008
year2009
year2010
year3000
yearbook
yegbpltw2012lol
yellow
yellow00
yellow01
yellow02
yellow07
yellow08
yellow09
yellow1
yellow10
yellow11
yellow12
yellow123
yellow1234
yellow13
yellow14
yellow15
yellow16
yellow17
yellow18
yellow19
yellow20
yellow21
yellow22
yellow23
yellow24
yellow25
yellow27
yellow33
yellow44
yellow45
yellow55
yellow66
yellow69
yellow77
yellow88
yellow99
yellowbird
yellowcard
yellowdog
yellowrose
yellowstone
yemi19900911
yes90125
yesenia1
yess
yessenia
yessir
yesterda
yesterday
yesterday1
yeswecan
yesyes
yesyesyes
yeuemnhieu
yfcn.irf
yfcnfcmz
yfcntymrf
yfcntyrf
yfcnz123
yfcnzyfcnz
yfdbufnjh
yfdbufnjh10305070
yfdbufnjh63
yfdctulf
yfgjktjy
yfltymrf
yfnfitymrf
yggdrasil
yggdrasil4
yh3hnr4869
yhwnqc
ying
yingyang
yingyang1
yingying
yinyang
yinyang1
yitbos
yjdbrjdf
yjdsqgfhjkm
yjdsqujl
yjwfn73j
ykdpj67mgd
ykvpoia569
ylik1911
yluy1981
ymhpnmj733
yniqnmk733
ynot
yo123456
yoda
yodayoda
yogi
yogibear
yogibear1
yogyakarta
yokohama
yolanda
yolanda1
yomama
yomama12
yomama123
yomamma1
yomomma!
yomomma1
yomomma2
yondaime
yong
yonkers1
yorkshire
yorkshire1
yorktown
yosemite
yosemite1
yoshi
yoshi123
youaifa569
youandme
youandme1
youandme2
youaregay1
youaremine
youbye123
youbye1231
youknow
youknow1
youknowit
youkofa569
youloveme
young
young1
young123
youngblood
youngbuck
youngbuck1
younglove1
youngluwe
youngman
youngmoney
your
yourface
yourface1
yourgay!
yourgay1
yourgay2
yourlove
yourmama
yourmama1
yourmom
yourmom!
yourmom.
yourmom1
yourmom11
yourmom12
yourmom123
yourmom13
yourmom2
yourmom22
yourmom3
yourmom4
yourmom5
yourmom6
yourmom69
yourmom7
yourmom8
yourmomma
yourmomma1
yourmother
yourmum1
yourname
yourname1
yourock1
yourself
yourspace1
yousmell
yousuck
yousuck!
yousuck.
yousuck1
yousuck12
yousuck123
yousuck2
yousuck3
yousuck69
youtube1
youtube12
youtube123
youtube2
youwish1
youyouyou
yoville1
yoyo
yoyo1234
yoyoma
yoyoyo
yoyoyo12
yoyoyo123
yoyoyoyo
yoyoyoyo1
yozgat66
ypfu2vl856
yqlgr667
ytgfhjkm
ytngfhjkz
ytrewq
ytrewq123
ytrewq321
ytrhjvfyn
ytyfdb:e
ytyfdb;e
ytyfdbcnm
yu-gi-oh
yu5l97wk8q
yuan
yuantuo2012
yuanyuan
yugioh12
yugioh123
yukiyuki
yulia-dubrovina
yulia_yulia_13
yulianaz85
yuliasha87
yulyasik2002
yummy
yummy123
yumyum
yungmoney1
yunusemre
yushinazena2009
yusuf123
yv3bcdaq
yvette
yvonne
yvonne12
yvonne123
yvonne90
yvtte545
ywvxpz
yx12345678
yxcvbnm1
yxcvbnm123
yxp7wbewpk
yy.tt.67
yy123456
yy5rbfsc
yygjmy1984
yygjmy333
yyxthh8j9k
yyyy
yyyyy
yyyyy1
yyyyyy
yyyyyy1
yyyyyyy
yyyyyyyy
yyyyyyyyyy
yyz59gtp100
yzerman
yzerman19
z0102030405
z1122334455
z1234567
z12345678
z123456789
z123456z
z19721226
z1x1c1v1
z1x2c3v4
z1x2c3v4b5
z1x2c3v4b5n6
z1x2c3v4b5n6m7
z1z1z1z1
z1z2z3z4
z1z2z3z4z5
z28camaro
z7777777
z7895123
zabelina12391
zabelinaalena
zabihullin99
zabirov2
zabloczkaya2012
zabludshaya
zabolotneva_ira
zabolotniy.a
zabolotnov1968
zabolotnova31337
zabor.hut2
zaborov_t
zaborskiy80
zabotin_sasha
zacarias
zacatecas
zacatecas1
zacefron
zacefron1
zacefron12
zacefron14
zach
zach1234
zachariah
zachary
zachary!
zachary01
zachary1
zachary10
zachary11
zachary12
zachary123
zachary13
zachary2
zachary3
zachary4
zachary5
zachary6
zachary7
zachary8
zachary9
zachery1
zachodnio
zack
zack1234
zackary1
zackery1
zag12wsx
zaharova
zakopane
zamorano
zander
zanessa1
zang
zangetsu
zanzibar
zanzibar1
zapata
zapatero
zaphod
zappa
zapper
zaq!2wsx
zaq11qaz
zaq123
zaq12345
zaq123456
zaq123edc
zaq123wsx
zaq12wsx
zaq12wsxcde3
zaq1xsw2
zaq1xsw2cde3
zaq1zaq1
zaqwerty
zaqwsx
zaqwsx12
zaqwsx123
zaqwsxcde
zaqwsxcderfv
zaqxsw
zaqxsw12
zaqxsw123
zaqxswcde
zaqxswcde123
zaqxswcdevfr
zaqzaqzaq
zaragoza
zaratustra
zarazara
zardoz
zarina_loves
zarina_sabirova
zarina_zhasan
zarinaismailova
zarinalin87
zarinka1111
zarinochka_b
zarygalina
zasranec
zaxarov-1976
zaxscdvf
zaxscdvfbg
zaynmalik
zazazaza
zbychlas
zcfvfzkexifz
zcfvfzrhfcbdfz
zcxfcnkbdf
zebra
zebra1
zebra123
zebras
zeke
zelda
zelda123
zeng
zenit-talnah
zenith
zephyr
zeppelin
zeppelin1
zepplin1
zero
zero0000
zero1234
zerocool
zerocool1
zerozero
zesh1412
zeus
zezina80
zgmfx10a
zgmfx20a
zh8o9ly3gi
zhai
zhan
zhang
zhang123
zhanghao
zhangjian
zhangjie
zhanglei
zhangqiang
zhangwei
zhangyan
zhao
zhd741220
zhei
zhen
zheng
zhenyu2012
zhimakaimen
zhjckfdf
zhong
zhongguo
zhou
zhou1980
zhua
zhuai
zhuan
zhuang
zhui
zhun
zhuo
zidane
zidane10
zigazaga
ziggy
ziggy1
ziggy123
zigzag
zildjian
zildjian1
zimbabwe
zimbabwe1
zimmer
zimmer483
zimmerman
zimmerman1
zimmermann33
zinedine
ziomek123
zipper
zippo
zippy
zippy1
zippy123
zk.,k.nt,z
zkmxbrbcbkf
zlenk77nge
zlzfrh
zmf1704c
zmx870919123
zniqpnk733
znirpnl744
znt,zk.,k.
zodiac
zoey1234
zoidberg
zolotarev08
zolushka
zombie
zombie12
zombie123
zombie13
zombie666
zombie69
zombies1
zone
zong
zonnebloem
zoolander
zoolander1
zoom
zoom1234
zoomer
zoomzoom
zoomzoom1
zooropa
zoosk.com
zoosk123
zoosk2010
zooyork1
zorro
zorro1
zorro123
zouzou
zpaqrt2963
zrjdktdf
zrszd9p238
zse45rdx
zse4xdr5
zsmj2v
zsxdcfvg
ztmfcq
zuan
zucchero
zuewamarija
zulu
zurich
zv_!80lo
zw5a1u5evw
zw6syj
zwilling
zwjbvhy184
zwn6vbdvpj
zx123456
zx12cv34
zxasqw12
zxasqw123
zxc123
zxc123123
zxc12345
zxc123456
zxc123456789
zxc123zxc
zxc841219
zxcasd123
zxcasdqwe
zxcasdqwe1
zxcasdqwe123
zxcdsaqwe
zxcqwe123
zxcv
zxcv0987
zxcv1234
zxcv12345
zxcv123456
zxcv4321
zxcvasdf
zxcvb
zxcvb123
zxcvb1234
zxcvb12345
zxcvbasdfg
zxcvbbvcxz
zxcvbn
zxcvbn12
zxcvbn123
zxcvbn123456
zxcvbn2m
zxcvbnm
zxcvbnm,
zxcvbnm,.
zxcvbnm,./
zxcvbnm.
zxcvbnm0
zxcvbnm1
zxcvbnm11
zxcvbnm12
zxcvbnm123
zxcvbnm1234
zxcvbnm12345
zxcvbnm123456
zxcvbnm1234567
zxcvbnm123456789
zxcvbnm2
zxcvbnm3
zxcvbnm5
zxcvbnm7
zxcvbnm8
zxcvbnm9
zxcvbnm:
zxcvbnma
zxcvbnmasd
zxcvbnmasdfghjkl
zxcvbnmm
zxcvbnmmnbvcxz
zxcvbnmzxcvbnm
zxcvfdsa
zxcvvcxz
zxcvzxcv
zxczxc
zxczxc123
zxczxczxc
zxzxzx
zxzxzxzx
zy19791201
zz123456
zz8807zpl
zzaaqq11
zzs000000
zzxxccvv
zzzxxx
zzzxxxccc
zzzz
zzzz1111
zzzzxxxx
zzzzz
zzzzz1
zzzzzz
zzzzzz1
zzzzzzz
zzzzzzz1
zzzzzzzz
zzzzzzzzz
zzzzzzzzzx
zzzzzzzzzz
александр
анастасия
вероника
виктория
вконтакте
екатерина
йфяцычувс
йцукенгшщз
йцукенгшщзхъ
красотка
кристина
люблютебя
максимка
ненавижу
приветик
р»сћр±рѕрісњ
рѕр°с‚р°с€р°
рїр°сђрѕр»сњ
рїсђрёрірµс‚
рјр°рєсѓрёрј
рјр°сђрёрѕр°
р№с†сѓрєрµрѕ
сашенька
светлана
солнышко
ялюблютебя
ятебялюблю
